24818|24818|START NEW PORTFOLIO
19031|19031|START NEW PORTFOLIO
22563|22563|START NEW PORTFOLIO
18883|18883|START NEW PORTFOLIO
25026|25026|START NEW PORTFOLIO
24817|24817|START NEW PORTFOLIO
28688|28688|START NEW PORTFOLIO
24925|24925|START NEW PORTFOLIO
23605|23605|START NEW PORTFOLIO
23607|23607|START NEW PORTFOLIO
28690|28690|START NEW PORTFOLIO
28689|28689|START NEW PORTFOLIO
23604|23604|START NEW PORTFOLIO
24924|24924|START NEW PORTFOLIO
18880|18880|START NEW PORTFOLIO
23608|23608|START NEW PORTFOLIO
17116|17116|START NEW PORTFOLIO
24816|24816|START NEW PORTFOLIO
22348|22348|START NEW PORTFOLIO
17098|17098|START NEW PORTFOLIO
19052|19052|START NEW PORTFOLIO
24815|24815|START NEW PORTFOLIO
18885|18885|START NEW PORTFOLIO
18961|18961|START NEW PORTFOLIO
16335|16335|START NEW PORTFOLIO
17110|17110|START NEW PORTFOLIO
23603|23603|START NEW PORTFOLIO
17118|17118|START NEW PORTFOLIO
24814|24814|START NEW PORTFOLIO
23611|23611|START NEW PORTFOLIO
21898|21898|START NEW PORTFOLIO
18881|18881|START NEW PORTFOLIO
22710|22710|START NEW PORTFOLIO
17099|17099|START NEW PORTFOLIO
22561|22561|START NEW PORTFOLIO
25027|25027|START NEW PORTFOLIO
22403|22403|START NEW PORTFOLIO