12224|RELATIONSHIP DIRECTOR - GSY COMM|MIKE PAINES|Corporate|N
27510|RELATIONSHIP DIRECTOR - GSY COMM|MIKE PAINES|Corporate|N
28947|ASSOC RELATIONSHIP DIRECTOR - GSY FUNDS|JEAN-PAUL PETERS|Corporate|N
10703|GIBRALTAR REF|GIBRALTAR REF|Corporate|N
11677|ASST RELATIONSHIP DIRECTOR - IOM BUS|KELLY FAGG|Business Banking|N
11677|BUSINESS MANAGER - IOM|DARYL CALLISTER|Business Banking|I
11677|BUSINESS MANAGER - IOM|DARYL CALLISTER|ATR|\N
14222|RELATIONSHIP DIRECTOR - IOM INST|STUART WATSON|Institutional|N
17084|RELATIONSHIP DIRECTOR - JSY INT|BETHANY COOK|Institutional|N
16257|RELATIONSHIP DIRECTOR - JSY COMM|GRAEME HEBENTON|Corporate|N
20053|IPB RELATIONSHIP MANAGER JSY|STEPHEN WILSON|IPB RMD|N
28042|IPB HUNTER IOM|DEBORAH GALLAGHER|IPB RMD|N
12566|RELATIONSHIP DIRECTOR - JSY COMM|PAUL JONES|Corporate|N
32407|SENIOR RELATIONSHIP DIRECTOR - GSY REF|SIMON CHANDLER|Corporate|N
18926|RETAIL PREMIUM RELATIONSHIP MANAGER JSY|AMY SULLIVAN|RETAIL PREMIUM|N
16274|RELATIONSHIP DIRECTOR - IOM COMM|CHRIS MITCHELL|Corporate|N
16264|ASST RELATIONSHIP DIRECTOR - JSY BUS|ANDY SALTER|Business Banking|N
27252|RETAIL PREMIUM RELATIONSHIP MANAGER GSY|YVONNE HEARNE|RETAIL PREMIUM|N
14268|SENIOR RELATIONSHIP DIRECTOR - IOM INT|JEREMY MEGGITT|Corporate|N
17110|RBSI CORE MARKET IOM|POSITION VACANT|Retail Mass Market|N
10885|IOM INTERMEDIARIES|IOM INTERMEDIARIES|Corporate|N
22466|RETAIL PREMIUM RELATIONSHIP MANAGER IOM|CHRISTINE GELLING|RETAIL PREMIUM|N
27264|GIB CLUBS & SOCIETIES - GIB BUS|GIB CLUBS AND SOCIETIES|Business Banking|I
27264|GIB CLUBS & SOCIETIES - GIB BUS|GIB CLUBS AND SOCIETIES|ATR|\N
14165|ASSOC RELATIONSHIP DIRECTOR - GSY FUNDS|JEAN-PAUL PETERS|Corporate|N
27124|IPB RELATIONSHIP MANAGER JSY|EMMA-JAYNE PYBUS|IPB RMD|N
18392|ISLU RELATIONSHIP MANAGER NWB IOM|GRAHAM HINDLE|IPB RMD|N
10041|PREM REL MGR GIBRALTAR 4|JORDAN PRIESTLEY|RETAIL PREMIUM|N
11121|RELATIONSHIP DIRECTOR - JERSEY PE REF|ALISON MCNICHOLAS|Corporate|N
23389|IPB RELATIONSHIP MANAGER JSY|DAI ANDREW|IPB RMD|N
26835|RELATIONSHIP DIRECTOR - JSY REF|BRYAN SIMPSON|Corporate|N
10803|GUERNSEY INTERMEDIARIES|GUERNSEY INTERMEDIARIES|Corporate|N
11122|RELATIONSHIP DIRECTOR - JSY INT|NEIL WINSTANLEY|Corporate|N
27062|CORPORATE MANAGER - GSY COMM|LORRAINE PHILPOTT|Corporate|N
17115|CORE MARKET OFFSHORE GUERNSEY|POSITION VACANT|Retail Mass Market|N
25344|RETAIL PREMIUM RELATIONSHIP MANAGER IOM|NICKI MCMULLIN|RETAIL PREMIUM|N
24815|OFFSHORE CORE MARKET|POSITION VACANT|Retail Mass Market|N
18237|GIB BUSINESS CONNECT - GIB BUS|GIB BUSINESS CONNECT|Business Banking|I
18237|GIB BUSINESS CONNECT - GIB BUS|GIB BUSINESS CONNECT|ATR|\N
10961|RBSI REVERSALS|RBSI REVERSALS|Corporate|N
27311|RELATIONSHIP DIRECTOR - IOM INT|JOHN CHRISTIAN|Corporate|N
16232|RELATIONSHIP DIRECTOR - GSY COMM|MIKE SMITH|Corporate|N
13009|RELATIONSHIP DIRECTOR - JSY INST|PAUL ROGAN|Institutional|N
16894|SENIOR RELATIONSHIP DIRECTOR - GSY REF|SIMON CHANDLER|Corporate|N
14088|ASSOC RELATIONSHIP DIRECTOR - GIB INT|ERIKA BAGI|Corporate|N
18902|RELATIONSHIP DIRECTOR - GSY COMM|MARK NOEL FLOGDELL|Corporate|N
13016|IOM BUSINESS CONNECT - IOM BUS|IOM BUSINESS CONNECT|Business Banking|I
13016|IOM BUSINESS CONNECT - IOM BUS|IOM BUSINESS CONNECT|ATR|\N
32414|GSY CLUBS & SOCIETIES - GSY BUS|GSY CLUBS AND SOCIETIES|Business Banking|I
32414|GSY CLUBS & SOCIETIES - GSY BUS|GSY CLUBS AND SOCIETIES|ATR|\N
11132|SENIOR RELATIONSHIP DIRECTOR - GSY INT|PETER FERNANDEZ|Institutional|N
28330|IPB RELATIONSHIP MANAGER JSY|JAMES ANDREW JENKINSON|IPB RMD|N
18407|ASST RELATIONSHIP DIRECTOR - GSY BUS|RUSSELL MAY|Business Banking|N
13019|RELATIONSHIP DIRECTOR - JERSEY PE REF|ALISON MCNICHOLAS|Corporate|N
29765|ASST RELATIONSHIP DIRECTOR - JSY BUS|MARK LE MOTTEE|Corporate|N
21978|RELATIONSHIP DIRECTOR - JSY REF|BRYAN SIMPSON|Corporate|N
17117|BUSINESS MANAGER - GSY|PAUL JOHN CONNOLLY|Business Banking|N
17117|BUSINESS MANAGER - JSY|JOHN CARROLL|Business Banking|I
17117|BUSINESS MANAGER - JSY|JOHN CARROLL|ATR|\N
22377|SENIOR RELATIONSHIP DIRECTOR - GSY REF|SIMON CHANDLER|Corporate|N
22716|RELATIONSHIP MANAGER CORP&COMM JSY 15|RICHARD HAGUE|Corporate|N
19343|IOM CLUBS & SOCIETIES - IOM BUS|IOM CLUBS AND SOCIETIES|Business Banking|I
19343|IOM CLUBS & SOCIETIES - IOM BUS|IOM CLUBS AND SOCIETIES|ATR|\N
24818|OFFSHORE CORE MARKET|POSITION VACANT|Retail Mass Market|N
30181|RELATIONSHIP DIRECTOR CORP GIB|MARK STEVENS|Corporate|N
28952|NON PERSONAL UNIT SDU|NON PERSONAL UNIT SDU|IPB RMD|N
17118|RBSI IOM STAFF ACCOUNTS|POSITION VACANT|Retail Mass Market|N
12381|RELATIONSHIP DIRECTOR - JSY COMM|PAUL BOYD|Corporate|N
19043|ASST RELATIONSHIP DIRECTOR - GIB BUS|NEVILLE DALMEDO|Business Banking|N
23394|IPB RELATIONSHIP MANAGER JSY|ANDREW SHARP|IPB RMD|N
14270|RETAIL PREMIUM RELATIONSHIP MANAGER IOM|GILLIAN BAYLEY|RETAIL PREMIUM|N
32413|GSY BUSINESS CONNECT - GSY BUS|GSY BUSINESS CONNECT|Business Banking|I
32413|GSY BUSINESS CONNECT - GSY BUS|GSY BUSINESS CONNECT|ATR|\N
27255|IPB RELATIONSHIP MANAGER JSY|STEVEN RUIZ|IPB RMD|N
17112|RELATIONSHIP DIRECTOR - JSY INST|TRACY ADAMS|Institutional|N
14146|ASSOC RELATIONSHIP DIRECTOR - GSY FUNDS|JEAN-PAUL PETERS|Corporate|N
11123|RELATIONSHIP DIRECTOR - JSY COMM|RUSSELL DUTCH|Corporate|N
29346|WEALTH OFFICE 2|GEORGE SAW|IPB RMD|N
27185|WEALTH OFFICE 1|MARCUS DEANE NOBES|IPB RMD|N
28689|OFFSHORE CORE MARKET|POSITION VACANT|Retail Mass Market|Y
25005|IPB HUNTER GUERNSEY|STEPHEN DAVID ELSE|IPB RMD|N
28948|NPU INACTIVES NO CHARGE|NPU INACTIVES NO CHARGE|IPB RMD|N
24934|RBSI STAFF GUERNSEY|POSITION VACANT|Retail Mass Market|N
10617|GIB BB CLUB SOC|SASKIA MARIE PORRO|Business Banking|N
26673|JSY BUSINESS CONNECT - JSY BUS|JSY BUSINESS CONNECT|Business Banking|I
26673|JSY BUSINESS CONNECT - JSY BUS|JSY BUSINESS CONNECT|ATR|\N
20076|ASSOC RELATIONSHIP DIRECTOR - GSY TEPS|LISA HAGGARTY|Corporate|N
20219|RELATIONSHIP DIRECTOR - GSY INT|ALAN JARDINE|Institutional|N
26674|RETAIL PREMIUM SENIOR RELATIONSHIP MANAGER GIB|CARLOS BRYDGES|RETAIL PREMIUM|N
32410|ASST RELATIONSHIP DIRECTOR - GSY BUS|RUSSELL MAY|Business Banking|N
32410|BUSINESS MANAGER - GSY|RUSSELL MAY|Business Banking|I
32410|BUSINESS MANAGER - GSY|RUSSELL MAY|ATR|\N
27357|RELATIONSHIP DIRECTOR - GSY COMM|MIKE SMITH|Corporate|N
18099|IPB RELATIONSHIP MANAGER JSY|NICOLA SMITH|IPB RMD|N
28331|IPB RELATIONSHIP MANAGER JSY|CRAIG RILEY|IPB RMD|N
24955|CORE MARKET LOCAL GUERNSEY|POSITION VACANT|Retail Mass Market|N
14275|RELATIONSHIP DIRECTOR - IOM INT|KEN MITCHELL|Corporate|N
24816|OFFSHORE CORE MARKET|POSITION VACANT|Retail Mass Market|N
10686|GIBRALTAR INTERMEDIARIES|GIBRALTAR INTERMEDIARIES|Corporate|N
14331|IOM BUSINESS CONNECT - IOM BUS|IOM BUSINESS CONNECT|Business Banking|I
14331|IOM BUSINESS CONNECT - IOM BUS|IOM BUSINESS CONNECT|ATR|\N
16310|IPB RELATIONSHIP MANAGER IOM|SAMANTHA CROPPER|IPB RMD|N
16299|RELATIONSHIP DIRECTOR - IOM COMM|ANDREW BAXENDALE|Corporate|N
22409|IPB RELATIONSHIP MANAGER JSY|CHANTELLE MAY GOUVEIA|IPB RMD|N
18420|RELATIONSHIP DIRECTOR - GIB COMM|JONATHAN RILEY|Corporate|N
18365|ASST RELATIONSHIP DIRECTOR - IOM BUS|SHAUN GRITTON|Business Banking|N
18365|BUSINESS MANAGER - IOM|SHAUN GRITTON|Business Banking|I
18365|BUSINESS MANAGER - IOM|SHAUN GRITTON|ATR|\N
16239|ASST RELATIONSHIP DIRECTOR - GSY BUS|RUSSELL MAY|Business Banking|N
18408|ASST RELATIONSHIP DIRECTOR - GSY BUS|JAMES INGROUILLE|Business Banking|N
21801|CORPORATE MANAGER - GSY COMM|LORRAINE PHILPOTT|Corporate|N
14278|SENIOR RELATIONSHIP DIRECTOR - IOM INT|JEREMY MEGGITT|Corporate|N
23604|CORE MARKET EUSD - NW IOMB OFFSHORE|I C M IPB CORE MARKET|IPB Mass Market|N
16238|RELATIONSHIP DIRECTOR - GSY COMM|GARY ONEILL|Corporate|N
24924|OFFSHORE CORE MARKET|POSITION VACANT|Retail Mass Market|N
28687|MANAGER DEBT RECOVERIES - IOM|JAN HOWARD|DRD|N
16214|RELATIONSHIP DIRECTOR - IOM COMM|CHRIS CORKILL|Corporate|N
19342|IOM CLUBS & SOCIETIES - IOM BUS|IOM CLUBS AND SOCIETIES|Business Banking|I
19342|IOM CLUBS & SOCIETIES - IOM BUS|IOM CLUBS AND SOCIETIES|ATR|\N
22408|IPB RELATIONSHIP MANAGER JSY|ANDY GREHAM|IPB RMD|N
32404|RELATIONSHIP DIRECTOR - JSY REF|JAMIE SOULSBY|Corporate|N
13637|IPB CHELMSFORD WELCOME TEAM|IPB CHELMSFORD WELCOME TEAM|IPB RMD|N
12569|ASST RELATIONSHIP DIRECTOR - JSY BUS|XAVIER THOMAS|Business Banking|N
12569|BUSINESS MANAGER - JSY|XAVIER THOMAS|Business Banking|I
12569|BUSINESS MANAGER - JSY|XAVIER THOMAS|ATR|\N
18886|RETAIL PREMIUM RELATIONSHIP MANAGER IOM|STEPHANIE SARA BEE|RETAIL PREMIUM|N
20093|ASST RELATIONSHIP DIRECTOR - IOM BUS|KELLY FAGG|Business Banking|N
26836|RELATIONSHIP DIRECTOR - JSY REF|BRYAN SIMPSON|Corporate|N
22348|EXPATS SUPPORT TEAM - IOM|POSITION VACANT|IPB Mass Market|N
32401|RELATIONSHIP DIRECTOR - JSY REF|MARK DAVID MILES|Corporate|N
10851|IOM CORPORATE|IOM CORPORATE|Corporate|N
10849|IOM BUSINESS BANKING|IOM BUSINESS BANKING|Business Banking|N
11223|RELATIONSHIP DIRECTOR - JSY COMM|PAUL BOYD|Corporate|N
17116|RBSI CORE MARKET B&D GUERNSEY|POSITION VACANT|Retail Mass Market|N
23611|EUSD CORE MARKET - RBSI IOM|I C M IPB CORE MARKET|IPB Mass Market|N
22388|IPB RELATIONSHIP MANAGER JSY|JOHN KIERSEY|IPB RMD|N
11130|ASSOC RELATIONSHIP DIRECTOR - GSY TEPS|LISA HAGGARTY|Corporate|N
28971|NPU ACTIVES NO CHARGE|NPU NOT FOR PROFIT X2027|IPB RMD|N
26981|RELATIONSHIP DIRECTOR - JSY COMM|PAUL JONES|Corporate|N
14280|IPB RELATIONSHIP MANAGER IOM|LISA WILLIAMS|IPB RMD|N
24817|OFFSHORE CORE MARKET|POSITION VACANT|Retail Mass Market|N
22403|IOMB UK INTERNATIONAL SUPPORT TEAM|IOMB UK INTL SUPPORT TEAM|IPB Mass Market|N
27653|RELATIONSHIP DIRECTOR - GSY COMM|MIKE PAINES|Corporate|N
12561|ASST RELATIONSHIP DIRECTOR - GIB BUS|NEVILLE DALMEDO|Business Banking|N
25027|CORE MARKET JERSEY 161028|POSITION VACANT|Retail Mass Market|N
28691|RETAIL RECOVERIES ADMINISTRATOR - IOM|JO MITCHELL|DRD|N
23869|RETAIL PREMIUM RELATIONSHIP MANAGER IOM|GILLIAN BAYLEY|RETAIL PREMIUM|N
27260|IPB RELATIONSHIP MANAGER JSY|STEVEN RUIZ|IPB RMD|N
27908|IPB RELATIONSHIP MANAGER JSY|SAMANTHA GOGUELIN|IPB RMD|N
12509|IPB RELATIONSHIP MANAGER JSY|MARCELLO MACAIONE|IPB RMD|N
32403|RELATIONSHIP DIRECTOR - JSY REF|BRYAN SIMPSON|Corporate|N
12354|ASSOC RELATIONSHIP DIRECTOR - GSY INT|LESLEY-ANNE MELLING|Institutional|N
20222|RELATIONSHIP DIRECTOR - IOM COMM|MARK HOLT|Corporate|N
11222|RELATIONSHIP DIRECTOR - GSY FUNDS|CRAIG MORRIS|Corporate|N
19309|RELATIONSHIP DIRECTOR - JSY REF|TIM SLATTER|Corporate|N
22603|RETAIL PREMIUM RELATIONSHIP MANAGER IOM|SHARON QUAYLE|RETAIL PREMIUM|N
31641|IPB RELATIONSHIP MANAGER JSY|THOMAS PEARCE|IPB RMD|N
27237|RETAIL PREMIUM SENIOR MANAGER GUERNSEY|OWEN FRANCIS LEE|RETAIL PREMIUM|N
32133|BUSINESS MANAGER|DAVID HOULDSWORTH|Business Banking|N
19031|IST GLOBAL EMP BANKING CORE MKT IPB - JERSEY|I G E B IST GLOBAL EMPLOYEE BA|IPB Mass Market|N
28688|OFFSHORE CORE MARKET|POSITION VACANT|IPB Mass Market|Y
15460|ASST RELATIONSHIP DIRECTOR - GIB BUS|GIOVANNA GOMEZ|Business Banking|N
28041|IPB RELATIONSHIP MANAGER JSY|GINA MORGAN|IPB RMD|N
22836|IPB RELATIONSHIP MANAGER JSY|GINA MORGAN|IPB RMD|N
12226|RELATIONSHIP DIRECTOR - GSY COMM|SCOTT PHILPOTT|Corporate|N
24925|OFFSHORE CORE MARKET|POSITION VACANT|Retail Mass Market|N
22179|RELATIONSHIP DIRECTOR - GIB INT|GARETH CROSS|Corporate|N
32405|RELATIONSHIP DIRECTOR - JSY REF|BRYAN SIMPSON|Corporate|N
13771|SENIOR RELATIONSHIP DIRECTOR - GSY REF|SIMON CHANDLER|Corporate|N
13053|SPANISH MORTGAGE MANAGER|GILLIANE CASCIARO|IPB RMD|N
10926|JERSEY CORPORATE|JERSEY CORPORATE|Corporate|N
32406|SENIOR RELATIONSHIP DIRECTOR - GSY REF|SIMON CHANDLER|Corporate|N
22201|JSY CLUBS & SOCIETIES - JSY BUS|JSY CLUBS AND SOCIETIES|Business Banking|I
22201|JSY CLUBS & SOCIETIES - JSY BUS|JSY CLUBS AND SOCIETIES|ATR|\N
17181|JSY BUSINESS CONNECT - JSY BUS|JSY BUSINESS CONNECT|Business Banking|I
17181|JSY BUSINESS CONNECT - JSY BUS|JSY BUSINESS CONNECT|ATR|\N
11681|ASST RELATIONSHIP DIRECTOR - IOM BUS|JUAN QUAYLE|Business Banking|N
11681|BUSINESS MANAGER - IOM|JUAN QUAYLE|Business Banking|I
11681|BUSINESS MANAGER - IOM|JUAN QUAYLE|ATR|\N
12512|IPB RELATIONSHIP MANAGER JSY|ANGELA MCKENNA|IPB RMD|N
18935|RELATIONSHIP DIRECTOR - GIB COMM|JONATHAN RILEY|Corporate|N
18769|IOM BUSINESS CONNECT - IOM BUS|IOM BUSINESS CONNECT|Business Banking|I
18769|IOM BUSINESS CONNECT - IOM BUS|IOM BUSINESS CONNECT|ATR|\N
11117|RELATIONSHIP DIRECTOR - JSY INT|HELEN GLEESON|Corporate|N
26265|IPB HUNTER JERSEY|TIMOTHY GUY WILLIAM MAJOR|IPB RMD|N
18930|IPB RELATIONSHIP MANAGER JSY|GINA MORGAN|IPB RMD|N
10850|UNKNOWN RD IOM|IOM UNKNOWN RD|Corporate|N
29767|ASST RELATIONSHIP DIRECTOR - JSY BUS|MARK LE MOTTEE|Corporate|N
10704|GUERNSEY BUSINESS BANKING|GUERNSEY BUSINESS BANKING|Business Banking|N
17193|ASST RELATIONSHIP DIRECTOR - JSY BUS|IAN MEEKS|Business Banking|N
17193|BUSINESS MANAGER - JSY|SIMON PARKER|Business Banking|I
17193|BUSINESS MANAGER - JSY|SIMON PARKER|ATR|\N
10964|UNKNOWN RD CORPORATE|CORPORATE UNKNOWN RD|Corporate|N
12227|RELATIONSHIP DIRECTOR - GSY FUNDS|CASSIE LE PAGE|Corporate|N
32408|RELATIONSHIP DIRECTOR - GSY COMM|GARY ONEILL|Corporate|N
16332|RELATIONSHIP DIRECTOR - JSY COMM|PAUL TAYLOR|Corporate|N
13025|RELATIONSHIP DIRECTOR - JERSEY PE REF|STUART ANDREW WINTER|Corporate|N
13432|RELATIONSHIP DIRECTOR - IOM INST|CHRIS THORPE|Institutional|N
32415|ASST RELATIONSHIP DIRECTOR - GSY BUS|JAMES INGROUILLE|Business Banking|N
32415|BUSINESS MANAGER - GSY|RAFAEL RODRIGUES RITO|Business Banking|I
32415|BUSINESS MANAGER - GSY|RAFAEL RODRIGUES RITO|ATR|\N
29124|RELATIONSHIP DIRECTOR CORP GIB|MARK STEVENS|Corporate|N
29780|RELATIONSHIP DIRECTOR - JSY REF|STUART PATON|Corporate|N
22508|GSY CLUBS & SOCIETIES - GSY BUS|GSY CLUBS AND SOCIETIES|Business Banking|I
22508|GSY CLUBS & SOCIETIES - GSY BUS|GSY CLUBS AND SOCIETIES|ATR|\N
24957|CORE MARKET JERSEY 161028|POSITION VACANT|Retail Mass Market|N
18349|SENIOR RELATIONSHIP DIRECTOR - GIB CORP|DAVID BRUCE|Corporate|N
18425|ASST RELATIONSHIP DIRECTOR - GIB BUS|GIOVANNA GOMEZ|Business Banking|N
18425|BUSINESS MANAGER - GIB|PAUL LUCAS|Business Banking|I
18425|BUSINESS MANAGER - GIB|PAUL LUCAS|ATR|\N
10846|GUERNSEY REF|GUERNSEY REF|Corporate|N
18754|RETAIL PREMIUM SENIOR RELATIONSHIP MANAGER IOM|GARY AUDSLEY|RETAIL PREMIUM|N
21702|RELATIONSHIP DIRECTOR - JSY COMM|RUSSELL DUTCH|Corporate|N
22710|RBSI STAGE 2/3 IOM|POSITION VACANT|Retail Mass Market|N
11125|RELATIONSHIP DIRECTOR - JSY INST|TRACY ADAMS|Institutional|N
11124|RELATIONSHIP DIRECTOR - JSY INST|PAUL ROGAN|Institutional|N
11131|RELATIONSHIP DIRECTOR - GSY FUNDS|CRAIG MORRIS|Institutional|N
18961|IPB CORE MARKET HIGH RISK|I C M POTENTIAL HIGH RISK|IPB Mass Market|N
30373|RELATIONSHIP DIRECTOR - IOM REF|BILL WELSH|Corporate|N
12203|RELATIONSHIP DIRECTOR - JSY REF|JAMIE SOULSBY|Corporate|N
13599|RELATIONSHIP DIRECTOR CORP GIB|MARK STEVENS|Corporate|N
10685|GIBRALTAR CORPORATE|GIBRALTAR CORPORATE|Corporate|N
18885|OFFSHORE CORE MARKET|POSITION VACANT|Retail Mass Market|N
14273|RELATIONSHIP DIRECTOR - IOM INT|SAM SKELTON|Corporate|N
17191|JSY BUSINESS CONNECT - JSY BUS|JSY BUSINESS CONNECT|Business Banking|I
17191|JSY BUSINESS CONNECT - JSY BUS|JSY BUSINESS CONNECT|ATR|\N
17099|RBSI STAFF GUERNSEY|POSITION VACANT|Retail Mass Market|N
11705|ASST RELATIONSHIP DIRECTOR - IOM BUS|SHAUN GRITTON|Business Banking|N
27239|IPB RELATIONSHIP MANAGER JSY|JANINE WATTS|IPB RMD|N
17098|CORE MARKET LOCAL GUERNSEY|POSITION VACANT|Retail Mass Market|N
25028|CORE MARKET JERSEY 161028|POSITION VACANT|Retail Mass Market|N
23393|IPB RELATIONSHIP MANAGER JSY|MATTHEW SWINBURNE|IPB RMD|N
20075|RELATIONSHIP DIRECTOR - GSY INT|JASON LE RAY|Institutional|N
26208|IPB RELATIONSHIP MANAGER JSY|TIMOTHY COWSILL|IPB RMD|N
12505|SENIOR RELATIONSHIP DIRECTOR - JSY INT|STUART HAMILTON|Institutional|N
16950|MANAGER DEBT RECOVERIES - IOM|JAN HOWARD|DRD|N
30800|FORMER MLRO POSITIONS|GINA MORGAN|MLRO|N
13018|RELATIONSHIP DIRECTOR - JSY INST|SEAN OCALLAGHAN|Institutional|N
23392|IPB RELATIONSHIP MANAGER JSY|GARETH SMALL|IPB RMD|N
12357|BUSINESS MANAGER - GSY|PAUL JOHN CONNOLLY|Business Banking|N
18929|ASST RELATIONSHIP DIRECTOR - JSY BUS|STACEY BAXTER|Business Banking|N
23462|SENIOR RELATIONSHIP DIRECTOR - GSY INT|PETER FERNANDEZ|Institutional|N
10684|GIBRALTAR BUSINESS BANKING|GIBRALTAR BUSINESS BANKING|Business Banking|N
22389|IPB RELATIONSHIP MANAGER JSY|FIONA GARFORTH|IPB RMD|N
22180|RELATIONSHIP DIRECTOR - GIB INT|GARETH CROSS|Corporate|N
22761|RELATIONSHIP DIRECTOR - IOM INT|SHARON PAGE|Corporate|N
14276|RELATIONSHIP DIRECTOR - IOM REF|BILL WELSH|Corporate|N
19035|IPB RELATIONSHIP MANAGER JSY|STEVEN RUIZ|IPB RMD|N
26932|RELATIONSHIP DIRECTOR - IOM INST|SHARON PAGE|Institutional|N
19052|OFFSHORE CORE MARKET|POSITION VACANT|Retail Mass Market|N
23076|DEBT RECOVERY - CB|JAN HOWARD|DRD|N
12571|ASST RELATIONSHIP DIRECTOR - JSY BUS|STACEY BAXTER|Business Banking|N
12571|BUSINESS MANAGER - JSY|ALAN ADAMS|Business Banking|I
12571|BUSINESS MANAGER - JSY|ALAN ADAMS|ATR|\N
24954|RELATIONSHIP DIRECTOR - IOM INT|TERRY CLARE|Corporate|N
18368|RETAIL PREMIUM RELATIONSHIP MANAGER IOM|JOANNA HALL|RETAIL PREMIUM|N
23608|CORE MARKET EUSD - RBSI GSY|I C M IPB CORE MARKET|IPB Mass Market|N
18584|ASST RELATIONSHIP DIRECTOR - GSY BUS|BENJAMIN JAMES|Business Banking|N
27809|SNR RELATIONSHIP DIRECTOR - IOM INST|STEVE ZYBERT|Institutional|N
14330|IOM BUSINESS CONNECT - IOM BUS|IOM BUSINESS CONNECT|Business Banking|I
14330|IOM BUSINESS CONNECT - IOM BUS|IOM BUSINESS CONNECT|ATR|\N
22182|RELATIONSHIP DIRECTOR - GIB INT|GARETH CROSS|Corporate|N
28685|RETAIL RECOVERIES ADMINISTRATOR - IOM|JO MITCHELL|DRD|N
12511|IPB RELATIONSHIP MANAGER JSY|MONICA VIEIRA|IPB RMD|N
11684|ASST RELATIONSHIP DIRECTOR - IOM BUS|LINDSAY LEECE|Business Banking|N
11684|BUSINESS MANAGER - IOM|LINDSAY LEECE|Business Banking|I
11684|BUSINESS MANAGER - IOM|LINDSAY LEECE|ATR|\N
18544|RELATIONSHIP DIRECTOR - JSY INST|PAUL ROGAN|Institutional|N
28871|JSY BUSINESS CONNECT - JSY BUS|JSY BUSINESS CONNECT|Business Banking|I
28871|JSY BUSINESS CONNECT - JSY BUS|JSY BUSINESS CONNECT|ATR|\N
29813|RELATIONSHIP DIRECTOR - JSY REF|STUART PATON|Corporate|N
18945|RETAIL PREMIUM RELATIONSHIP MANAGER GIB|HILARY BOLDY|RETAIL PREMIUM|N
22386|IPB RELATIONSHIP MANAGER JSY|SHARON BUCKFIELD|IPB RMD|N
28686|DEBT RECOVERY MANAGER IOM|JO MITCHELL|DRD|N
29345|WEALTH OFFICE 1|LEE WILSON|IPB RMD|N
12811|ASSOC RELATIONSHIP DIRECTOR - GSY FUNDS|JEAN-PAUL PETERS|Corporate|N
18883|OFFSHORE CORE MARKET|POSITION VACANT|Retail Mass Market|N
21510|RELATIONSHIP DIRECTOR - IOM INT|TERRY CLARE|Corporate|N
27236|IPB RELATIONSHIP MANAGER JSY|EMMA CLAIRE PHILLIPS|IPB RMD|N
12268|IPB RELATIONSHIP MANAGER JSY|NATALIE ALISON ARCHBOLD|IPB RMD|N
18422|RELATIONSHIP DIRECTOR - GIB INT|GARETH CROSS|Corporate|N
12567|ASST RELATIONSHIP DIRECTOR - JSY BUS|ANDY SALTER|Business Banking|N
14116|ASSOC RELATIONSHIP DIRECTOR - GIB INT|ERIKA BAGI|Corporate|N
23511|RELATIONSHIP DIRECTOR GEARED LENDING UNIT GSY 5|JOANNE WALKER|Corporate|N
18934|RETAIL PREMIUM RELATIONSHIP MANAGER GIB|EMMA PERERA MARTINEZ|RETAIL PREMIUM|N
12539|BUSINESS CORE MARKET|POSITION VACANT|Business Banking|N
23605|CORE MARKET EUSD - NW IOMB OFFSHORE|I C M IPB CORE MARKET|IPB Mass Market|N
28863|ASSOC RELATIONSHIP DIRECTOR - GSY TEPS|JEAN-PAUL PETERS|Corporate|N
14415|IOM CLUBS & SOCIETIES - IOM BUS|IOM CLUBS AND SOCIETIES|Business Banking|I
14415|IOM CLUBS & SOCIETIES - IOM BUS|IOM CLUBS AND SOCIETIES|ATR|\N
20054|IPB RELATIONSHIP MANAGER JSY|EMMA CLAIRE PHILLIPS|IPB RMD|N
25026|CORE MARKET JERSEY 161028|POSITION VACANT|Retail Mass Market|N
11119|RELATIONSHIP DIRECTOR - JERSEY PE REF|STUART ANDREW WINTER|Corporate|N
18383|IPB RELATIONSHIP MANAGER JSY|JANINE WATTS|IPB RMD|N
13767|RELATIONSHIP DIRECTOR - IOM REF|BILL WELSH|Corporate|N
20079|ASST RELATIONSHIP DIRECTOR - IOM BUS|LINDSAY LEECE|Business Banking|N
10711|GUERNSEY CORPORATE|GUERNSEY CORPORATE|Corporate|N
22226|RELATIONSHIP DIRECTOR - JSY REF|BRYAN SIMPSON|Corporate|N
18933|ASSOC RELATIONSHIP DIRECTOR - GIB INT|GARETH CROSS|Corporate|N
24844|RETAIL PREMIUM RELATIONSHIP MANAGER JSY|SIMON HERBERT|RETAIL PREMIUM|N
22841|ASST RELATIONSHIP DIRECTOR - GIB BUS|NEVILLE DALMEDO|Business Banking|N
16266|IPB RELATIONSHIP MANAGER IOM|SUSAN MICHELLE HARPER|IPB RMD|N
29242|RELATIONSHIP DIRECTOR - JSY REF|MARK DAVID MILES|Corporate|N
18880|OFFSHORE CORE MARKET|POSITION VACANT|Retail Mass Market|Y
22407|IPB RELATIONSHIP MANAGER JSY|BENJAMIN HARRIS|IPB RMD|N
26151|GIB BUSINESS CONNECT - GIB BUS|GIB BUSINESS CONNECT|Business Banking|I
26151|GIB BUSINESS CONNECT - GIB BUS|GIB BUSINESS CONNECT|ATR|\N
24933|RBSI JERSEY STAFF ACCOUNTS|POSITION VACANT|Retail Mass Market|N
10634|GIB CLUBS & SOCIETIES - GIB BUS|GIB CLUBS AND SOCIETIES|ATR|\N
19024|DEBT RECOVERY MANAGER IOM|JO MITCHELL|DRD|N
28334|IPB RELATIONSHIP MANAGER JSY|SAMANTHA GOGUELIN|IPB RMD|N
29777|JSY BUSINESS CONNECT - JSY BUS|JSY BUSINESS CONNECT|Business Banking|I
29777|JSY BUSINESS CONNECT - JSY BUS|JSY BUSINESS CONNECT|ATR|\N
20215|DIRECTOR - JSY PE REF|ALAN CAMPBELL|Corporate|N
10923|IOM REF|IOM REF|Corporate|N
21485|RETAIL PREMIUM RELATIONSHIP MANAGER GSY|TRACEY PETIT|RETAIL PREMIUM|N
12814|MLRO|ALISON COTTLE|IPB RMD|N
19050|GSY BUSINESS CONNECT - GSY BUS|GSY BUSINESS CONNECT|Business Banking|I
19050|GSY BUSINESS CONNECT - GSY BUS|GSY BUSINESS CONNECT|ATR|\N
30180|NPU INACTIVES CHARGE|NPU INACTIVES CHARGE|IPB RMD|N
12472|CORPORATE JERSEY SUSPENSE|CORPORATE JERSEY SUSPENSE|Corporate|N
18881|OFFSHORE CORE MARKET|POSITION VACANT|Retail Mass Market|N
29012|ISLU RELATIONSHIP MANAGER IOM|MELANIE YOUNG|IPB RMD|N
23206|IPB RELATIONSHIP MANAGER IOM|ANDY GREHAM|IPB RMD|N
16331|RELATIONSHIP DIRECTOR - JSY INT|HELEN GLEESON|Institutional|N
20086|ASST RELATIONSHIP DIRECTOR - IOM BUS|COLIN MOORE|Business Banking|N
24932|RBSI IOM STAFF ACCOUNTS|POSITION VACANT|Retail Mass Market|N
12843|JSY CLUBS & SOCIETIES - JSY BUS|JSY CLUBS AND SOCIETIES|Business Banking|I
12843|JSY CLUBS & SOCIETIES - JSY BUS|JSY CLUBS AND SOCIETIES|ATR|\N
12507|RETAIL PREMIUM RELATIONSHIP MANAGER JSY|SIMON PARKER|RETAIL PREMIUM|N
23435|SENIOR RELATIONSHIP DIRECTOR - GSY INT|PETER FERNANDEZ|Institutional|N
18928|BUSINESS CORE MARKET|POSITION VACANT|Business Banking|N
19033|IPB RELATIONSHIP MANAGER JSY|STEVEN FARNDEN|IPB RMD|N
10924|JERSEY BUSINESS BANKING|JERSEY BUSINESS BANKING|Business Banking|N
12559|BUSINESS MANAGER|DAVID HOULDSWORTH|Business Banking|N
12559|BUSINESS MANAGER - GIB|ROCIO GONZALEZ GARCIA|Business Banking|I
12559|BUSINESS MANAGER - GIB|ROCIO GONZALEZ GARCIA|ATR|\N
18396|RETAIL PREMIUM SENIOR RELATIONSHIP MANAGER JSY|STUART BUTLER|RETAIL PREMIUM|N
20082|ASST RELATIONSHIP DIRECTOR - IOM BUS|JUAN QUAYLE|Business Banking|N
10956|JERSEY INTERMEDIARIES|JERSEY INTERMEDIARIES|Corporate|N
31651|MLRO|RICHARD TAYLOR|IPB RMD|N
22387|IPB RELATIONSHIP MANAGER JSY|HELEN GLEESON|IPB RMD|N
10633|WEALTH OFFICE|TINA CARTER|IPB RMD|N
26889|BUSINESS DEVELOPMENT DIRECTOR - JSY BUS|JOHN CARROLL|Business Banking|N
25312|ISLU RELATIONSHIP MANAGER IOM|ALAN JONES|IPB RMD|N
10936|JERSEY FUNDS|JERSEY FUNDS|Corporate|N
30635|ISLU RELATIONSHIP MANAGER NWB IOM|RACHAEL BROWN|IPB RMD|N
28339|IPB RELATIONSHIP MANAGER IOM|CHRISTOPHER STEELE|IPB RMD|N
13775|RELATIONSHIP DIRECTOR - JSY REF|GORDON PATERSON|Corporate|N
12564|RELATIONSHIP DIRECTOR - JSY COMM|GRAEME HEBENTON|Corporate|N
28325|IPB RELATIONSHIP MANAGER JSY|KATHY SWEENEY|IPB RMD|N
25324|ISLU RELATIONSHIP MANAGER IOM|DARREN BARNES|IPB RMD|N
13022|RELATIONSHIP DIRECTOR - JSY INT|NEIL WINSTANLEY|Institutional|N
22764|RETAIL PREMIUM RELATIONSHIP MANAGER JSY|CLAUDE LECONTE|RETAIL PREMIUM|N
25316|ISLU RELATIONSHIP MANAGER IOM|BACKBOOK ISLU|IPB RMD|N
20057|ASST RELATIONSHIP DIRECTOR - JSY BUS|IAN MEEKS|Business Banking|N
28690|OFFSHORE CORE MARKET|POSITION VACANT|IPB Mass Market|Y
24814|OFFSHORE CORE MARKET|POSITION VACANT|Retail Mass Market|N
26823|ISLU RELATIONSHIP MANAGER IOM|CAROLINE LOMAS|IPB RMD|N
18742|SNR RELATIONSHIP DIRECTOR - IOM INST|STEVE ZYBERT|Institutional|N
10957|JERSEY REF|JERSEY REF|Corporate|N
23607|EUSD CORE MARKET - RBSI JERSEY|I C M IPB CORE MARKET|IPB Mass Market|N
32409|RELATIONSHIP DIRECTOR - GSY COMM|SCOTT PHILPOTT|Corporate|N
16335|CORE MARKET JERSEY 161028|POSITION VACANT|Retail Mass Market|N
13017|RELATIONSHIP DIRECTOR - JSY INST|TRACY ADAMS|Institutional|N
32412|ASST RELATIONSHIP DIRECTOR - GSY BUS|BENJAMIN JAMES|Business Banking|N
32412|BUSINESS MANAGER - GSY|BENJAMIN JAMES|Business Banking|I
32412|BUSINESS MANAGER - GSY|BENJAMIN JAMES|ATR|\N
18385|ASST RELATIONSHIP DIRECTOR - JSY BUS|XAVIER THOMAS|Business Banking|N
14373|ASST RELATIONSHIP DIRECTOR - IOM BUS|COLIN MOORE|Business Banking|N
14373|BUSINESS MANAGER - IOM|CHRIS THORPE|Business Banking|I
14373|BUSINESS MANAGER - IOM|CHRIS THORPE|ATR|\N
23603|IOMB INTERNATIONAL SUPPORT TEAM|I C M IPB CORE MARKET|IPB Mass Market|N
12584|RELATIONSHIP DIRECTOR - JSY INT|NEIL WINSTANLEY|Institutional|N
32402|RELATIONSHIP DIRECTOR - JSY REF|GORDON PATERSON|Corporate|N
29820|RELATIONSHIP DIRECTOR - IOM INST|STUART WATSON|Institutional|N
28493|RELATIONSHIP DIRECTOR - IOM REF|BILL WELSH|Corporate|N
22563|RBSI JERSEY STAFF ACCOUNTS|POSITION VACANT|Retail Mass Market|N
26933|RELATIONSHIP DIRECTOR - IOM INST|STUART WATSON|Institutional|N
11120|RELATIONSHIP DIRECTOR - JSY INST|SEAN OCALLAGHAN|Institutional|N
12577|RELATIONSHIP DIRECTOR - JSY INST|SEAN OCALLAGHAN|Institutional|N
22561|RBSI JERSEY CARE ACCOUNTS|POSITION VACANT|Retail Mass Market|N
23396|IPB RELATIONSHIP MANAGER IOM|DEAN CALLOW|IPB RMD|N
18771|IOM BUSINESS CONNECT - IOM BUS|IOM BUSINESS CONNECT|Business Banking|I
18771|IOM BUSINESS CONNECT - IOM BUS|IOM BUSINESS CONNECT|ATR|\N
25993|DEBT RECOVERY MANAGER GIBRALTAR|JO MITCHELL|DRD|N
32411|RELATIONSHIP DIRECTOR - GSY COMM|MARK NOEL FLOGDELL|Corporate|N