DLYFBTPROB|EM015|101.0|PERCENTAGE|2011-01-01|9999-12-31|RECORD FLAG T BUT REPLACE NOT ALLOWED|2013-08-08|130016
MTYRSTPROB|EM001|1.0E8|ABSOLUTE|2011-01-01|9999-12-31|CDE OWN ACCOUNT - NO DATA FROM EDW|2013-08-08|125959
MNYRCMRBCT|EM010|10000.0|ABSOLUTE|2017-10-20|9999-12-31|INVALID LEAD ID|2017-11-13|105022
DLYRCMCLMT|EM011|10000.0|ABSOLUTE|2017-10-20|9999-12-31|INVALID CUSTOMER ID|2017-11-13|105017
MNYRCMRBCT|EM012|10000.0|ABSOLUTE|2017-10-20|9999-12-31|INVALID LEAD CUSTOMER TYPE|2017-11-13|105022
DLYCUSTPER|EM044|100.0|PERCENTAGE|2011-01-01|9999-12-31|FILE NOT PROCESSED|2013-08-08|130015
DLYFBTPROB|EM018|101.0|PERCENTAGE|2011-01-01|9999-12-31|RECORD FLAG ? ALL FLD FLG F OR SPACES|2013-08-08|130015
MTYFBTPROB|EM013|100.0|PERCENTAGE|2011-01-01|9999-12-31|RECORD FLAG ? BUT NO LEGACY RECORD|2013-08-08|130002
MTYRSTPROB|EM002|1.0E8|ABSOLUTE|2011-01-01|9999-12-31|NO FEEDBACK RECORD FROM EDW|2013-08-08|130003
MTYFBTPROB|EM006|100.0|PERCENTAGE|2011-01-01|9999-12-31|CDE OWN ACCOUNT BUT RECORD LEVEL FLAG F|2013-08-08|125958
MTYFBTPROB|EM018|100.0|PERCENTAGE|2011-01-01|9999-12-31|RECORD FLAG ? ALL FLD FLG F OR SPACES|2013-08-08|130001
DLYRSTPROB|EM022|101.0|PERCENTAGE|2011-01-01|9999-12-31|FIELD VALIDATION FAILED|2013-08-08|130000
DLYPREPAL|EM024|50000.0|ABSOLUTE|2011-01-01|9999-12-31|RECORD FLAG F BUT NO LEGACY RECORD|2013-08-08|130000
DLYFBTPROB|EM008|101.0|PERCENTAGE|2011-01-01|9999-12-31|ERROR ACCOUNT NOT IN FULL RESULT FILE|2013-08-08|130002
DLYPREPAL|EM017|50000.0|ABSOLUTE|2011-01-01|9999-12-31|RECORD FLAG ? BUT UPDATE NOT ALLOWED|2013-08-08|130001
MTYRSTPROB|EM011|1.0E8|ABSOLUTE|2011-01-01|9999-12-31|RECORD FLAG F BUT NO LEGACY RECORD|2013-08-08|130002
DLYRSTPROB|EM006|101.0|PERCENTAGE|2011-01-01|9999-12-31|CDE OWN ACCOUNT BUT RECORD LEVEL FLAG F|2013-08-08|130001
MTYFBTPROB|EM014|100.0|PERCENTAGE|2011-01-01|9999-12-31|INVALID VALUE IN RECORD LEVEL FLAG|2013-08-08|125958
MTYFBTPROB|EM007|100.0|PERCENTAGE|2011-01-01|9999-12-31|CDE OWN ACCOUNT - NO EDW RSLT,FDBAK DATA|2013-08-08|125958
MTYFBTPROB|EM011|100.0|PERCENTAGE|2011-01-01|9999-12-31|RECORD FLAG F BUT NO LEGACY RECORD|2013-08-08|130014
MTYRSTPROB|EM015|1.0E8|ABSOLUTE|2011-01-01|9999-12-31|RECORD FLAG T BUT REPLACE NOT ALLOWED|2013-08-08|130016
DLYCUSTPER|EM038|100.0|PERCENTAGE|2011-01-01|9999-12-31|OLD VALUE NOT MATCHING WITH DB VALUE SP|2013-08-08|130001
MTYFBTPROB|EM002|100.0|PERCENTAGE|2011-01-01|9999-12-31|NO FEEDBACK RECORD FROM EDW|2013-08-08|130001
DLYCUSTPER|EM031|100.0|PERCENTAGE|2011-01-01|9999-12-31|DATA SUPPLIED - INVALID UPDATE IND   PO|2013-08-08|125959
DLYCUSTPER|EM043|100.0|PERCENTAGE|2011-01-01|9999-12-31|OLD VALUE NOT MATCHING WITH DB VALUE PO|2013-08-08|130000
DLYFBTPROB|EM007|101.0|PERCENTAGE|2011-01-01|9999-12-31|CDE OWN ACCOUNT - NO EDW RSLT,FDBAK DATA|2013-08-08|130003
DLYCUSTPER|EM034|100.0|PERCENTAGE|2011-01-01|9999-12-31|DATA SUPPLIED - INVALID UPDATE VALUE CR|2013-08-08|125957
DLYRSTPROB|EM013|101.0|PERCENTAGE|2011-01-01|9999-12-31|RECORD FLAG ? BUT NO LEGACY RECORD|2013-08-08|130001
MTYFBTPROB|EM025|100.0|PERCENTAGE|2011-01-01|9999-12-31|NOT CDE OWNED HAS LEGACY DATA RECORD F|2013-11-13|110406
DLYRSTPROB|EM005|101.0|PERCENTAGE|2011-01-01|9999-12-31|CDE OWN ACCOUNT BUT NO EDW RESULT DATA|2013-08-08|125959
DLYFBTPROB|EM022|101.0|PERCENTAGE|2011-01-01|9999-12-31|FIELD VALIDATION FAILED|2013-08-08|125959
DLYCUSTPER|EM032|100.0|PERCENTAGE|2011-01-01|9999-12-31|DATA SUPPLIED - INVALID UPDATE VALUE SP|2013-08-08|130001
DLYCUSTPER|EM033|100.0|PERCENTAGE|2011-01-01|9999-12-31|DATA SUPPLIED - INVALID UPDATE VALUE SH|2013-08-08|130000
MTYFBTPROB|EM003|100.0|PERCENTAGE|2011-01-01|9999-12-31|NO RESULT RECORD FROM EDW|2013-08-08|125958
DLYFBTPROB|EM010|101.0|PERCENTAGE|2011-01-01|9999-12-31|RECORD FLAG T BUT INSERT NOT ALLOWED|2013-08-08|130015
DLYPALSCR|EM022|50000.0|ABSOLUTE|2011-01-01|9999-12-31|FIELD VALIDATION FAILED|2013-08-08|130015
DLYRSTPROB|EM001|101.0|PERCENTAGE|2011-01-01|9999-12-31|CDE OWN ACCOUNT - NO DATA FROM EDW|2013-08-08|130001
DLYFBTPROB|EM012|101.0|PERCENTAGE|2011-01-01|9999-12-31|RECORD FLAG F BUT IGNORE NOT ALLOWED|2013-08-08|130003
DLYCUSTPER|EM028|100.0|PERCENTAGE|2011-01-01|9999-12-31|DATA SUPPLIED - INVALID UPDATE IND   CG|2013-08-08|125958
DLYCUSTPER|EM036|100.0|PERCENTAGE|2011-01-01|9999-12-31|DATA SUPPLIED - INVALID UPDATE VALUE SE|2013-08-08|130000
MNYRCMRBCT|EM015|10000.0|ABSOLUTE|2017-10-20|9999-12-31|NONE OF THE FIELD FLAGS IS TRUE|2017-11-13|105022
DLYPALSCR|EM018|50000.0|ABSOLUTE|2011-01-01|9999-12-31|RECORD FLAG ? ALL FLD FLG F OR SPACES|2013-08-08|130001
DLYRCMCLMT|EM012|10000.0|ABSOLUTE|2017-10-20|9999-12-31|INVALID ARRGMT ID|2017-11-13|105018
DLYRSTPROB|EM018|101.0|PERCENTAGE|2011-01-01|9999-12-31|RECORD FLAG ? ALL FLD FLG F OR SPACES|2013-08-08|130000
DLYFBTPROB|EM011|101.0|PERCENTAGE|2011-01-01|9999-12-31|RECORD FLAG F BUT NO LEGACY RECORD|2013-08-08|130001
DLYCUSTPER|EM047|100.0|PERCENTAGE|2011-01-01|9999-12-31|INVALID PORTFOLIO CODE|2014-01-13|131627
MTYFBTPROB|EM010|100.0|PERCENTAGE|2011-01-01|9999-12-31|RECORD FLAG T BUT INSERT NOT ALLOWED|2013-08-08|125958
DLYRSTPROB|EM017|101.0|PERCENTAGE|2011-01-01|9999-12-31|RECORD FLAG ? BUT UPDATE NOT ALLOWED|2013-08-08|130016
DLYRCMCLMT|EM013|10000.0|ABSOLUTE|2017-10-20|9999-12-31|INVALID LIMIT TYPE|2017-11-13|105018
MNYRCMCLMT|EM011|10000.0|ABSOLUTE|2017-10-20|9999-12-31|INVALID CUSTOMER ID|2017-11-13|105019
MNYRCMCLMT|EM017|10000.0|ABSOLUTE|2017-10-20|9999-12-31|RECORD FLAG F BUT NO LEGACY RECORD|2017-11-13|105021
MTYFBTPROB|EM005|100.0|PERCENTAGE|2011-01-01|9999-12-31|CDE OWN ACCOUNT BUT NO EDW RESULT DATA|2013-08-08|125959
DLYRSTPROB|EM004|101.0|PERCENTAGE|2011-01-01|9999-12-31|CDE OWN ACCOUNT BUT NO EDW FEEDBACK DATA|2013-08-08|130002
DLYRSTPROB|EM002|101.0|PERCENTAGE|2011-01-01|9999-12-31|NO FEEDBACK RECORD FROM EDW|2013-08-08|130002
DLYPREPAL|EM022|50000.0|ABSOLUTE|2011-01-01|9999-12-31|FIELD VALIDATION FAILED|2013-08-08|125959
MTYRSTPROB|EM010|1.0E8|ABSOLUTE|2011-01-01|9999-12-31|RECORD FLAG T BUT INSERT NOT ALLOWED|2013-08-08|130001
DLYRCMCLMT|EM018|10000.0|ABSOLUTE|2017-10-20|9999-12-31|INVALID LIMIT VALUE|2017-11-13|105018
DLYRSTPROB|EM003|101.0|PERCENTAGE|2011-01-01|9999-12-31|NO RESULT RECORD FROM EDW|2013-08-08|130001
MTYRSTPROB|EM013|1.0E8|ABSOLUTE|2011-01-01|9999-12-31|RECORD FLAG ? BUT NO LEGACY RECORD|2013-08-08|130016
DLYRSTPROB|EM010|101.0|PERCENTAGE|2011-01-01|9999-12-31|RECORD FLAG T BUT INSERT NOT ALLOWED|2013-08-08|125957
MNYRCMRBCN|EM016|10000.0|ABSOLUTE|2017-10-20|9999-12-31|FIELD VALIDATION FAILED|2017-11-13|105022
MTYFBTPROB|EM009|100.0|PERCENTAGE|2011-01-01|9999-12-31|ERROR ACCOUNT NOT IN FULL FEEDBACK FILE|2013-08-08|125959
MNYRCMCLMT|EM018|10000.0|ABSOLUTE|2017-10-20|9999-12-31|INVALID LIMIT VALUE|2017-11-13|105021
DLYRSTPROB|EM016|101.0|PERCENTAGE|2011-01-01|9999-12-31|RECORD FLAG ? BUT FIELD FLAG INVALID|2013-08-08|125959
DLYFBTPROB|EM014|101.0|PERCENTAGE|2011-01-01|9999-12-31|INVALID VALUE IN RECORD LEVEL FLAG|2013-08-08|125959
DLYPALSCR|EM015|50000.0|ABSOLUTE|2011-01-01|9999-12-31|RECORD FLAG T BUT REPLACE NOT ALLOWED|2013-08-08|125959
MNYRCMCLMT|EM012|10000.0|ABSOLUTE|2017-10-20|9999-12-31|INVALID ARRGMT ID|2017-11-13|105019
MTYRSTPROB|EM017|1.0E8|ABSOLUTE|2011-01-01|9999-12-31|RECORD FLAG ? BUT UPDATE NOT ALLOWED|2013-08-08|130001
MTYPALSCR|EM022|100.0|PERCENTAGE|2011-01-01|9999-12-31|FIELD VALIDATION FAILED|2013-08-08|130000
MTYRSTPROB|EM022|1.0E8|ABSOLUTE|2011-01-01|9999-12-31|FIELD VALIDATION FAILED|2013-08-08|130016
DLYPREPAL|EM018|50000.0|ABSOLUTE|2011-01-01|9999-12-31|RECORD FLAG ? ALL FLD FLG F OR SPACES|2013-08-08|125959
DLYCUSTPER|EM030|100.0|PERCENTAGE|2011-01-01|9999-12-31|DATA SUPPLIED - INVALID UPDATE IND   SE|2013-08-08|130015
MNYRCMRBCN|EM014|10000.0|ABSOLUTE|2017-10-20|9999-12-31|INVALID RECORD LEVEL FLAG|2017-11-13|105022
DLYPREPAL|EM023|50000.0|ABSOLUTE|2011-01-01|9999-12-31|RECORD LEVEL FLAG F FOR EXISTING DATA|2013-08-08|125958
MTYRSTPROB|EM004|1.0E8|ABSOLUTE|2011-01-01|9999-12-31|CDE OWN ACCOUNT BUT NO EDW FEEDBACK DATA|2013-08-08|125958
DLYFBTPROB|EM001|101.0|PERCENTAGE|2011-01-01|9999-12-31|CDE OWN ACCOUNT - NO DATA FROM EDW|2013-08-08|125958
MTYFBTPROB|EM012|100.0|PERCENTAGE|2011-01-01|9999-12-31|RECORD FLAG F BUT IGNORE NOT ALLOWED|2013-08-08|130002
DLYCUSTPER|CNTRL|0.0|A|2011-01-01|9999-12-31||2013-08-08|125959
MNYRCMRBCN|EM013|10000.0|ABSOLUTE|2017-10-20|9999-12-31|INVALID RELATED CUSTOMER TYPE|2017-11-13|105022
MTYRSTPROB|EM005|1.0E8|ABSOLUTE|2011-01-01|9999-12-31|CDE OWN ACCOUNT BUT NO EDW RESULT DATA|2013-08-08|130000
DLYRCMCLMT|EM014|10000.0|ABSOLUTE|2017-10-20|9999-12-31|INVALID CURRENT INDICATOR|2017-11-13|105018
DLYRSTPROB|EM025|101.0|PERCENTAGE|2011-01-01|9999-12-31|NOT CDE OWNED HAS LEGACY DATA RECORD F|2013-11-13|110406
MTYRSTPROB|EM012|1.0E8|ABSOLUTE|2011-01-01|9999-12-31|RECORD FLAG F BUT IGNORE NOT ALLOWED|2013-08-08|130016
MTYRSTPROB|EM016|1.0E8|ABSOLUTE|2011-01-01|9999-12-31|RECORD FLAG ? BUT FIELD FLAG INVALID|2013-08-08|125957
DLYRSTPROB|EM007|101.0|PERCENTAGE|2011-01-01|9999-12-31|CDE OWN ACCOUNT - NO EDW RSLT,FDBAK DATA|2013-08-08|125958
MTYRSTPROB|EM008|1.0E8|ABSOLUTE|2011-01-01|9999-12-31|ERROR ACCOUNT NOT IN FULL RESULT FILE|2013-08-08|125958
MTYRSTPROB|EM014|1.0E8|ABSOLUTE|2011-01-01|9999-12-31|INVALID VALUE IN RECORD LEVEL FLAG|2013-08-08|130003
MTYFBTPROB|EM008|100.0|PERCENTAGE|2011-01-01|9999-12-31|ERROR ACCOUNT NOT IN FULL RESULT FILE|2013-08-08|125958
DLYFBTPROB|EM017|101.0|PERCENTAGE|2011-01-01|9999-12-31|RECORD FLAG ? BUT UPDATE NOT ALLOWED|2013-08-08|125958
MNYRCMCLMT|EM010|10000.0|ABSOLUTE|2017-10-20|9999-12-31|INVALID RECORD FLAG|2017-11-13|105018
MNYRCMRBCT|EM013|10000.0|ABSOLUTE|2017-10-20|9999-12-31|INVALID RELATED CUSTOMER TYPE|2017-11-13|105022
MTYFBTPROB|EM015|100.0|PERCENTAGE|2011-01-01|9999-12-31|RECORD FLAG T BUT REPLACE NOT ALLOWED|2013-08-08|130002
DLYRCMCLMT|EM010|10000.0|ABSOLUTE|2017-10-20|9999-12-31|INVALID RECORD FLAG|2017-11-13|105017
DLYCUSTPER|EM045|100.0|PERCENTAGE|2011-01-01|9999-12-31|INVALID INPUT CIN|2013-08-08|125959
MTYPALSCR|EM014|100.0|PERCENTAGE|2011-01-01|9999-12-31|INVALID VALUE IN RECORD LEVEL FLAG|2013-08-08|130001
DLYFBTPROB|EM003|101.0|PERCENTAGE|2011-01-01|9999-12-31|NO RESULT RECORD FROM EDW|2013-08-08|125958
DLYPREPAL|EM014|50000.0|ABSOLUTE|2011-01-01|9999-12-31|INVALID VALUE IN RECORD LEVEL FLAG|2013-08-08|125959
DLYPREPAL|EM016|50000.0|ABSOLUTE|2011-01-01|9999-12-31|RECORD FLAG ? BUT FIELD FLAG INVALID|2013-08-08|125957
DLYFBTPROB|EM025|101.0|PERCENTAGE|2011-01-01|9999-12-31|NOT CDE OWNED HAS LEGACY DATA RECORD F|2013-11-13|110406
DLYFBTPROB|EM016|101.0|PERCENTAGE|2011-01-01|9999-12-31|RECORD FLAG ? BUT FIELD FLAG INVALID|2013-08-08|130003
DLYRCMCLMT|EM017|10000.0|ABSOLUTE|2017-10-20|9999-12-31|RECORD FLAG F BUT NO LEGACY RECORD|2017-11-13|105018
MTYFBTPROB|EM016|100.0|PERCENTAGE|2011-01-01|9999-12-31|RECORD FLAG ? BUT FIELD FLAG INVALID|2013-08-08|130000
DLYRSTPROB|EM021|101.0|PERCENTAGE|2011-01-01|9999-12-31|RECORD NOT IN PREVIOUS DAY MAPPED FILE|2013-08-08|130002
MTYRSTPROB|EM025|100.0|PERCENTAGE|2011-01-01|9999-12-31|NOT CDE OWNED HAS LEGACY DATA RECORD F|2013-11-13|110406
DLYCUSTPER|EM042|100.0|PERCENTAGE|2011-01-01|9999-12-31|OLD VALUE NOT MATCHING WITH DB VALUE SE|2013-08-08|130000
DLYCUSTPER|EM014|100.0|PERCENTAGE|2011-01-01|9999-12-31|INVALID VALUE IN RECORD LEVEL FLAG|2014-01-13|131627
MNYRCMCLMT|EM015|10000.0|ABSOLUTE|2017-10-20|9999-12-31|INVALID LAST UPDATE USER|2017-11-13|105021
MNYRCMRBCT|EM016|10000.0|ABSOLUTE|2017-10-20|9999-12-31|FIELD VALIDATION FAILED|2017-11-13|105023
DLYPALSCR|EM010|50000.0|ABSOLUTE|2011-01-01|9999-12-31|RECORD FLAG T BUT INSERT NOT ALLOWED|2013-08-08|130002
DLYPALSCR|EM012|50000.0|ABSOLUTE|2011-01-01|9999-12-31|RECORD FLAG F BUT IGNORE NOT ALLOWED|2013-08-08|130000
MTYFBTPROB|EM004|100.0|PERCENTAGE|2011-01-01|9999-12-31|CDE OWN ACCOUNT BUT NO EDW FEEDBACK DATA|2013-08-08|130001
DLYCUSTPER|EM040|100.0|PERCENTAGE|2011-01-01|9999-12-31|OLD VALUE NOT MATCHING WITH DB VALUE CG|2013-08-08|125959
DLYFBTPROB|EM004|101.0|PERCENTAGE|2011-01-01|9999-12-31|CDE OWN ACCOUNT BUT NO EDW FEEDBACK DATA|2013-08-08|125958
DLYCUSTPER|EM041|100.0|PERCENTAGE|2011-01-01|9999-12-31|OLD VALUE NOT MATCHING WITH DB VALUE CR|2013-08-08|130001
DLYFBTPROB|EM009|101.0|PERCENTAGE|2011-01-01|9999-12-31|ERROR ACCOUNT NOT IN FULL FEEDBACK FILE|2013-08-08|125959
DLYFBTPROB|EM006|101.0|PERCENTAGE|2011-01-01|9999-12-31|CDE OWN ACCOUNT BUT RECORD LEVEL FLAG F|2013-08-08|125957
DLYPALSCR|EM014|50000.0|ABSOLUTE|2011-01-01|9999-12-31|INVALID VALUE IN RECORD LEVEL FLAG|2013-08-08|125959
MTYFBTPROB|EM017|100.0|PERCENTAGE|2011-01-01|9999-12-31|RECORD FLAG ? BUT UPDATE NOT ALLOWED|2013-08-08|125959
DLYRCMCLMT|EM015|10000.0|ABSOLUTE|2017-10-20|9999-12-31|INVALID LAST UPDATE USER|2017-11-13|105018
MTYFBTPROB|EM021|100.0|PERCENTAGE|2011-01-01|9999-12-31|RECORD NOT IN PREVIOUS DAY MAPPED FILE|2013-08-08|125957
MNYRCMRBCT|EM017|10000.0|ABSOLUTE|2017-10-20|9999-12-31|RECORD FLAG F OR ? BUT NO LEGACY RECORD|2017-11-13|105023
DLYRSTPROB|EM008|101.0|PERCENTAGE|2011-01-01|9999-12-31|ERROR ACCOUNT NOT IN FULL RESULT FILE|2013-08-08|130000
MNYRCMRBCN|EM017|10000.0|ABSOLUTE|2017-10-20|9999-12-31|RECORD FLAG F OR ? BUT NO LEGACY RECORD|2017-11-13|105022
DLYCUSTPER|EM037|100.0|PERCENTAGE|2011-01-01|9999-12-31|DATA SUPPLIED - INVALID UPDATE VALUE PO|2013-08-08|130002
DLYRSTPROB|EM012|101.0|PERCENTAGE|2011-01-01|9999-12-31|RECORD FLAG F BUT IGNORE NOT ALLOWED|2013-08-08|130000
MTYRSTPROB|EM009|1.0E8|ABSOLUTE|2011-01-01|9999-12-31|ERROR ACCOUNT NOT IN FULL FEEDBACK FILE|2013-08-08|130016
MNYRCMCLMT|EM014|10000.0|ABSOLUTE|2017-10-20|9999-12-31|INVALID CURRENT INDICATOR|2017-11-13|105021
MTYFBTPROB|EM022|1.0E8|ABSOLUTE|2011-01-01|9999-12-31|FIELD VALIDATION FAILED|2013-08-08|130003
DLYCUSTPER|EM029|100.0|PERCENTAGE|2011-01-01|9999-12-31|DATA SUPPLIED - INVALID UPDATE IND   CR|2013-08-08|130002
DLYCUSTPER|EM035|100.0|PERCENTAGE|2011-01-01|9999-12-31|DATA SUPPLIED - INVALID UPDATE VALUE CG|2013-08-08|125959
MNYRCMRBCN|EM015|10000.0|ABSOLUTE|2017-10-20|9999-12-31|NONE OF THE FIELD FLAGS IS TRUE|2017-11-13|105022
DLYCUSTPER|EM027|100.0|PERCENTAGE|2011-01-01|9999-12-31|DATA SUPPLIED - INVALID UPDATE IND   SH|2013-08-08|130003
MNYRCMRBCN|EM011|10000.0|ABSOLUTE|2017-10-20|9999-12-31|INVALID RELATED ID|2017-11-13|105022
MTYRSTPROB|EM018|1.0E8|ABSOLUTE|2011-01-01|9999-12-31|RECORD FLAG ? ALL FLD FLG F OR SPACES|2013-08-08|125959
DLYRSTPROB|EM014|101.0|PERCENTAGE|2011-01-01|9999-12-31|INVALID VALUE IN RECORD LEVEL FLAG|2013-08-08|130002
MNYRCMCLMT|EM013|10000.0|ABSOLUTE|2017-10-20|9999-12-31|INVALID LIMIT TYPE|2017-11-13|105019
DLYFBTPROB|EM002|101.0|PERCENTAGE|2011-01-01|9999-12-31|NO FEEDBACK RECORD FROM EDW|2013-08-08|130001
DLYPREPAL|EM013|50000.0|ABSOLUTE|2011-01-01|9999-12-31|RECORD FLAG ? BUT NO LEGACY RECORD|2013-08-08|130002
DLYFBTPROB|EM013|101.0|PERCENTAGE|2011-01-01|9999-12-31|RECORD FLAG ? BUT NO LEGACY RECORD|2013-08-08|130000
DLYFBTPROB|EM005|101.0|PERCENTAGE|2011-01-01|9999-12-31|CDE OWN ACCOUNT BUT NO EDW RESULT DATA|2013-08-08|130000
DLYPREPAL|EM012|50000.0|ABSOLUTE|2011-01-01|9999-12-31|RECORD FLAG F BUT IGNORE NOT ALLOWED|2013-08-08|125958
DLYRSTPROB|EM015|101.0|PERCENTAGE|2011-01-01|9999-12-31|RECORD FLAG T BUT REPLACE NOT ALLOWED|2013-08-08|125958
DLYPREPAL|EM010|50000.0|ABSOLUTE|2011-01-01|9999-12-31|RECORD FLAG T BUT INSERT NOT ALLOWED|2013-08-08|130003
DLYRCMCLMT|EM016|10000.0|ABSOLUTE|2017-10-20|9999-12-31|INVALID EXPIRY OR REVIEW DATE|2017-11-13|105018
DLYFBTPROB|EM021|101.0|PERCENTAGE|2011-01-01|9999-12-31|RECORD NOT IN PREVIOUS DAY MAPPED FILE|2013-08-08|130000
MTYPALSCR|EM012|100.0|PERCENTAGE|2011-01-01|9999-12-31|RECORD FLAG F BUT IGNORE NOT ALLOWED|2013-08-08|130016
MNYRCMRBCN|EM012|10000.0|ABSOLUTE|2017-10-20|9999-12-31|INVALID LEAD CUSTOMER TYPE|2017-11-13|105022
DLYCUSTPER|EM039|100.0|PERCENTAGE|2011-01-01|9999-12-31|OLD VALUE NOT MATCHING WITH DB VALUE SH|2013-08-08|125958
MTYPALSCR|EM018|100.0|PERCENTAGE|2011-01-01|9999-12-31|RECORD FLAG ? ALL FLD FLG F OR SPACES|2013-08-08|125958
DLYCUSTPER|EM026|100.0|PERCENTAGE|2011-01-01|9999-12-31|DATA SUPPLIED - INVALID UPDATE IND   SP|2013-08-08|130003
MTYPALSCR|EM015|100.0|PERCENTAGE|2011-01-01|9999-12-31|RECORD FLAG T BUT REPLACE NOT ALLOWED|2013-08-08|130000
MNYRCMRBCN|EM010|10000.0|ABSOLUTE|2017-10-20|9999-12-31|INVALID LEAD ID|2017-11-13|105021
MTYRSTPROB|EM007|1.0E8|ABSOLUTE|2011-01-01|9999-12-31|CDE OWN ACCOUNT - NO EDW RSLT,FDBAK DATA|2013-08-08|130003
MTYRSTPROB|EM003|1.0E8|ABSOLUTE|2011-01-01|9999-12-31|NO RESULT RECORD FROM EDW|2013-08-08|130000
MNYRCMRBCT|EM014|10000.0|ABSOLUTE|2017-10-20|9999-12-31|INVALID RECORD LEVEL FLAG|2017-11-13|105022
MTYRSTPROB|EM021|100.0|PERCENTAGE|2011-01-01|9999-12-31|RECORD NOT IN PREVIOUS DAY MAPPED FILE|2013-08-08|125959
DLYRSTPROB|EM009|101.0|PERCENTAGE|2011-01-01|9999-12-31|ERROR ACCOUNT NOT IN FULL FEEDBACK FILE|2013-08-08|130009
DLYRSTPROB|EM011|101.0|PERCENTAGE|2011-01-01|9999-12-31|RECORD FLAG F BUT NO LEGACY RECORD|2013-08-08|130000
DLYCUSTPER|EM046|100.0|PERCENTAGE|2011-01-01|9999-12-31|EMPTY FILE - NO DATA RECORD|2013-08-08|125958
DLYPREPAL|EM015|50000.0|ABSOLUTE|2011-01-01|9999-12-31|RECORD FLAG T BUT REPLACE NOT ALLOWED|2013-08-08|130001
MTYPALSCR|EM010|100.0|PERCENTAGE|2011-01-01|9999-12-31|RECORD FLAG T BUT INSERT NOT ALLOWED|2013-08-08|125958
MTYFBTPROB|EM001|100.0|PERCENTAGE|2011-01-01|9999-12-31|CDE OWN ACCOUNT - NO DATA FROM EDW|2013-08-08|125958
MTYRSTPROB|EM006|1.0E8|ABSOLUTE|2011-01-01|9999-12-31|CDE OWN ACCOUNT BUT RECORD LEVEL FLAG F|2013-08-08|130001
MNYRCMRBCT|EM011|10000.0|ABSOLUTE|2017-10-20|9999-12-31|INVALID RELATED ID|2017-11-13|105022
DLYCUSTPER|EM048|100.0|PERCENTAGE|2011-01-01|9999-12-31|INVALID SEGMENT CODE|2014-01-13|131628
MNYRCMCLMT|EM016|10000.0|ABSOLUTE|2017-10-20|9999-12-31|INVALID EXPIRY OR REVIEW DATE|2017-11-13|105021