BSGLOANBUS|X|XXX|K||0|0|0|BEHAV SCORE GROUP BUS LOAN ACCOUNT|0|2011-01-01|9999-12-31|2012-11-22|110738
PRIORRULE1|X|XXX|N||\N|\N|\N|CUSTOMER PRIORITY RULE 1|2|2011-01-01|9999-12-31|2012-11-14|110738
PRIORRULE1|X|XXX|Y||\N|\N|\N|CUSTOMER PRIORITY RULE 1|1|2011-01-01|9999-12-31|2012-11-14|110738
COLLCHGPAIDMIN|X|XXX|PMIT||\N|\N|\N|COLLECTIONS AND CHARGES PAID ITEM MINIMUM|0|2011-01-01|9999-12-31|2012-11-14|110738
BSGCURR|X|XXX|C||\N|\N|\N|BEHAV SCORE GROUP CURRENT ACCOUNT|0|2011-01-01|9999-12-31|2012-11-14|110738
BSBHR|X|XXX|3||-997|\N|\N|HIERARCHY FOR JF|3|2011-01-01|9999-12-31|2012-11-14|110738
BSBHR|X|XXX|4||-996|\N|\N|HIERARCHY FOR JF|4|2011-01-01|9999-12-31|2012-11-14|110738
BSBHR|X|XXX|2||-999|\N|\N|HIERARCHY FOR JF|2|2011-01-01|9999-12-31|2012-11-14|110738
BSBHR|X|XXX|1||9999|\N|\N|HIERARCHY FOR JF|1|2011-01-01|9999-12-31|2012-11-14|110738
BSGLOAN|X|XXX|L||\N|\N|\N|BEHAV SCORE GROUP LOAN ACCOUNT|0|2011-01-01|9999-12-31|2012-11-14|110738
PROBE_CT_RATIO_6|X|XXX|0|0|0|50|100|CALCULATION RATIO 6 (MIN OVER MAX)|0|2011-01-01|9999-12-31|2012-11-14|110738
EXPIRE_PROBE_AS|X|XXX|0|0|24|0|0|UPPER LIMIT IN MONTHS DATA KEPT PROBE ACTIVE SNGL|0|2011-01-01|9999-12-31|2012-11-14|110738
EXPIRE_PROBE_AM|X|XXX|0|0|24|0|0|UPPER LIMIT IN MONTHS DATA KEPT PROBE ACTIVE MULT|0|2011-01-01|9999-12-31|2012-11-14|110738
PROBE_CT_RATIO_4|X|XXX|0|0|0|40|100|CALCULATION RATIO 4 (MIN OVER MAX)|0|2011-01-01|9999-12-31|2012-11-14|110738
COLLCHGPAID|X|XXX|PITM||\N|\N|\N|COLLECTIONS AND CHARGES PAID ITEM|0|2011-01-01|9999-12-31|2012-11-14|110738
APPLACTION|X|XXX|ACC||\N|\N|\N|APPLICATION ACTION ACCEPT|0|2011-01-01|9999-12-31|2012-11-14|110738
EIDEXCSTAT|X|XXX|DES||\N|\N|\N|EARLIEST ISSUE DATE EXCLUDE STATUS|2|2011-01-01|9999-12-31|2012-11-14|110738
EIDEXCSTAT|X|XXX|CAN||\N|\N|\N|EARLIEST ISSUE DATE EXCLUDE STATUS|1|2011-01-01|9999-12-31|2012-11-14|110738
PAL_CRI_INC|X|XXX|BRA||\N|\N|\N|CRI INCLUSION|0|2015-02-01|9999-12-31|2015-03-04|213425
PAL_CRI_INC|X|XXX|PLU||\N|\N|\N|CRI INCLUSION|0|2015-02-01|9999-12-31|2015-03-04|213425
PAL_CRI_INC|X|XXX|RCR||\N|\N|\N|CRI INCLUSION|0|2015-02-01|9999-12-31|2015-03-04|213425
PAL_CRI_INC|X|XXX|SLU||\N|\N|\N|CRI INCLUSION|0|2015-02-01|9999-12-31|2015-03-04|213425
PAL_CRI_INC|X|XXX|SLM||\N|\N|\N|CRI INCLUSION|0|2015-02-01|9999-12-31|2015-03-04|213425
PAL_CRI_INC|X|XXX|SLE||\N|\N|\N|CRI INCLUSION|0|2015-02-01|9999-12-31|2015-03-04|213425
PAL_CRI_INC|X|XXX|SLL||\N|\N|\N|CRI INCLUSION|0|2015-02-01|9999-12-31|2015-03-04|213425
PAL_CRI_INC|X|XXX|PAS||\N|\N|\N|CRI INCLUSION|0|2015-02-01|9999-12-31|2015-03-04|213425
PAL_CRI_INC|X|XXX|DIR||\N|\N|\N|CRI INCLUSION|0|2015-02-01|9999-12-31|2015-03-04|213425
PAL_CRI_INC|X|XXX|AGE||\N|\N|\N|CRI INCLUSION|0|2015-02-01|9999-12-31|2015-03-04|213425
PAL_CRI_INC|X|XXX|SLS||\N|\N|\N|CRI INCLUSION|0|2015-02-01|9999-12-31|2015-03-04|213425
PAL_CRI_INC|X|XXX|SLB||\N|\N|\N|CRI INCLUSION|0|2015-02-01|9999-12-31|2015-03-04|213425
PAL_CRI_INC|X|XXX|GRC||\N|\N|\N|CRI INCLUSION|0|2015-02-01|9999-12-31|2015-03-04|213426
PAL_CRI_INC|X|XXX|GRL||\N|\N|\N|CRI INCLUSION|0|2015-02-01|9999-12-31|2015-03-04|213426
PAL_CRI_INC|X|XXX|GRB||\N|\N|\N|CRI INCLUSION|0|2015-02-01|9999-12-31|2015-03-04|213426
PAL_CRI_INC|X|XXX|BLU||\N|\N|\N|CRI INCLUSION|0|2015-02-01|9999-12-31|2015-03-04|213426
PAL_CRI_INC|X|XXX|PAM|\N|\N|\N|\N|CRI INCLUSION|0|2018-01-01|9999-12-31|2018-01-01|85818
PRIORCRI|X|XXX|BDT||\N|\N|\N|CREDIT RESPONSIBILITY INDICATOR|64|2011-01-01|9999-12-31|2012-11-14|110738
PRIORCRI|X|XXX|BRA||\N|\N|\N|CREDIT RESPONSIBILITY INDICATOR|80|2011-01-01|9999-12-31|2012-11-14|110738
PRIORCRI|X|XXX|CLU||\N|\N|\N|CREDIT RESPONSIBILITY INDICATOR|55|2011-01-01|9999-12-31|2012-11-14|110738
PRIORCRI|X|XXX|DIR||\N|\N|\N|CREDIT RESPONSIBILITY INDICATOR|82|2011-01-01|9999-12-31|2012-11-14|110738
PRIORCRI|X|XXX|EW2||\N|\N|\N|CREDIT RESPONSIBILITY INDICATOR|29|2011-01-01|9999-12-31|2012-11-14|110738
PRIORCRI|X|XXX|EW3||\N|\N|\N|CREDIT RESPONSIBILITY INDICATOR|30|2011-01-01|9999-12-31|2012-11-14|110738
PRIORCRI|X|XXX|EW4||\N|\N|\N|CREDIT RESPONSIBILITY INDICATOR|25|2011-01-01|9999-12-31|2012-11-14|110738
PRIORCRI|X|XXX|EW5||\N|\N|\N|CREDIT RESPONSIBILITY INDICATOR|26|2011-01-01|9999-12-31|2012-11-14|110738
PRIORCRI|X|XXX|EW6||\N|\N|\N|CREDIT RESPONSIBILITY INDICATOR|27|2011-01-01|9999-12-31|2012-11-14|110738
PRIORCRI|X|XXX|EW7||\N|\N|\N|CREDIT RESPONSIBILITY INDICATOR|37|2011-01-01|9999-12-31|2012-11-14|110738
PRIORCRI|X|XXX|EW8||\N|\N|\N|CREDIT RESPONSIBILITY INDICATOR|38|2011-01-01|9999-12-31|2012-11-14|110738
PRIORCRI|X|XXX|EX1||\N|\N|\N|CREDIT RESPONSIBILITY INDICATOR|31|2011-01-01|9999-12-31|2012-11-14|110738
PRIORCRI|X|XXX|EX2||\N|\N|\N|CREDIT RESPONSIBILITY INDICATOR|32|2011-01-01|9999-12-31|2012-11-14|110738
PRIORCRI|X|XXX|EX3||\N|\N|\N|CREDIT RESPONSIBILITY INDICATOR|33|2011-01-01|9999-12-31|2012-11-14|110738
PRIORCRI|X|XXX|EX4||\N|\N|\N|CREDIT RESPONSIBILITY INDICATOR|34|2011-01-01|9999-12-31|2012-11-14|110738
PRIORCRI|X|XXX|EX5||\N|\N|\N|CREDIT RESPONSIBILITY INDICATOR|35|2011-01-01|9999-12-31|2012-11-14|110738
PRIORCRI|X|XXX|EX6||\N|\N|\N|CREDIT RESPONSIBILITY INDICATOR|36|2011-01-01|9999-12-31|2012-11-14|110738
PRIORCRI|X|XXX|FTU||\N|\N|\N|CREDIT RESPONSIBILITY INDICATOR|54|2011-01-01|9999-12-31|2012-11-14|110738
PRIORCRI|X|XXX|MC1||\N|\N|\N|CREDIT RESPONSIBILITY INDICATOR|13|2011-01-01|9999-12-31|2012-11-14|110738
PRIORCRI|X|XXX|MC2||\N|\N|\N|CREDIT RESPONSIBILITY INDICATOR|14|2011-01-01|9999-12-31|2012-11-14|110738
PRIORCRI|X|XXX|MC3||\N|\N|\N|CREDIT RESPONSIBILITY INDICATOR|15|2011-01-01|9999-12-31|2012-11-14|110738
PRIORCRI|X|XXX|MC4||\N|\N|\N|CREDIT RESPONSIBILITY INDICATOR|16|2011-01-01|9999-12-31|2012-11-14|110738
PRIORCRI|X|XXX|MD1||\N|\N|\N|CREDIT RESPONSIBILITY INDICATOR|41|2011-01-01|9999-12-31|2012-11-14|110738
PRIORCRI|X|XXX|MD2||\N|\N|\N|CREDIT RESPONSIBILITY INDICATOR|43|2011-01-01|9999-12-31|2012-11-14|110738
PRIORCRI|X|XXX|MD3||\N|\N|\N|CREDIT RESPONSIBILITY INDICATOR|42|2011-01-01|9999-12-31|2012-11-14|110738
PRIORCRI|X|XXX|MD4||\N|\N|\N|CREDIT RESPONSIBILITY INDICATOR|40|2011-01-01|9999-12-31|2012-11-14|110738
PRIORCRI|X|XXX|MPM||\N|\N|\N|CREDIT RESPONSIBILITY INDICATOR|73|2011-01-01|9999-12-31|2012-11-14|110738
PRIORCRI|X|XXX|NC1||\N|\N|\N|CREDIT RESPONSIBILITY INDICATOR|18|2011-01-01|9999-12-31|2012-11-14|110738
PRIORCRI|X|XXX|NC2||\N|\N|\N|CREDIT RESPONSIBILITY INDICATOR|17|2011-01-01|9999-12-31|2012-11-14|110738
PRIORCRI|X|XXX|NC3||\N|\N|\N|CREDIT RESPONSIBILITY INDICATOR|6|2011-01-01|9999-12-31|2012-11-14|110738
PRIORCRI|X|XXX|NC4||\N|\N|\N|CREDIT RESPONSIBILITY INDICATOR|7|2011-01-01|9999-12-31|2012-11-14|110738
PRIORCRI|X|XXX|NC5||\N|\N|\N|CREDIT RESPONSIBILITY INDICATOR|8|2011-01-01|9999-12-31|2012-11-14|110738
PRIORCRI|X|XXX|NC6||\N|\N|\N|CREDIT RESPONSIBILITY INDICATOR|9|2011-01-01|9999-12-31|2012-11-14|110738
PRIORCRI|X|XXX|NC7||\N|\N|\N|CREDIT RESPONSIBILITY INDICATOR|10|2011-01-01|9999-12-31|2012-11-14|110738
PRIORCRI|X|XXX|NC8||\N|\N|\N|CREDIT RESPONSIBILITY INDICATOR|11|2011-01-01|9999-12-31|2012-11-14|110738
PRIORCRI|X|XXX|NC9||\N|\N|\N|CREDIT RESPONSIBILITY INDICATOR|12|2011-01-01|9999-12-31|2012-11-14|110738
PRIORCRI|X|XXX|PAE||\N|\N|\N|CREDIT RESPONSIBILITY INDICATOR|75|2011-01-01|9999-12-31|2012-11-14|110738
PRIORCRI|X|XXX|PAG||\N|\N|\N|CREDIT RESPONSIBILITY INDICATOR|77|2011-01-01|9999-12-31|2012-11-14|110738
PRIORCRI|X|XXX|PAM||\N|\N|\N|CREDIT RESPONSIBILITY INDICATOR|74|2011-01-01|9999-12-31|2012-11-14|110738
PRIORCRI|X|XXX|PAS||\N|\N|\N|CREDIT RESPONSIBILITY INDICATOR|76|2011-01-01|9999-12-31|2012-11-14|110738
PRIORCRI|X|XXX|PDT||\N|\N|\N|CREDIT RESPONSIBILITY INDICATOR|78|2011-01-01|9999-12-31|2012-11-14|110738
PRIORCRI|X|XXX|PLP||\N|\N|\N|CREDIT RESPONSIBILITY INDICATOR|68|2011-01-01|9999-12-31|2012-11-14|110738
PRIORCRI|X|XXX|PLU||\N|\N|\N|CREDIT RESPONSIBILITY INDICATOR|69|2011-01-01|9999-12-31|2012-11-14|110738
PRIORCRI|X|XXX|R01||\N|\N|\N|CREDIT RESPONSIBILITY INDICATOR|58|2011-01-01|9999-12-31|2012-11-14|110738
PRIORCRI|X|XXX|R02||\N|\N|\N|CREDIT RESPONSIBILITY INDICATOR|59|2011-01-01|9999-12-31|2012-11-14|110738
PRIORCRI|X|XXX|R03||\N|\N|\N|CREDIT RESPONSIBILITY INDICATOR|62|2011-01-01|9999-12-31|2012-11-14|110738
PRIORCRI|X|XXX|R04||\N|\N|\N|CREDIT RESPONSIBILITY INDICATOR|63|2011-01-01|9999-12-31|2012-11-14|110738
PRIORCRI|X|XXX|R05||\N|\N|\N|CREDIT RESPONSIBILITY INDICATOR|70|2011-01-01|9999-12-31|2012-11-14|110738
PRIORCRI|X|XXX|R06||\N|\N|\N|CREDIT RESPONSIBILITY INDICATOR|71|2011-01-01|9999-12-31|2012-11-14|110738
PRIORCRI|X|XXX|R07||\N|\N|\N|CREDIT RESPONSIBILITY INDICATOR|65|2011-01-01|9999-12-31|2012-11-14|110738
PRIORCRI|X|XXX|R08||\N|\N|\N|CREDIT RESPONSIBILITY INDICATOR|66|2011-01-01|9999-12-31|2012-11-14|110738
PRIORCRI|X|XXX|R09||\N|\N|\N|CREDIT RESPONSIBILITY INDICATOR|67|2011-01-01|9999-12-31|2012-11-14|110738
PRIORCRI|X|XXX|RCR||\N|\N|\N|CREDIT RESPONSIBILITY INDICATOR|56|2011-01-01|9999-12-31|2012-11-14|110738
PRIORCRI|X|XXX|RCS||\N|\N|\N|CREDIT RESPONSIBILITY INDICATOR|57|2011-01-01|9999-12-31|2012-11-14|110738
PRIORCRI|X|XXX|SC1||\N|\N|\N|CREDIT RESPONSIBILITY INDICATOR|47|2011-01-01|9999-12-31|2012-11-14|110738
PRIORCRI|X|XXX|SC2||\N|\N|\N|CREDIT RESPONSIBILITY INDICATOR|46|2011-01-01|9999-12-31|2012-11-14|110738
PRIORCRI|X|XXX|SC3||\N|\N|\N|CREDIT RESPONSIBILITY INDICATOR|45|2011-01-01|9999-12-31|2012-11-14|110738
PRIORCRI|X|XXX|SC5||\N|\N|\N|CREDIT RESPONSIBILITY INDICATOR|49|2011-01-01|9999-12-31|2012-11-14|110738
PRIORCRI|X|XXX|SC6||\N|\N|\N|CREDIT RESPONSIBILITY INDICATOR|50|2011-01-01|9999-12-31|2012-11-14|110738
PRIORCRI|X|XXX|SC7||\N|\N|\N|CREDIT RESPONSIBILITY INDICATOR|51|2011-01-01|9999-12-31|2012-11-14|110738
PRIORCRI|X|XXX|SC8||\N|\N|\N|CREDIT RESPONSIBILITY INDICATOR|52|2011-01-01|9999-12-31|2012-11-14|110738
PRIORCRI|X|XXX|SC9||\N|\N|\N|CREDIT RESPONSIBILITY INDICATOR|53|2011-01-01|9999-12-31|2012-11-14|110738
PRIORCRI|X|XXX|SE1||\N|\N|\N|CREDIT RESPONSIBILITY INDICATOR|20|2011-01-01|9999-12-31|2012-11-14|110738
PRIORCRI|X|XXX|SE2||\N|\N|\N|CREDIT RESPONSIBILITY INDICATOR|21|2011-01-01|9999-12-31|2012-11-14|110738
PRIORCRI|X|XXX|SE3||\N|\N|\N|CREDIT RESPONSIBILITY INDICATOR|22|2011-01-01|9999-12-31|2012-11-14|110738
PRIORCRI|X|XXX|SE4||\N|\N|\N|CREDIT RESPONSIBILITY INDICATOR|19|2011-01-01|9999-12-31|2012-11-14|110738
PRIORCRI|X|XXX|SE5||\N|\N|\N|CREDIT RESPONSIBILITY INDICATOR|23|2011-01-01|9999-12-31|2012-11-14|110738
PRIORCRI|X|XXX|SE6||\N|\N|\N|CREDIT RESPONSIBILITY INDICATOR|24|2011-01-01|9999-12-31|2012-11-14|110738
PRIORCRI|X|XXX|SLB||\N|\N|\N|CREDIT RESPONSIBILITY INDICATOR|5|2011-01-01|9999-12-31|2012-11-14|110738
PRIORCRI|X|XXX|SLL||\N|\N|\N|CREDIT RESPONSIBILITY INDICATOR|3|2011-01-01|9999-12-31|2012-11-14|110738
PRIORCRI|X|XXX|SLM||\N|\N|\N|CREDIT RESPONSIBILITY INDICATOR|4|2011-01-01|9999-12-31|2012-11-14|110738
PRIORCRI|X|XXX|SLS||\N|\N|\N|CREDIT RESPONSIBILITY INDICATOR|1|2011-01-01|9999-12-31|2012-11-14|110738
PRIORCRI|X|XXX|SLU||\N|\N|\N|CREDIT RESPONSIBILITY INDICATOR|72|2011-01-01|9999-12-31|2012-11-14|110738
PRIORCRI|X|XXX|TEP||\N|\N|\N|CREDIT RESPONSIBILITY INDICATOR|81|2011-01-01|9999-12-31|2012-11-14|110738
PRIORCRI|X|XXX|SC4||\N|\N|\N|CREDIT RESPONSIBILITY INDICATOR|48|2011-01-01|9999-12-31|2012-11-14|110738
PRIORCRI|X|XXX|MD5||\N|\N|\N|CREDIT RESPONSIBILITY INDICATOR|44|2011-01-01|9999-12-31|2012-11-14|110738
PRIORCRI|X|XXX|EW9||\N|\N|\N|CREDIT RESPONSIBILITY INDICATOR|39|2011-01-01|9999-12-31|2012-11-14|110738
PRIORCRI|X|XXX|EW1||\N|\N|\N|CREDIT RESPONSIBILITY INDICATOR|28|2011-01-01|9999-12-31|2012-11-14|110738
PRIORCRI|X|XXX|BLU||\N|\N|\N|CREDIT RESPONSIBILITY INDICATOR|61|2011-01-01|9999-12-31|2012-11-14|110738
PRIORCRI|X|XXX|AMU||\N|\N|\N|CREDIT RESPONSIBILITY INDICATOR|60|2011-01-01|9999-12-31|2012-11-14|110738
PRIORCRI|X|XXX|AGE||\N|\N|\N|CREDIT RESPONSIBILITY INDICATOR|83|2011-01-01|9999-12-31|2012-11-14|110738
PRIORCRI|X|XXX|SLE||0|0|0|CREDIT RESPONSIBILITY INDICATOR|2|2011-01-01|9999-12-31|2014-01-09|131733
PRIORCRI|X|XXX|||0|0|0|CREDIT RESPONSIBILITY INDICATOR|79|2011-01-01|9999-12-31|2014-01-09|131733
BSGSAVBUS|X|XXX|R||0|0|0|BEHAV SCORE GROUP BUS SAVINGS ACCOUNT|0|2011-01-01|9999-12-31|2012-11-22|110738
PRIORSRC|X|XXX|Y||\N|\N|\N|PRIORITY RANKING FOR CUSTOMER SOURCE TYPE|1|2011-01-01|9999-12-31|2012-11-14|110738
PRIORSRC|X|XXX|N||\N|\N|\N|PRIORITY RANKING FOR CUSTOMER SOURCE TYPE|2|2011-01-01|9999-12-31|2012-11-14|110738
PRIORFDSINSIGHT|X|XXX|2||\N|\N|\N|CUSTOMER PRIORITY FDS INSIGHT RULE|11|2011-01-01|9999-12-31|2012-11-14|110738
PRIORFDSINSIGHT|X|XXX|C||\N|\N|\N|CUSTOMER PRIORITY FDS INSIGHT RULE|20|2011-01-01|9999-12-31|2012-11-14|110738
PRIORFDSINSIGHT|X|XXX|G||\N|\N|\N|CUSTOMER PRIORITY FDS INSIGHT RULE|22|2011-01-01|9999-12-31|2012-11-14|110738
PRIORFDSINSIGHT|X|XXX|N||\N|\N|\N|CUSTOMER PRIORITY FDS INSIGHT RULE|15|2011-01-01|9999-12-31|2012-11-14|110738
PRIORFDSINSIGHT|X|XXX|S||\N|\N|\N|CUSTOMER PRIORITY FDS INSIGHT RULE|18|2011-01-01|9999-12-31|2012-11-14|110738
PRIORFDSINSIGHT|X|XXX|V||\N|\N|\N|CUSTOMER PRIORITY FDS INSIGHT RULE|2|2011-01-01|9999-12-31|2012-11-14|110738
PRIORFDSINSIGHT|X|XXX|4||\N|\N|\N|CUSTOMER PRIORITY FDS INSIGHT RULE|7|2011-01-01|9999-12-31|2012-11-14|110738
PRIORFDSINSIGHT|X|XXX|M||\N|\N|\N|CUSTOMER PRIORITY FDS INSIGHT RULE|21|2011-01-01|9999-12-31|2012-11-14|110738
PRIORFDSINSIGHT|X|XXX|I||\N|\N|\N|CUSTOMER PRIORITY FDS INSIGHT RULE|10|2011-01-01|9999-12-31|2012-11-14|110738
PRIORFDSINSIGHT|X|XXX|5||\N|\N|\N|CUSTOMER PRIORITY FDS INSIGHT RULE|6|2011-01-01|9999-12-31|2012-11-14|110738
PRIORFDSINSIGHT|X|XXX|6||\N|\N|\N|CUSTOMER PRIORITY FDS INSIGHT RULE|4|2011-01-01|9999-12-31|2012-11-14|110738
PRIORFDSINSIGHT|X|XXX|0||\N|\N|\N|CUSTOMER PRIORITY FDS INSIGHT RULE|17|2011-01-01|9999-12-31|2012-11-14|110738
PRIORFDSINSIGHT|X|XXX|1||\N|\N|\N|CUSTOMER PRIORITY FDS INSIGHT RULE|12|2011-01-01|9999-12-31|2012-11-14|110738
PRIORFDSINSIGHT|X|XXX|B||\N|\N|\N|CUSTOMER PRIORITY FDS INSIGHT RULE|5|2011-01-01|9999-12-31|2012-11-14|110738
PRIORFDSINSIGHT|X|XXX|A||\N|\N|\N|CUSTOMER PRIORITY FDS INSIGHT RULE|9|2011-01-01|9999-12-31|2012-11-14|110738
PRIORFDSINSIGHT|X|XXX|X||\N|\N|\N|CUSTOMER PRIORITY FDS INSIGHT RULE|19|2011-01-01|9999-12-31|2012-11-14|110738
PRIORFDSINSIGHT|X|XXX|Z||\N|\N|\N|CUSTOMER PRIORITY FDS INSIGHT RULE|16|2011-01-01|9999-12-31|2012-11-14|110738
PRIORFDSINSIGHT|X|XXX|D||\N|\N|\N|CUSTOMER PRIORITY FDS INSIGHT RULE|3|2011-01-01|9999-12-31|2012-11-14|110738
PRIORFDSINSIGHT|X|XXX|R||\N|\N|\N|CUSTOMER PRIORITY FDS INSIGHT RULE|1|2011-01-01|9999-12-31|2012-11-14|110738
PRIORFDSINSIGHT|X|XXX|U||\N|\N|\N|CUSTOMER PRIORITY FDS INSIGHT RULE|14|2011-01-01|9999-12-31|2012-11-14|110738
PRIORFDSINSIGHT|X|XXX|Q||\N|\N|\N|CUSTOMER PRIORITY FDS INSIGHT RULE|13|2011-01-01|9999-12-31|2012-11-14|110738
PRIORFDSINSIGHT|X|XXX|3||\N|\N|\N|CUSTOMER PRIORITY FDS INSIGHT RULE|8|2011-01-01|9999-12-31|2012-11-14|110738
PRIORFDSINSIGHT|X|XXX|||\N|\N|\N|CUSTOMER PRIORITY FDS INSIGHT RULE|23|2014-08-01|2050-08-01|2014-09-03|153005
AUTOTFRACTIVE|X|XXX|A||\N|\N|\N|AUTO TRANSFER ACTIVE INDICATOR|0|2011-01-01|9999-12-31|2012-11-14|110738
OD_SOURCE_BRANCH|X|XXX|B|\N|\N|\N|\N|OVERDRAFT LIMIT SOURCE|0|2011-01-01|9999-12-31|2012-11-14|110738
EXPIRE_ERRLOG_S|X|XXX|0|0|6|0|0|UPPER LIMIT IN MONTHS DATA KEPT PROBE ACTIVE SNGL|0|2011-01-01|9999-12-31|2012-11-14|110738
PRIORSL|X|XXX|Z||\N|\N|\N|PRIORITY RANKING FOR SHADOW LIMIT|1|2011-01-01|9999-12-31|2012-11-14|110738
PRIORSL|X|XXX|P||\N|\N|\N|PRIORITY RANKING FOR SHADOW LIMIT|2|2011-01-01|9999-12-31|2012-11-14|110738
PRIORSL|X|XXX|A||\N|\N|\N|PRIORITY RANKING FOR SHADOW LIMIT|3|2011-01-01|9999-12-31|2012-11-14|110738
PRIORCCJ|X|XXX|2||\N|\N|\N|CUSTOMER PRIORITY CCJ RULE|8|2011-01-01|9999-12-31|2012-11-14|110738
PRIORCCJ|X|XXX|4||\N|\N|\N|CUSTOMER PRIORITY CCJ RULE|6|2011-01-01|9999-12-31|2012-11-14|110738
PRIORCCJ|X|XXX|5||\N|\N|\N|CUSTOMER PRIORITY CCJ RULE|5|2011-01-01|9999-12-31|2012-11-14|110738
PRIORCCJ|X|XXX|6||\N|\N|\N|CUSTOMER PRIORITY CCJ RULE|4|2011-01-01|9999-12-31|2012-11-14|110738
PRIORCCJ|X|XXX|8||\N|\N|\N|CUSTOMER PRIORITY CCJ RULE|2|2011-01-01|9999-12-31|2012-11-14|110738
PRIORCCJ|X|XXX|9||\N|\N|\N|CUSTOMER PRIORITY CCJ RULE|1|2011-01-01|9999-12-31|2012-11-14|110738
PRIORCCJ|X|XXX|U||\N|\N|\N|CUSTOMER PRIORITY CCJ RULE|10|2011-01-01|9999-12-31|2012-11-14|110738
PRIORCCJ|X|XXX|7||\N|\N|\N|CUSTOMER PRIORITY CCJ RULE|3|2011-01-01|9999-12-31|2012-11-14|110738
PRIORCCJ|X|XXX|3||\N|\N|\N|CUSTOMER PRIORITY CCJ RULE|7|2011-01-01|9999-12-31|2012-11-14|110738
PRIORCCJ|X|XXX|1||\N|\N|\N|CUSTOMER PRIORITY CCJ RULE|9|2011-01-01|9999-12-31|2012-11-14|110738
PRIORCCJ|X|XXX|0||\N|\N|\N|CUSTOMER PRIORITY CCJ RULE|11|2011-01-01|9999-12-31|2012-11-14|110738
PROBE_CT_RATIO_1|X|XXX|0|0|0|10|100|CALCULATION RATIO 1 (MIN OVER MAX)|0|2011-01-01|9999-12-31|2012-11-14|110738
EXPIRE_ACCUM|X|XXX|0|0|6|0|0|UPPER LIMIT IN MONTHS DATA KEPT ACCUM TABLE|0|2011-01-01|9999-12-31|2012-11-14|110738
PROBE_CONVERT_2|X|XXX|S|0|0|59|70|PROBE CONVERSION RULE 2|0|2011-01-01|9999-12-31|2012-11-14|110738
AUTOTFRSUBS|X|XXX|S||\N|\N|\N|AUTO TRANSFER SUBS INDICATOR|0|2011-01-01|9999-12-31|2012-11-14|110738
EXPIRE_ERRLOG_D|X|XXX|0|0|6|0|0|UPPER LIMIT IN MONTHS DATA KEPT PROBE ACTIVE MULT|0|2011-01-01|9999-12-31|2012-11-14|110738
BSGBUS|X|XXX|B||\N|\N|\N|BEHAV SCORE GROUP BUSINESS ACCOUNT|0|2011-01-01|9999-12-31|2012-11-14|110738
CARDCONVERT3|X|XXX|||8|2|\N|CARD TYPE CONVERSION RULE 3|0|2011-01-01|9999-12-31|2012-11-14|110738
AUTOTFRRULEMAIN|X|XXX|B|R|\N|\N|\N|AUTO TRANSFER CHANGE VALUE MAIN|0|2011-01-01|9999-12-31|2012-11-14|110738
AUTOTFRRULEMAIN|X|XXX|S|X|\N|\N|\N|AUTO TRANSFER CHANGE VALUE MAIN|0|2011-01-01|9999-12-31|2012-11-14|110738
AUTOTFRRULEMAIN|X|XXX|R|R|\N|\N|\N|AUTO TRANSFER CHANGE VALUE MAIN|0|2011-01-01|9999-12-31|2012-11-14|110738
CARDCONVERT1|X|XXX|||250|5|\N|CARD TYPE CONVERSION RULE 1|0|2011-01-01|9999-12-31|2012-11-14|110738
PROBE_DEF9|X|XXX|0|0|0|-999999999|999999999|MIN AND MAX DEFAULTS IN 9 DIGIT FORMAT|0|2011-01-01|9999-12-31|2012-11-14|110738
ACCELEMUOS|X|XXX|||23|\N|\N|ACC ELEMENTS FEATURE TYPE KEY FOR UOS|0|2011-01-01|9999-12-31|2012-11-14|110738
SUSPENSE|X|XXX|90||0|0|0|SUSPENSE CUSTOMER FUNDS|0|2011-01-01|9999-12-31|2012-11-14|110738
SUSPENSE|X|XXX|91||0|0|0|SUSPENSE INTERNAL FUNDS|0|2011-01-01|9999-12-31|2012-11-14|110738
SUSPENSE|X|XXX|92||0|0|0|SUSPENSE FOREIGN CURRENCY|0|2011-01-01|9999-12-31|2012-11-14|110738
SUSPENSE|X|XXX|93||0|0|0|SUSPENSE ITEMS IN COURSE|0|2011-01-01|9999-12-31|2012-11-14|110738
SUSPENSE|X|XXX|94||0|0|0|SUSPENSE INTEREST|0|2011-01-01|9999-12-31|2012-11-14|110738
SUSPENSE|X|XXX|95||0|0|0|SUSPENSE ATTACHED FUNDS|0|2011-01-01|9999-12-31|2012-11-14|110738
EVENTCNTL|X|XXX|X1||1500|0|0|TRIG EVENT DEPOSIT (CREDIT) THRESHOLDS|0|2011-01-01|9999-12-31|2012-11-14|110738
EVENTCNTL|X|XXX|Y1||0|0|0|TRIG EVENT DEPOSIT (CREDIT) THRESHOLDS|0|2011-01-01|9999-12-31|2012-11-14|110738
EVENTCNTL|X|XXX|Z1||1500|0|0|TRIG EVENT DEPOSIT (CREDIT) THRESHOLDS|0|2011-01-01|9999-12-31|2012-11-14|110738
EVENTCNTL|X|XXX|X2||-1500|0|0|TRIG EVENT WITHDRAWAL THRESHOLDS|0|2011-01-01|9999-12-31|2012-11-14|110738
EVENTCNTL|X|XXX|Y2||-90|0|0|TRIG EVENT WITHDRAWAL THRESHOLDS|0|2011-01-01|9999-12-31|2012-11-14|110738
EVENTCNTL|X|XXX|Z2||-500|0|0|TRIG EVENT WITHDRAWAL THRESHOLDS|0|2011-01-01|9999-12-31|2012-11-14|110738
AUTOTFRRULESUBS|X|XXX|S|R|\N|\N|\N|AUTO TRANSFER CHANGE VALUE SUBS|0|2011-01-01|9999-12-31|2012-11-14|110738
AUTOTFRRULESUBS|X|XXX|R|X|\N|\N|\N|AUTO TRANSFER CHANGE VALUE SUBS|0|2011-01-01|9999-12-31|2012-11-14|110738
AUTOTFRRULESUBS|X|XXX|B|R|\N|\N|\N|AUTO TRANSFER CHANGE VALUE SUBS|0|2011-01-01|9999-12-31|2012-11-14|110738
PROBE_DEF3|X|XXX|0|0|0|-999|999|MIN AND MAX DEFAULTS IN 3 DIGIT FORMAT|0|2011-01-01|9999-12-31|2012-11-14|110738
EID1|X|XXX|||3|\N|\N|EARLIEST ISSUE DATE 1 CARD TYPE|2|2011-01-01|9999-12-31|2012-11-14|110738
EID1|X|XXX|||2|\N|\N|EARLIEST ISSUE DATE 1 CARD TYPE|1|2011-01-01|9999-12-31|2012-11-14|110738
APPLTYPE|X|XXX|AO||\N|\N|\N|APPLICATION TYPE ACCOUNT OPEN|0|2011-01-01|9999-12-31|2012-11-14|110738
RELTYPE|X|XXX|OJ||\N|\N|\N|VALID CUST RELATION TYPE FOR CDE PROCESS|2|2011-01-01|9999-12-31|2012-11-14|110738
RELTYPE|X|XXX|OF||\N|\N|\N|VALID CUST RELATION TYPE FOR CDE PROCESS|3|2011-01-01|9999-12-31|2012-11-14|110738
RELTYPE|X|XXX|O||\N|\N|\N|VALID CUST RELATION TYPE FOR CDE PROCESS|1|2011-01-01|9999-12-31|2012-11-14|110738
PROBE_DEFAULT|X|XXX|A|-9999999996|0|0|0|DEFAULT APPLIED WHERE UNABLE TO DIVIDE|0|2011-01-01|9999-12-31|2012-11-14|110738
PROBE_DEFAULT|X|XXX|B|-9999999997|0|0|0|DEFAULT APPLIED WHERE UNABLE TO DIVIDE|0|2011-01-01|9999-12-31|2012-11-14|110738
PAL_BCH_EXC|X|XXX|\N||830377|\N|\N|BRANCH EXCLUSION|0|2015-02-01|9999-12-31|2015-03-04|213426
PAL_BCH_EXC|X|XXX|\N||830333|\N|\N|BRANCH EXCLUSION|0|2015-02-01|9999-12-31|2015-03-04|213426
PAL_BCH_EXC|X|XXX|\N||830899|\N|\N|BRANCH EXCLUSION|0|2015-02-01|9999-12-31|2015-03-04|213426
PAL_BCH_EXC|X|XXX|\N||836111|\N|\N|BRANCH EXCLUSION|0|2015-02-01|9999-12-31|2015-03-04|213426
PAL_BCH_EXC|X|XXX|\N||602483|\N|\N|BRANCH EXCLUSION|0|2015-02-01|9999-12-31|2015-03-04|213426
PAL_BCH_EXC|X|XXX|\N||163285|\N|\N|BRANCH EXCLUSION|0|2015-02-01|9999-12-31|2015-03-04|213426
PAL_BCH_EXC|X|XXX|\N||163286|\N|\N|BRANCH EXCLUSION|0|2015-02-01|9999-12-31|2015-03-04|213426
PAL_BCH_EXC|X|XXX|\N||163287|\N|\N|BRANCH EXCLUSION|0|2015-02-01|9999-12-31|2015-03-04|213426
PAL_BCH_EXC|X|XXX|\N||163285|\N|\N|BRANCH EXCLUSION|0|2018-03-01|9999-12-31|2018-04-17|91340
PAL_BCH_EXC|X|XXX|\N||168975|\N|\N|BRANCH EXCLUSION|0|2018-03-01|9999-12-31|2018-04-17|91340
PAL_BCH_EXC|X|XXX|\N||168976|\N|\N|BRANCH EXCLUSION|0|2018-03-01|9999-12-31|2018-04-17|91340
PAL_BCH_EXC|X|XXX|\N||168977|\N|\N|BRANCH EXCLUSION|0|2018-03-01|9999-12-31|2018-04-17|91340
PAL_BCH_EXC|X|XXX|\N||168993|\N|\N|BRANCH EXCLUSION|0|2018-03-01|9999-12-31|2018-04-17|91340
PAL_BCH_EXC|X|XXX|\N||168994|\N|\N|BRANCH EXCLUSION|0|2018-03-01|9999-12-31|2018-04-17|91340
PAL_BCH_EXC|X|XXX|\N||168996|\N|\N|BRANCH EXCLUSION|0|2018-03-01|9999-12-31|2018-04-17|91341
PAL_BCH_EXC|X|XXX|\N||168997|\N|\N|BRANCH EXCLUSION|0|2018-03-01|9999-12-31|2018-04-17|91341
PAL_BCH_EXC|X|XXX|\N||168998|\N|\N|BRANCH EXCLUSION|0|2018-03-01|9999-12-31|2018-04-17|91341
PAL_BCH_EXC|X|XXX|\N||169900|\N|\N|BRANCH EXCLUSION|0|2018-03-01|9999-12-31|2018-04-17|91341
PAL_BCH_EXC|X|XXX|\N||169978|\N|\N|BRANCH EXCLUSION|0|2018-03-01|9999-12-31|2018-04-17|91341
PAL_BCH_EXC|X|XXX|\N||169983|\N|\N|BRANCH EXCLUSION|0|2018-03-01|9999-12-31|2018-04-17|91341
PAL_BCH_EXC|X|XXX|\N||838995|\N|\N|BRANCH EXCLUSION|0|2018-03-01|9999-12-31|2018-04-17|91341
PAL_BCH_EXC|X|XXX|\N||838996|\N|\N|BRANCH EXCLUSION|0|2018-03-01|9999-12-31|2018-04-17|91341
PAL_BCH_EXC|X|XXX|\N||838997|\N|\N|BRANCH EXCLUSION|0|2018-03-01|9999-12-31|2018-04-17|91342
PAL_BCH_EXC|X|XXX|\N||838998|\N|\N|BRANCH EXCLUSION|0|2018-03-01|9999-12-31|2018-04-17|91342
PAL_BCH_EXC|X|XXX|\N||984990|\N|\N|BRANCH EXCLUSION|0|2018-03-01|9999-12-31|2018-04-17|91342
PAL_BCH_EXC|X|XXX|\N||984991|\N|\N|BRANCH EXCLUSION|0|2018-03-01|9999-12-31|2018-04-17|91342
PAL_BCH_EXC|X|XXX|\N||984992|\N|\N|BRANCH EXCLUSION|0|2018-03-01|9999-12-31|2018-04-17|91342
PAL_BCH_EXC|X|XXX|\N||984993|\N|\N|BRANCH EXCLUSION|0|2018-03-01|9999-12-31|2018-04-17|91342
PAL_BCH_EXC|X|XXX|\N||984994|\N|\N|BRANCH EXCLUSION|0|2018-03-01|9999-12-31|2018-04-17|91342
PAL_BCH_EXC|X|XXX|\N||984995|\N|\N|BRANCH EXCLUSION|0|2018-03-01|9999-12-31|2018-04-17|91343
PAL_BCH_EXC|X|XXX|\N||984996|\N|\N|BRANCH EXCLUSION|0|2018-03-01|9999-12-31|2018-04-17|91343
PAL_BCH_EXC|X|XXX|\N||984997|\N|\N|BRANCH EXCLUSION|0|2018-03-01|9999-12-31|2018-04-17|91343
PAL_BCH_EXC|X|XXX|\N||984998|\N|\N|BRANCH EXCLUSION|0|2018-03-01|9999-12-31|2018-04-17|91343
PAL_BCH_EXC|X|XXX|\N||984999|\N|\N|BRANCH EXCLUSION|0|2018-03-01|9999-12-31|2018-04-17|91343
PAL_BCH_EXC|X|XXX|\N||986520|\N|\N|BRANCH EXCLUSION|0|2018-03-01|9999-12-31|2018-04-17|91343
PAL_BCH_EXC|X|XXX|\N||988590|\N|\N|BRANCH EXCLUSION|0|2018-03-01|9999-12-31|2018-04-17|91343
PAL_BCH_EXC|X|XXX|\N||988591|\N|\N|BRANCH EXCLUSION|0|2018-03-01|9999-12-31|2018-04-17|91343
PAL_BCH_EXC|X|XXX|\N||988592|\N|\N|BRANCH EXCLUSION|0|2018-03-01|9999-12-31|2018-04-17|91343
PAL_BCH_EXC|X|XXX|\N||988593|\N|\N|BRANCH EXCLUSION|0|2018-03-01|9999-12-31|2018-04-17|91343
PAL_BCH_EXC|X|XXX|\N||988594|\N|\N|BRANCH EXCLUSION|0|2018-03-01|9999-12-31|2018-04-17|91343
PAL_BCH_EXC|X|XXX|\N||988595|\N|\N|BRANCH EXCLUSION|0|2018-03-01|9999-12-31|2018-04-17|91344
PAL_BCH_EXC|X|XXX|\N||988596|\N|\N|BRANCH EXCLUSION|0|2018-03-01|9999-12-31|2018-04-17|91344
PAL_BCH_EXC|X|XXX|\N||988597|\N|\N|BRANCH EXCLUSION|0|2018-03-01|9999-12-31|2018-04-17|91344
PAL_BCH_EXC|X|XXX|\N||988598|\N|\N|BRANCH EXCLUSION|0|2018-03-01|9999-12-31|2018-04-17|91344
PAL_BCH_EXC|X|XXX|\N||988599|\N|\N|BRANCH EXCLUSION|0|2018-03-01|9999-12-31|2018-04-17|91344
PAL_BCH_EXC|X|XXX|\N||163285|\N|\N|BRANCH EXCLUSION|0|2018-03-01|9999-12-31|2018-04-17|133443
PAL_BCH_EXC|X|XXX|\N||168975|\N|\N|BRANCH EXCLUSION|0|2018-03-01|9999-12-31|2018-04-17|133443
PAL_BCH_EXC|X|XXX|\N||168976|\N|\N|BRANCH EXCLUSION|0|2018-03-01|9999-12-31|2018-04-17|133443
PAL_BCH_EXC|X|XXX|\N||168977|\N|\N|BRANCH EXCLUSION|0|2018-03-01|9999-12-31|2018-04-17|133443
PAL_BCH_EXC|X|XXX|\N||168993|\N|\N|BRANCH EXCLUSION|0|2018-03-01|9999-12-31|2018-04-17|133443
PAL_BCH_EXC|X|XXX|\N||168994|\N|\N|BRANCH EXCLUSION|0|2018-03-01|9999-12-31|2018-04-17|133443
PAL_BCH_EXC|X|XXX|\N||168996|\N|\N|BRANCH EXCLUSION|0|2018-03-01|9999-12-31|2018-04-17|133444
PAL_BCH_EXC|X|XXX|\N||168997|\N|\N|BRANCH EXCLUSION|0|2018-03-01|9999-12-31|2018-04-17|133444
PAL_BCH_EXC|X|XXX|\N||168998|\N|\N|BRANCH EXCLUSION|0|2018-03-01|9999-12-31|2018-04-17|133444
PAL_BCH_EXC|X|XXX|\N||169900|\N|\N|BRANCH EXCLUSION|0|2018-03-01|9999-12-31|2018-04-17|133444
PAL_BCH_EXC|X|XXX|\N||169978|\N|\N|BRANCH EXCLUSION|0|2018-03-01|9999-12-31|2018-04-17|133444
PAL_BCH_EXC|X|XXX|\N||169983|\N|\N|BRANCH EXCLUSION|0|2018-03-01|9999-12-31|2018-04-17|133444
PAL_BCH_EXC|X|XXX|\N||838995|\N|\N|BRANCH EXCLUSION|0|2018-03-01|9999-12-31|2018-04-17|133444
PAL_BCH_EXC|X|XXX|\N||838996|\N|\N|BRANCH EXCLUSION|0|2018-03-01|9999-12-31|2018-04-17|133444
PAL_BCH_EXC|X|XXX|\N||838997|\N|\N|BRANCH EXCLUSION|0|2018-03-01|9999-12-31|2018-04-17|133444
PAL_BCH_EXC|X|XXX|\N||838998|\N|\N|BRANCH EXCLUSION|0|2018-03-01|9999-12-31|2018-04-17|133444
PAL_BCH_EXC|X|XXX|\N||984990|\N|\N|BRANCH EXCLUSION|0|2018-03-01|9999-12-31|2018-04-17|133444
PAL_BCH_EXC|X|XXX|\N||984991|\N|\N|BRANCH EXCLUSION|0|2018-03-01|9999-12-31|2018-04-17|133444
PAL_BCH_EXC|X|XXX|\N||984992|\N|\N|BRANCH EXCLUSION|0|2018-03-01|9999-12-31|2018-04-17|133444
PAL_BCH_EXC|X|XXX|\N||984993|\N|\N|BRANCH EXCLUSION|0|2018-03-01|9999-12-31|2018-04-17|133445
PAL_BCH_EXC|X|XXX|\N||984994|\N|\N|BRANCH EXCLUSION|0|2018-03-01|9999-12-31|2018-04-17|133445
PAL_BCH_EXC|X|XXX|\N||984995|\N|\N|BRANCH EXCLUSION|0|2018-03-01|9999-12-31|2018-04-17|133445
PAL_BCH_EXC|X|XXX|\N||984996|\N|\N|BRANCH EXCLUSION|0|2018-03-01|9999-12-31|2018-04-17|133445
PAL_BCH_EXC|X|XXX|\N||984997|\N|\N|BRANCH EXCLUSION|0|2018-03-01|9999-12-31|2018-04-17|133445
PAL_BCH_EXC|X|XXX|\N||984998|\N|\N|BRANCH EXCLUSION|0|2018-03-01|9999-12-31|2018-04-17|133445
PAL_BCH_EXC|X|XXX|\N||984999|\N|\N|BRANCH EXCLUSION|0|2018-03-01|9999-12-31|2018-04-17|133445
PAL_BCH_EXC|X|XXX|\N||986520|\N|\N|BRANCH EXCLUSION|0|2018-03-01|9999-12-31|2018-04-17|133445
PAL_BCH_EXC|X|XXX|\N||988590|\N|\N|BRANCH EXCLUSION|0|2018-03-01|9999-12-31|2018-04-17|133445
PAL_BCH_EXC|X|XXX|\N||988591|\N|\N|BRANCH EXCLUSION|0|2018-03-01|9999-12-31|2018-04-17|133445
PAL_BCH_EXC|X|XXX|\N||988592|\N|\N|BRANCH EXCLUSION|0|2018-03-01|9999-12-31|2018-04-17|133445
PAL_BCH_EXC|X|XXX|\N||988593|\N|\N|BRANCH EXCLUSION|0|2018-03-01|9999-12-31|2018-04-17|133445
PAL_BCH_EXC|X|XXX|\N||988594|\N|\N|BRANCH EXCLUSION|0|2018-03-01|9999-12-31|2018-04-17|133445
PAL_BCH_EXC|X|XXX|\N||988595|\N|\N|BRANCH EXCLUSION|0|2018-03-01|9999-12-31|2018-04-17|133446
PAL_BCH_EXC|X|XXX|\N||988596|\N|\N|BRANCH EXCLUSION|0|2018-03-01|9999-12-31|2018-04-17|133446
PAL_BCH_EXC|X|XXX|\N||988597|\N|\N|BRANCH EXCLUSION|0|2018-03-01|9999-12-31|2018-04-17|133446
PAL_BCH_EXC|X|XXX|\N||988598|\N|\N|BRANCH EXCLUSION|0|2018-03-01|9999-12-31|2018-04-17|133446
PAL_BCH_EXC|X|XXX|\N||988599|\N|\N|BRANCH EXCLUSION|0|2018-03-01|9999-12-31|2018-04-17|133446
BSGSAV|X|XXX|S||\N|\N|\N|BEHAV SCORE GROUP SAVINGS ACCOUNT|0|2011-01-01|9999-12-31|2012-11-14|110738
PROBE_CT_RATIO_5|X|XXX|0|0|0|45|100|CALCULATION RATIO 5 (MIN OVER MAX)|0|2011-01-01|9999-12-31|2012-11-14|110738
PRIORINSIGHT|X|XXX|2||\N|\N|\N|CUSTOMER PRIORITY INSIGHT RULE|13|2011-01-01|9999-12-31|2012-11-14|110738
PRIORINSIGHT|X|XXX|4||\N|\N|\N|CUSTOMER PRIORITY INSIGHT RULE|10|2011-01-01|9999-12-31|2012-11-14|110738
PRIORINSIGHT|X|XXX|5||\N|\N|\N|CUSTOMER PRIORITY INSIGHT RULE|9|2011-01-01|9999-12-31|2012-11-14|110738
PRIORINSIGHT|X|XXX|6||\N|\N|\N|CUSTOMER PRIORITY INSIGHT RULE|8|2011-01-01|9999-12-31|2012-11-14|110738
PRIORINSIGHT|X|XXX|8||\N|\N|\N|CUSTOMER PRIORITY INSIGHT RULE|6|2011-01-01|9999-12-31|2012-11-14|110738
PRIORINSIGHT|X|XXX|9||\N|\N|\N|CUSTOMER PRIORITY INSIGHT RULE|5|2011-01-01|9999-12-31|2012-11-14|110738
PRIORINSIGHT|X|XXX|B||\N|\N|\N|CUSTOMER PRIORITY INSIGHT RULE|11|2011-01-01|9999-12-31|2012-11-14|110738
PRIORINSIGHT|X|XXX|D||\N|\N|\N|CUSTOMER PRIORITY INSIGHT RULE|4|2011-01-01|9999-12-31|2012-11-14|110738
PRIORINSIGHT|X|XXX|N||\N|\N|\N|CUSTOMER PRIORITY INSIGHT RULE|20|2011-01-01|9999-12-31|2012-11-14|110738
PRIORINSIGHT|X|XXX|Q||\N|\N|\N|CUSTOMER PRIORITY INSIGHT RULE|15|2011-01-01|9999-12-31|2012-11-14|110738
PRIORINSIGHT|X|XXX|R||\N|\N|\N|CUSTOMER PRIORITY INSIGHT RULE|2|2011-01-01|9999-12-31|2012-11-14|110738
PRIORINSIGHT|X|XXX|U||\N|\N|\N|CUSTOMER PRIORITY INSIGHT RULE|18|2011-01-01|9999-12-31|2012-11-14|110738
PRIORINSIGHT|X|XXX|V||\N|\N|\N|CUSTOMER PRIORITY INSIGHT RULE|3|2011-01-01|9999-12-31|2012-11-14|110738
PRIORINSIGHT|X|XXX|W||\N|\N|\N|CUSTOMER PRIORITY INSIGHT RULE|1|2011-01-01|9999-12-31|2012-11-14|110738
PRIORINSIGHT|X|XXX|X||\N|\N|\N|CUSTOMER PRIORITY INSIGHT RULE|16|2011-01-01|9999-12-31|2012-11-14|110738
PRIORINSIGHT|X|XXX|Z||\N|\N|\N|CUSTOMER PRIORITY INSIGHT RULE|19|2011-01-01|9999-12-31|2012-11-14|110738
PRIORINSIGHT|X|XXX|S||\N|\N|\N|CUSTOMER PRIORITY INSIGHT RULE|17|2011-01-01|9999-12-31|2012-11-14|110738
PRIORINSIGHT|X|XXX|7||\N|\N|\N|CUSTOMER PRIORITY INSIGHT RULE|7|2011-01-01|9999-12-31|2012-11-14|110738
PRIORINSIGHT|X|XXX|3||\N|\N|\N|CUSTOMER PRIORITY INSIGHT RULE|12|2011-01-01|9999-12-31|2012-11-14|110738
PRIORINSIGHT|X|XXX|1||\N|\N|\N|CUSTOMER PRIORITY INSIGHT RULE|14|2011-01-01|9999-12-31|2012-11-14|110738
PRIORINSIGHT|X|XXX|0||\N|\N|\N|CUSTOMER PRIORITY INSIGHT RULE|21|2011-01-01|9999-12-31|2012-11-14|110738
PROBE_CT_RATIO_3|X|XXX|0|0|0|25|100|CALCULATION RATIO 3 (MIN OVER MAX)|0|2011-01-01|9999-12-31|2012-11-14|110738
BSGMORT|X|XXX|M||\N|\N|\N|BEHAV SCORE GROUP MORTGAGE ACCOUNT|0|2011-01-01|9999-12-31|2012-11-14|110738
PROBE_CT_RATIO_2|X|XXX|0|0|0|13|100|CALCULATION RATIO 2 (MIN OVER MAX)|0|2011-01-01|9999-12-31|2012-11-14|110738
PRIORCREDGRD|X|XXX|||\N|\N|\N|CREDIT GRADE SORT ORDER|23|2014-08-01|2050-08-01|2014-09-03|160648
PRIORCREDGRD|X|XXX|A||\N|\N|\N|CREDIT GRADE SORT ORDER|22|2014-08-01|2050-08-01|2014-09-03|160648
PRIORCREDGRD|X|XXX|A1||\N|\N|\N|CREDIT GRADE SORT ORDER|21|2014-08-01|2050-08-01|2014-09-03|160648
PRIORCREDGRD|X|XXX|A2||\N|\N|\N|CREDIT GRADE SORT ORDER|20|2014-08-01|2050-08-01|2014-09-03|160648
PRIORCREDGRD|X|XXX|A3||\N|\N|\N|CREDIT GRADE SORT ORDER|19|2014-08-01|2050-08-01|2014-09-03|160648
PRIORCREDGRD|X|XXX|B||\N|\N|\N|CREDIT GRADE SORT ORDER|18|2014-08-01|2050-08-01|2014-09-03|160648
PRIORCREDGRD|X|XXX|B1||\N|\N|\N|CREDIT GRADE SORT ORDER|17|2014-08-01|2050-08-01|2014-09-03|160648
PRIORCREDGRD|X|XXX|B2||\N|\N|\N|CREDIT GRADE SORT ORDER|16|2014-08-01|2050-08-01|2014-09-03|160648
PRIORCREDGRD|X|XXX|B3||\N|\N|\N|CREDIT GRADE SORT ORDER|15|2014-08-01|2050-08-01|2014-09-03|160648
PRIORCREDGRD|X|XXX|C||\N|\N|\N|CREDIT GRADE SORT ORDER|14|2014-08-01|2050-08-01|2014-09-03|160648
PRIORCREDGRD|X|XXX|C1||\N|\N|\N|CREDIT GRADE SORT ORDER|13|2014-08-01|2050-08-01|2014-09-03|160648
PRIORCREDGRD|X|XXX|C2||\N|\N|\N|CREDIT GRADE SORT ORDER|12|2014-08-01|2050-08-01|2014-09-03|160648
PRIORCREDGRD|X|XXX|C3||\N|\N|\N|CREDIT GRADE SORT ORDER|11|2014-08-01|2050-08-01|2014-09-03|160648
PRIORCREDGRD|X|XXX|D1||\N|\N|\N|CREDIT GRADE SORT ORDER|9|2014-08-01|2050-08-01|2014-09-03|160648
PRIORCREDGRD|X|XXX|D2||\N|\N|\N|CREDIT GRADE SORT ORDER|8|2014-08-01|2050-08-01|2014-09-03|160648
PRIORCREDGRD|X|XXX|D3||\N|\N|\N|CREDIT GRADE SORT ORDER|7|2014-08-01|2050-08-01|2014-09-03|160648
PRIORCREDGRD|X|XXX|E||\N|\N|\N|CREDIT GRADE SORT ORDER|6|2014-08-01|2050-08-01|2014-09-03|160648
PRIORCREDGRD|X|XXX|E1||\N|\N|\N|CREDIT GRADE SORT ORDER|5|2014-08-01|2050-08-01|2014-09-03|160649
PRIORCREDGRD|X|XXX|E2||\N|\N|\N|CREDIT GRADE SORT ORDER|4|2014-08-01|2050-08-01|2014-09-03|160649
PRIORCREDGRD|X|XXX|E3||\N|\N|\N|CREDIT GRADE SORT ORDER|3|2014-08-01|2050-08-01|2014-09-03|160649
PRIORCREDGRD|X|XXX|E4||\N|\N|\N|CREDIT GRADE SORT ORDER|2|2014-08-01|2050-08-01|2014-09-03|160649
PRIORCREDGRD|X|XXX|F||\N|\N|\N|CREDIT GRADE SORT ORDER|1|2014-08-01|2050-08-01|2014-09-03|160649
PRIORCREDGRD|X|XXX|F2||\N|\N|\N|CREDIT GRADE SORT ORDER|50|2014-08-01|2050-08-01|2014-09-03|160649
PRIORCREDGRD|X|XXX|F3||\N|\N|\N|CREDIT GRADE SORT ORDER|51|2014-08-01|2050-08-01|2014-09-03|160649
PRIORCREDGRD|X|XXX|D0||\N|\N|\N|CREDIT GRADE SORT ORDER|60|2014-08-01|2050-08-01|2014-09-03|160649
PRIORCREDGRD|X|XXX|D4||\N|\N|\N|CREDIT GRADE SORT ORDER|61|2014-08-01|2050-08-01|2014-09-03|160649
PRIORCREDGRD|X|XXX|D5||\N|\N|\N|CREDIT GRADE SORT ORDER|62|2014-08-01|2050-08-01|2014-09-03|160649
PRIORCREDGRD|X|XXX|D6||\N|\N|\N|CREDIT GRADE SORT ORDER|63|2014-08-01|2050-08-01|2014-09-03|160649
PRIORCREDGRD|X|XXX|D9||\N|\N|\N|CREDIT GRADE SORT ORDER|64|2014-08-01|2050-08-01|2014-09-03|160649
PRIORCREDGRD|X|XXX|A0||\N|\N|\N|CREDIT GRADE SORT ORDER|70|2014-08-01|2050-08-01|2014-09-03|160649
PRIORCREDGRD|X|XXX|A5||\N|\N|\N|CREDIT GRADE SORT ORDER|71|2014-08-01|2050-08-01|2014-09-03|160649
PRIORCREDGRD|X|XXX|A9||\N|\N|\N|CREDIT GRADE SORT ORDER|72|2014-08-01|2050-08-01|2014-09-03|160649
PRIORCREDGRD|X|XXX|G5||\N|\N|\N|CREDIT GRADE SORT ORDER|96|2014-08-01|2050-08-01|2014-09-03|160649
PRIORCREDGRD|X|XXX|G9||\N|\N|\N|CREDIT GRADE SORT ORDER|97|2014-08-01|2050-08-01|2014-09-03|160649
PRIORCREDGRD|X|XXX|G2||\N|\N|\N|CREDIT GRADE SORT ORDER|98|2014-08-01|2050-08-01|2014-09-03|160649
PRIORCREDGRD|X|XXX|G||\N|\N|\N|CREDIT GRADE SORT ORDER|99|2014-08-01|2050-08-01|2014-09-03|160649
PRIORCREDGRD|X|XXX|||\N|\N|\N|CREDIT GRADE SORT ORDER|23|2014-08-01|2050-08-01|2014-09-03|162205
PRIORCREDGRD|X|XXX|B4||\N|\N|\N|CREDIT GRADE SORT ORDER|73|2014-08-01|2050-08-01|2014-09-03|153005
PRIORCREDGRD|X|XXX|D||\N|\N|\N|CREDIT GRADE SORT ORDER|10|2014-08-01|2050-08-01|2014-09-03|153005
PRIORCREDGRD|X|XXX|D7||\N|\N|\N|CREDIT GRADE SORT ORDER|67|2014-08-01|2050-08-01|2014-09-03|153005
PRIORCREDGRD|X|XXX|E0||\N|\N|\N|CREDIT GRADE SORT ORDER|66|2014-08-01|2050-08-01|2014-09-03|153005
PRIORCREDGRD|X|XXX|E5||\N|\N|\N|CREDIT GRADE SORT ORDER|65|2014-08-01|2050-08-01|2014-09-03|153005
PRIORCREDGRD|X|XXX|F1||\N|\N|\N|CREDIT GRADE SORT ORDER|54|2014-08-01|2050-08-01|2014-09-03|153005
PRIORCREDGRD|X|XXX|F4||\N|\N|\N|CREDIT GRADE SORT ORDER|52|2014-08-01|2050-08-01|2014-09-03|153005
PRIORCREDGRD|X|XXX|F6||\N|\N|\N|CREDIT GRADE SORT ORDER|53|2014-08-01|2050-08-01|2014-09-03|153005
PRIORCREDGRD|X|XXX|G3||\N|\N|\N|CREDIT GRADE SORT ORDER|96|2014-08-01|2050-08-01|2014-09-03|153005
PRIORCREDGRD|X|XXX|G4||\N|\N|\N|CREDIT GRADE SORT ORDER|95|2014-08-01|2050-08-01|2014-09-03|153005
PRIORCREDGRD|X|XXX|G6||\N|\N|\N|CREDIT GRADE SORT ORDER|94|2014-08-01|2050-08-01|2014-09-03|153005
PRIORCREDGRD|X|XXX|NA||\N|\N|\N|CREDIT GRADE SORT ORDER|91|2014-08-01|2050-08-01|2014-09-03|153005
PROBE_CT_RATIO_7|X|XXX|0|0|0|142857|1000000|CALCULATION RATIO 7 (MIN OVER MAX)|0|2011-01-01|9999-12-31|2012-11-14|110738
PRIORSCI|X|XXX|CM3||\N|\N|\N|SPECIAL CREDIT INDICATOR|8|2011-01-01|9999-12-31|2012-11-14|110738
PRIORSCI|X|XXX|EDA||\N|\N|\N|SPECIAL CREDIT INDICATOR|9|2011-01-01|9999-12-31|2012-11-14|110738
PRIORSCI|X|XXX|EDX||\N|\N|\N|SPECIAL CREDIT INDICATOR|11|2011-01-01|9999-12-31|2012-11-14|110738
PRIORSCI|X|XXX|GA1||\N|\N|\N|SPECIAL CREDIT INDICATOR|12|2011-01-01|9999-12-31|2012-11-14|110738
PRIORSCI|X|XXX|GA3||\N|\N|\N|SPECIAL CREDIT INDICATOR|17|2011-01-01|9999-12-31|2012-11-14|110738
PRIORSCI|X|XXX|GA4||\N|\N|\N|SPECIAL CREDIT INDICATOR|15|2011-01-01|9999-12-31|2012-11-14|110738
PRIORSCI|X|XXX|GA5||\N|\N|\N|SPECIAL CREDIT INDICATOR|16|2011-01-01|9999-12-31|2012-11-14|110738
PRIORSCI|X|XXX|GA6||\N|\N|\N|SPECIAL CREDIT INDICATOR|3|2011-01-01|9999-12-31|2012-11-14|110738
PRIORSCI|X|XXX|GA7||\N|\N|\N|SPECIAL CREDIT INDICATOR|18|2011-01-01|9999-12-31|2012-11-14|110738
PRIORSCI|X|XXX|GA8||\N|\N|\N|SPECIAL CREDIT INDICATOR|2|2011-01-01|9999-12-31|2012-11-14|110738
PRIORSCI|X|XXX|GA9||\N|\N|\N|SPECIAL CREDIT INDICATOR|19|2011-01-01|9999-12-31|2012-11-14|110738
PRIORSCI|X|XXX|GAB||\N|\N|\N|SPECIAL CREDIT INDICATOR|31|2011-01-01|9999-12-31|2012-11-14|110738
PRIORSCI|X|XXX|GAC||\N|\N|\N|SPECIAL CREDIT INDICATOR|23|2011-01-01|9999-12-31|2012-11-14|110738
PRIORSCI|X|XXX|GAD||\N|\N|\N|SPECIAL CREDIT INDICATOR|24|2011-01-01|9999-12-31|2012-11-14|110738
PRIORSCI|X|XXX|GAE||\N|\N|\N|SPECIAL CREDIT INDICATOR|25|2011-01-01|9999-12-31|2012-11-14|110738
PRIORSCI|X|XXX|GAF||\N|\N|\N|SPECIAL CREDIT INDICATOR|26|2011-01-01|9999-12-31|2012-11-14|110738
PRIORSCI|X|XXX|GAG||\N|\N|\N|SPECIAL CREDIT INDICATOR|27|2011-01-01|9999-12-31|2012-11-14|110738
PRIORSCI|X|XXX|GAH||\N|\N|\N|SPECIAL CREDIT INDICATOR|28|2011-01-01|9999-12-31|2012-11-14|110738
PRIORSCI|X|XXX|GAJ||\N|\N|\N|SPECIAL CREDIT INDICATOR|29|2011-01-01|9999-12-31|2012-11-14|110738
PRIORSCI|X|XXX|GAK||\N|\N|\N|SPECIAL CREDIT INDICATOR|21|2011-01-01|9999-12-31|2012-11-14|110738
PRIORSCI|X|XXX|GAL||\N|\N|\N|SPECIAL CREDIT INDICATOR|22|2011-01-01|9999-12-31|2012-11-14|110738
PRIORSCI|X|XXX|GAM||\N|\N|\N|SPECIAL CREDIT INDICATOR|13|2011-01-01|9999-12-31|2012-11-14|110738
PRIORSCI|X|XXX|GAN||\N|\N|\N|SPECIAL CREDIT INDICATOR|32|2011-01-01|9999-12-31|2012-11-14|110738
PRIORSCI|X|XXX|GAO||\N|\N|\N|SPECIAL CREDIT INDICATOR|14|2011-01-01|9999-12-31|2012-11-14|110738
PRIORSCI|X|XXX|GAP||\N|\N|\N|SPECIAL CREDIT INDICATOR|20|2011-01-01|9999-12-31|2012-11-14|110738
PRIORSCI|X|XXX|GAQ||\N|\N|\N|SPECIAL CREDIT INDICATOR|33|2011-01-01|9999-12-31|2012-11-14|110738
PRIORSCI|X|XXX|GAS||\N|\N|\N|SPECIAL CREDIT INDICATOR|35|2011-01-01|9999-12-31|2012-11-14|110738
PRIORSCI|X|XXX|GAT||\N|\N|\N|SPECIAL CREDIT INDICATOR|1|2011-01-01|9999-12-31|2012-11-14|110738
PRIORSCI|X|XXX|GAU||\N|\N|\N|SPECIAL CREDIT INDICATOR|36|2011-01-01|9999-12-31|2012-11-14|110738
PRIORSCI|X|XXX|GAV||\N|\N|\N|SPECIAL CREDIT INDICATOR|37|2011-01-01|9999-12-31|2012-11-14|110738
PRIORSCI|X|XXX|GAW||\N|\N|\N|SPECIAL CREDIT INDICATOR|38|2011-01-01|9999-12-31|2012-11-14|110738
PRIORSCI|X|XXX|GAX||\N|\N|\N|SPECIAL CREDIT INDICATOR|5|2011-01-01|9999-12-31|2012-11-14|110738
PRIORSCI|X|XXX|GAY||\N|\N|\N|SPECIAL CREDIT INDICATOR|39|2011-01-01|9999-12-31|2012-11-14|110738
PRIORSCI|X|XXX|GAZ||\N|\N|\N|SPECIAL CREDIT INDICATOR|40|2011-01-01|9999-12-31|2012-11-14|110738
PRIORSCI|X|XXX|NSC||\N|\N|\N|SPECIAL CREDIT INDICATOR|41|2011-01-01|9999-12-31|2012-11-14|110738
PRIORSCI|X|XXX|RE1||\N|\N|\N|SPECIAL CREDIT INDICATOR|10|2011-01-01|9999-12-31|2012-11-14|110738
PRIORSCI|X|XXX|GAR||\N|\N|\N|SPECIAL CREDIT INDICATOR|34|2011-01-01|9999-12-31|2012-11-14|110738
PRIORSCI|X|XXX|GAA||\N|\N|\N|SPECIAL CREDIT INDICATOR|30|2011-01-01|9999-12-31|2012-11-14|110738
PRIORSCI|X|XXX|GA2||\N|\N|\N|SPECIAL CREDIT INDICATOR|4|2011-01-01|9999-12-31|2012-11-14|110738
PRIORSCI|X|XXX|DCR||\N|\N|\N|SPECIAL CREDIT INDICATOR|42|2011-01-01|9999-12-31|2012-11-14|110738
PRIORSCI|X|XXX|CM2||\N|\N|\N|SPECIAL CREDIT INDICATOR|7|2011-01-01|9999-12-31|2012-11-14|110738
PRIORSCI|X|XXX|CM1||\N|\N|\N|SPECIAL CREDIT INDICATOR|6|2011-01-01|9999-12-31|2012-11-14|110738
MORTSTATUS|X|XXX|N|NONARREARS|0|0|0|MORTGAGE MANAGER ACCOUNT STATUS|0|2011-01-01|9999-12-31|2012-11-14|110738
MORTSTATUS|X|XXX|A|ARREARS|0|0|0|MORTGAGE MANAGER ACCOUNT STATUS|0|2011-01-01|9999-12-31|2012-11-14|110738
MORTSTATUS|X|XXX|R|CLOSED|0|0|0|MORTGAGE MANAGER ACCOUNT STATUS|0|2011-01-01|9999-12-31|2012-11-14|110738
MORTSTATUS|X|XXX|F|CLOSED|0|0|0|MORTGAGE MANAGER ACCOUNT STATUS|0|2011-01-01|9999-12-31|2012-11-14|110738
MORTSTATUS|X|XXX|T|CLOSED|0|0|0|MORTGAGE MANAGER ACCOUNT STATUS|0|2011-01-01|9999-12-31|2012-11-14|110738
MORTSTATUS|X|XXX|P|APPLICATION|0|0|0|MORTGAGE MANAGER ACCOUNT STATUS|0|2011-01-01|9999-12-31|2012-11-14|110738
PROBE_CT_RATIO_8|X|XXX|0|0|0|285714|1000000|CALCULATION RATIO 8 (MIN OVER MAX)|0|2011-01-01|9999-12-31|2012-11-14|110738
EXPIRE_ACCUM_M|X|XXX|0|0|6|0|0|UPPER LIMIT IN MONTHS DATA KEPT ACCUM_MORT TABLE|0|2011-01-01|9999-12-31|2012-11-14|110738
PRIORSEGMENT|X|XXX|X|0|0|0|0|CUSTOMER PRIORITY SEGMENT CODE RULE|1|2011-01-01|9999-12-31|2012-11-14|110738
PRIORSEGMENT|X|XXX|C|0|0|0|0|CUSTOMER PRIORITY SEGMENT CODE RULE|2|2011-01-01|9999-12-31|2012-11-14|110738
PRIORSEGMENT|X|XXX|W|0|0|0|0|CUSTOMER PRIORITY SEGMENT CODE RULE|3|2011-01-01|9999-12-31|2012-11-14|110738
PRIORSEGMENT|X|XXX|B|0|0|0|0|CUSTOMER PRIORITY SEGMENT CODE RULE|4|2011-01-01|9999-12-31|2012-11-14|110738
PRIORSEGMENT|X|XXX|S|0|0|0|0|CUSTOMER PRIORITY SEGMENT CODE RULE|5|2011-01-01|9999-12-31|2012-11-14|110738
PRIORSEGMENT|X|XXX|I|0|0|0|0|CUSTOMER PRIORITY SEGMENT CODE RULE|6|2011-01-01|9999-12-31|2012-11-14|110738
PRIORSEGMENT|X|XXX|P|0|0|0|0|CUSTOMER PRIORITY SEGMENT CODE RULE|9|2011-01-01|9999-12-31|2012-11-14|110738
PRIORSEGMENT|X|XXX|Q||\N|\N|\N|CUSTOMER PRIORITY SEGMENT CODE RULE|7|2015-08-01|9999-12-31|2015-08-01|125418
PRIORSEGMENT|X|XXX|V||\N|\N|\N|CUSTOMER PRIORITY SEGMENT CODE RULE|8|2015-08-01|9999-12-31|2015-08-01|125418
EID3|X|XXX|||7|\N|\N|EARLIEST ISSUE DATE 3 CARD TYPE|2|2011-01-01|9999-12-31|2012-11-14|110738
EID3|X|XXX|||4|\N|\N|EARLIEST ISSUE DATE 3 CARD TYPE|1|2011-01-01|9999-12-31|2012-11-14|110738
BEHAV|X|XXX|||\N|7|7|HIERARCHY FOR RISK SCORE|7|2011-01-01|9999-12-31|2012-11-14|110738
BEHAV|X|XXX|||\N|6|6|HIERARCHY FOR RISK SCORE|6|2011-01-01|9999-12-31|2012-11-14|110738
BEHAV|X|XXX|||\N|5|5|HIERARCHY FOR RISK SCORE|5|2011-01-01|9999-12-31|2012-11-14|110738
BEHAV|X|XXX|||\N|8|8|HIERARCHY FOR RISK SCORE|8|2011-01-01|9999-12-31|2012-11-14|110738
BEHAV|X|XXX|||\N|4|4|HIERARCHY FOR RISK SCORE|4|2011-01-01|9999-12-31|2012-11-14|110738
BEHAV|X|XXX|||\N|3|3|HIERARCHY FOR RISK SCORE|3|2011-01-01|9999-12-31|2012-11-14|110738
BEHAV|X|XXX|||\N|2|2|HIERARCHY FOR RISK SCORE|2|2011-01-01|9999-12-31|2012-11-14|110738
BEHAV|X|XXX|||\N|1|1|HIERARCHY FOR RISK SCORE|1|2011-01-01|9999-12-31|2012-11-14|110738
BEHAV|X|XXX|||\N|0|0|HIERARCHY FOR RISK SCORE|16|2011-01-01|9999-12-31|2012-11-14|110738
BEHAV|X|XXX|||\N|200|999|HIERARCHY FOR RISK SCORE|11|2011-01-01|9999-12-31|2012-11-14|110738
BEHAV|X|XXX|||\N|52|52|HIERARCHY FOR RISK SCORE|15|2011-01-01|9999-12-31|2012-11-14|110738
BEHAV|X|XXX|||\N|51|51|HIERARCHY FOR RISK SCORE|14|2011-01-01|9999-12-31|2012-11-14|110738
BEHAV|X|XXX|||\N|12|12|HIERARCHY FOR RISK SCORE|13|2011-01-01|9999-12-31|2012-11-14|110738
BEHAV|X|XXX|||\N|11|11|HIERARCHY FOR RISK SCORE|12|2011-01-01|9999-12-31|2012-11-14|110738
BEHAV|X|XXX|||\N|10|10|HIERARCHY FOR RISK SCORE|10|2011-01-01|9999-12-31|2012-11-14|110738
BEHAV|X|XXX|||\N|9|9|HIERARCHY FOR RISK SCORE|9|2011-01-01|9999-12-31|2012-11-14|110738
COLLCHGPAIDCHG|X|XXX|PCHG||\N|\N|\N|COLLECTIONS AND CHARGES PAID CHARGE|0|2011-01-01|9999-12-31|2012-11-14|110738
EID2|X|XXX|||8|\N|\N|EARLIEST ISSUE DATE 2 CARD TYPE|2|2011-01-01|9999-12-31|2012-11-14|110738
EID2|X|XXX|||1|\N|\N|EARLIEST ISSUE DATE 2 CARD TYPE|1|2011-01-01|9999-12-31|2012-11-14|110738
AUTOTFRMAIN|X|XXX|M||\N|\N|\N|AUTO TRANSFER MAIN INDICATOR|0|2011-01-01|9999-12-31|2012-11-14|110738
PROBE_NON_STAFF|X|XXX|N|0|0|0|0|NON STAFF ACCOUNT INDICATOR|0|2011-01-01|9999-12-31|2012-11-14|110738
COLLCHGUNPAIDCHG|X|XXX|UCHG||\N|\N|\N|COLLECTIONS AND CHARGES UNPAID CHARGE|0|2011-01-01|9999-12-31|2012-11-14|110738
COLLCHGCHQABS|X|XXX|QITM||\N|\N|\N|COLLECTIONS AND CHARGES CHEQUE CARD ABUSE|0|2011-01-01|9999-12-31|2012-11-14|110738
TRIGGERTYPE|X|XXX|0|MEND RUN|0|0|0|0|0|2011-01-01|9999-12-31|2012-11-14|110738
TRIGGERTYPE|X|XXX|0|NEW ACCOUNT|5|0|0|NEW ACCOUNT OR ACCOUNT OWNERSHIP CHANGED|0|2011-01-01|9999-12-31|2012-11-14|110738
TRIGGERTYPE|X|XXX|0|BAD DEBT|10|0|0|BAD DEBT REPORTED|0|2011-01-01|9999-12-31|2012-11-14|110738
TRIGGERTYPE|X|XXX|0|UNPAID REFERRAL|20|0|0|UNPAID REFERRAL|0|2011-01-01|9999-12-31|2012-11-14|110738
TRIGGERTYPE|X|XXX|0|WITHDRAWAL|30|0|0|LARGE WITHDRAWAL|0|2011-01-01|9999-12-31|2012-11-14|110738
TRIGGERTYPE|X|XXX|0|CREDIT|40|0|0|LARGE CREDIT|0|2011-01-01|9999-12-31|2012-11-14|110738
TRIGGERTYPE|X|XXX|0|AUTO TRANSFER|60|0|0|AUTO TRANSFER ARRANGEMENT CHANGE|0|2011-01-01|9999-12-31|2012-11-14|110738
TRIGGERTYPE|X|XXX|0|NO CREDIT|70|0|0|EXTENDED PERIOD SINCE LAST CREDIT|0|2011-01-01|9999-12-31|2012-11-14|110738
PROBE_ACTIVE|X|XXX|0|0|0|-10|-4|LIMIT PROBE ACTIVE RECORDS ON ACCOUNT CLOSED DATE|0|2011-01-01|9999-12-31|2012-11-14|110738
QCBHR|X|XXX|2||-996|\N|\N|HIERARCHY FOR RNILF04|2|2011-01-01|9999-12-31|2012-11-14|110738
QCBHR|X|XXX|1||-997|\N|\N|HIERARCHY FOR RNILF04|1|2011-01-01|9999-12-31|2012-11-14|110738
APPLACCTEXCL|X|XXX|F2||\N|\N|\N|EXCLUDED ACCOUNT TYPE HIREP FRL F2|0|2011-01-01|9999-12-31|2012-11-14|110738
APPLACCTEXCL|X|XXX|F1||\N|\N|\N|EXCLUDED ACCOUNT TYPE HIREP FRL F1|0|2011-01-01|9999-12-31|2012-11-14|110738
EID4|X|XXX|||5|\N|\N|EARLIEST ISSUE DATE 4 CARD TYPE|1|2011-01-01|9999-12-31|2012-11-14|110738
EID4|X|XXX|||6|\N|\N|EARLIEST ISSUE DATE 4 CARD TYPE|2|2011-01-01|9999-12-31|2012-11-14|110738
OD_SOURCE_HEAD_OFFIC|X|XXX|H|\N|\N|\N|\N|OVERDRAFT LIMIT SOURCE|0|2011-01-01|9999-12-31|2012-11-14|110738
EXPIRE_ACCUM_F|X|XXX|0|0|6|0|0|UPPER LIMIT IN MONTHS DATA KEPT ACCUM_FRL TABLE|0|2011-01-01|9999-12-31|2012-11-14|110738
MORT_ACCUM_INC|X|XXX|TA|\N|\N|\N|\N|MORT ACCUMS TRANS INCLUDE|0|2011-01-01|9999-12-31|2012-11-14|110738
MORT_ACCUM_INC|X|XXX|IN|\N|\N|\N|\N|MORT ACCUMS TRANS INCLUDE|0|2011-01-01|9999-12-31|2012-11-14|110738
MORT_ACCUM_INC|X|XXX|AD|\N|\N|\N|\N|MORT ACCUMS TRANS INCLUDE|0|2011-01-01|9999-12-31|2012-11-14|110738
PROBE_CONVERT_1|X|XXX|EM|0|0|0|0|PROBE CONVERSION RULE 1|0|2011-01-01|9999-12-31|2012-11-14|110738
DCMHR|X|XXX|3||-997|\N|\N|HIERARCHY FOR E5-S-05|3|2011-01-01|9999-12-31|2012-11-14|110738
DCMHR|X|XXX|4||-996|\N|\N|HIERARCHY FOR E5-S-05|4|2011-01-01|9999-12-31|2012-11-14|110738
DCMHR|X|XXX|2||-998|\N|\N|HIERARCHY FOR E5-S-05|2|2011-01-01|9999-12-31|2012-11-14|110738
DCMHR|X|XXX|1||0|\N|\N|HIERARCHY FOR E5-S-05|1|2011-01-01|9999-12-31|2012-11-14|110738
BSGCURRBUS|X|XXX|A||0|0|0|BEHAV SCORE GROUP BUS CURRENT ACCOUNT|0|2011-01-01|9999-12-31|2012-11-22|110738
BSGEMP|X|XXX|E||\N|\N|\N|BEHAV SCORE GROUP EMPLOYEE (STAFF) ACCOUNT|0|2011-01-01|9999-12-31|2012-11-14|110738
PRIORG|X|XXX|H||\N|\N|\N|CUSTOMER DATA PRIORITY RULE G|5|2011-01-01|9999-12-31|2012-11-14|110738
PRIORG|X|XXX|W||\N|\N|\N|CUSTOMER DATA PRIORITY RULE G|6|2011-01-01|9999-12-31|2012-11-14|110738
PRIORG|X|XXX|X||\N|\N|\N|CUSTOMER DATA PRIORITY RULE G|7|2011-01-01|9999-12-31|2012-11-14|110738
PRIORG|X|XXX|Z||\N|\N|\N|CUSTOMER DATA PRIORITY RULE G|1|2011-01-01|9999-12-31|2012-11-14|110738
PRIORG|X|XXX|G||\N|\N|\N|CUSTOMER DATA PRIORITY RULE G|4|2011-01-01|9999-12-31|2012-11-14|110738
PRIORG|X|XXX|R||\N|\N|\N|CUSTOMER DATA PRIORITY RULE G|2|2011-01-01|9999-12-31|2012-11-14|110738
PRIORG|X|XXX|D||\N|\N|\N|CUSTOMER DATA PRIORITY RULE G|3|2011-01-01|9999-12-31|2012-11-14|110738
TEMP_HO_BLIM_IN_USE|X|XXX|1|\N|\N|\N|\N|TEMP BORROWING LIMIT SOURCE|0|2011-01-01|9999-12-31|2012-11-14|110738
OD_SOURCE_TEMP|X|XXX|T|\N|\N|\N|\N|OVERDRAFT LIMIT SOURCE|0|2011-01-01|9999-12-31|2012-11-14|110738
MORT_ACCUM_EXC|X|XXX|OPC|\N|\N|\N|\N|MORT ACCUMS TRANS EXCLUDE|0|2011-01-01|9999-12-31|2012-11-14|110738
MORT_ACCUM_EXC|X|XXX|OPD|\N|\N|\N|\N|MORT ACCUMS TRANS EXCLUDE|0|2011-01-01|9999-12-31|2012-11-14|110738
MORT_ACCUM_EXC|X|XXX|ORD|\N|\N|\N|\N|MORT ACCUMS TRANS EXCLUDE|0|2011-01-01|9999-12-31|2012-11-14|110738
MORT_ACCUM_EXC|X|XXX|ORC|\N|\N|\N|\N|MORT ACCUMS TRANS EXCLUDE|0|2011-01-01|9999-12-31|2012-11-14|110738
PROBE_STAFF|X|XXX|Y|0|1|0|0|STAFF ACCOUNT INDICATOR|0|2011-01-01|9999-12-31|2012-11-14|110738
PAL_SCI_EXC|X|XXX|NSC||\N|\N|\N|SCI EXCLUSION|0|2015-02-01|9999-12-31|2015-03-04|213426
OISHR|X|XXX|2||9998|\N|\N|HIRERARCHY FOR OI SCORE|2|2011-01-01|9999-12-31|2012-11-14|110738
OISHR|X|XXX|5||-997|\N|\N|HIRERARCHY FOR OI SCORE|5|2011-01-01|9999-12-31|2012-11-14|110738
OISHR|X|XXX|6||-996|\N|\N|HIRERARCHY FOR OI SCORE|6|2011-01-01|9999-12-31|2012-11-14|110738
OISHR|X|XXX|4||9999|\N|\N|HIRERARCHY FOR OI SCORE|4|2011-01-01|9999-12-31|2012-11-14|110738
OISHR|X|XXX|3||-998|\N|\N|HIRERARCHY FOR OI SCORE|3|2011-01-01|9999-12-31|2012-11-14|110738
OISHR|X|XXX|1||9997|\N|\N|HIRERARCHY FOR OI SCORE|1|2011-01-01|9999-12-31|2012-11-14|110738
OISHR|X|XXX|7||0|\N|\N|HIRERARCHY FOR OI SCORE|7|2014-08-01|2050-08-01|2014-09-03|160650
MORTAUTOCR|X|XXX|Z6C|\N|\N|\N|\N|MORTGAGE AUTO CREDIT TRANSACTION|0|2011-01-01|9999-12-31|2012-11-14|110738
MORTAUTOCR|X|XXX|Z9C|\N|\N|\N|\N|MORTGAGE AUTO CREDIT TRANSACTION|0|2011-01-01|9999-12-31|2012-11-14|110738
CARDCONVERT2|X|XXX|||2|3|\N|CARD TYPE CONVERSION RULE 2|0|2011-01-01|9999-12-31|2012-11-14|110738
MRTMGRACCTYPE|X|XXX|MG||0|0|0|MORTGAGE MANAGER ACCOUNT TYPE|0|2011-01-01|9999-12-31|2012-11-14|110738
COLLCHGUNPAID|X|XXX|UITM||\N|\N|\N|COLLECTIONS AND CHARGES UNPAID ITEM|0|2011-01-01|9999-12-31|2012-11-14|110738
CIFASFL|X|XXX|Y||\N|\N|\N|EQUIFAX CIFAS FLAG PRIORITY|1|2014-08-01|2050-08-01|2014-09-03|153005
CIFASFL|X|XXX|N||\N|\N|\N|EQUIFAX CIFAS FLAG PRIORITY|2|2014-08-01|2050-08-01|2014-09-03|153005
CIFASFL|X|XXX|||\N|\N|\N|EQUIFAX CIFAS FLAG PRIORITY|3|2014-08-01|2050-08-01|2014-09-03|153005