2017-06-01|MAN FINANCIAL SERV|L
2020-01-28|YORKSHIRE / CLYDESDALE AF|F
2020-01-28|PARAGON BANK PLC|F
2019-06-06|SHB HIRE|F
2019-06-06|LEASYS UK LTD|F
2017-06-01|PLAN FINANCE LTD|I
2019-06-06|RIVERMORE LIMITED|F
2017-06-01|PITNEY BOWES FINAN|L
2017-06-01|FORD CREDIT  UK|F
2020-01-28|TOYOTA|F
2019-06-06|RICOH CAPITAL LTD|F
2019-06-06|TOWERLEASING|F
2019-06-06|ACADEMY LEASING|F
2017-06-01|OAKWOOD HOMELOANS|F
2020-01-28|LDF FINANCE NO.2|F
2017-06-01|ZOPA LIMITED|F
2020-01-28|NORTON FINANCE|F
2017-06-01|PSG FINANCIAL SERV|F
2017-06-01|CLOSEBROS BUSFINAN|F
2019-06-06|INVESTEC ASSET FIN|F
2020-01-28|DANSKE BANK|F
2019-06-06|BURNT TREE|F
2019-06-06|HONDA FINANCE|F
2017-06-01|BLUEFIN COMMERCIAL|I
2020-01-28|WHAT CREDIT LTD|F
2019-06-06|CAR CARE PLAN LTD|F
2017-06-01|BLACK HORSE|F
2020-01-28|PEUGEOT MOTOR|F
2020-01-28|SIEMENS FINANCIAL SERVICES|F
2020-01-28|GE / WELLS FARGO|F
2021-04-23|LDF FINANCE NO.2 L|F
2019-06-06|PEAC UK LIMITED|F
2020-01-28|METRO BANK ASSET FINANCE|F
2017-06-01|PREMIUM CREDIT LTD|F
2020-01-28|MERCEDES-BENZ VANS|F
2020-01-28|FCE BANK|F
2017-06-01|MBFIN|F
2020-01-28|FUNDING CIRCLE L|F
2017-06-01|ROC FIN 2|F
2020-01-28|IWOCA|F
2020-01-28|CF CORPORATE FINANCE|F
2020-01-28|BNP PARIBAS LEASING|F
2020-01-28|MERCEDES-BENZ TRUCK|F
2017-06-01|SHOGUN FINANCE|F
2017-06-01|PROWOOD FINANCE LT|F
2017-06-01|CREATION.CO.UK|F
2017-06-01|1ST CREDIT FUND 1|F
2017-06-01|PHOTOLEASE LIMITED|L
2021-04-23|DISTRIBUTION FINAN|F
2017-06-01|RAPHAEL FINANCE|F
2019-06-06|SPEEDYASSET LTD|F
2021-04-23|INTERBAY FUNDING|F
2021-04-23|CLOSEBROS ASSETFIN|F
2019-06-06|MERCEDES-BENZ|F
2019-06-06|ARMADA INVESTMENTS|F
2020-01-28|HAYDOCK ASSET FINANCE|F
2021-04-23|ALPHABET GB LTD.|F
2017-06-01|PC/FAIRWAY CREDIT|F
2017-06-01|CLOSEBROSMOTFIN|F
2017-06-01|THE CAR FINANCE CO|F
2020-01-28|CORPORATE ASSET SOLUTION|F
2019-06-06|DEUTSCHE LEAS UK|F
2020-01-28|FAIR FINANCE|F
2020-01-28|VWUK|F
2020-01-28|NETWORK Q WARRANTY|F
2019-06-06|OGILVIE FLEET LTD|F
2017-06-01|SPIRIT LEASED  COL|L
2019-06-06|ASSET ADVANTAGE|F
2017-06-01|TSB PLC|F
2020-01-28|PARAGON COMMERCIAL 103407000|F
2019-06-06|SG EQUIPMENT|F
2017-06-01|SPECSAVERS FINANCE|F
2020-01-28|CONTRACT VEHICLES|F
2021-04-23|AGRICREDIT LTD|F
2020-01-28|APPLE RETAIL UK LTD PREPAY  PHOTOLEASE LIMITED|F
2020-01-28|JAGUAR LAND ROVER GB|F
2020-01-28|CATERPILLAR UK LTD|F
2020-01-28|BIS|F
2017-06-01|MANITOU FINANCE LI|L
2019-06-06|ZENITH|F
2017-06-01|PRESTIGE FINANCE G|F
2020-01-28|PARAGON BANK|F
2019-06-06|HSBC|F
2020-01-28|REWARD FINANCE GROUP|F
2020-01-28|MOTABILITY OPERATIONS|F
2020-01-28|JCT FINANCE|F
2019-06-06|HAMPSHIRE TRUST AF|F
2019-06-06|KENNETEQUIPMENT|F
2019-06-06|INVESTEC BANK PLC|F
2019-06-06|CREDIT ASSET MANAG|F
2020-01-28|SCANIA FINANCE|F
2020-01-28|BMW FINANCIAL SERVICES|F
2020-01-28|PARAGON SPECIALIST FLEET|F
2017-06-01|MISTRAL ASSET FINA|L
2019-06-06|SIEMENS FINANCIAL|F
2017-06-01|HSBC L     UK  L|I
2019-06-06|SHAWBROOK BANK LTD|F
2020-01-28|AMC|F
2017-06-01|CLOSE-AUTONET INSU|I
2017-06-01|MULTIFLEET VEHICLE|L
2020-01-28|PSA FINANCE UK|F
2019-06-06|DEUTSCHE LEASING|F
2017-06-01|SANTANDER FIN|F
2020-01-28|ARNOLD CLARK FINANCE|F
2017-06-01|PC/BLUEFIN INS|I
2017-06-01|LLOYDS HEALTH|I
2021-04-23|HAYDOCK FIN LTD|F
2019-06-06|H S B C|F
2019-06-06|LOMBARD|F
2017-06-01|SUZUKI FINANCE|F
2020-01-28|GRENKELEASING LIMITED|F
2020-01-28|D F CAPITAL LTD|F
2017-06-01|XEROX FINANCE LIMI|L
2019-06-06|CLOSE BROTHERS AF|F
2017-06-01|PCF CREDIT LIMITED|F
2020-01-28|HANDELSBANK|F
2020-01-28|BCRS BUSINESS LOAN|F
2019-06-06|AUTOSERVE LTD|F
2019-06-06|AUTO SERVE LTD|F
2017-06-01|ULTIMATE ASSET FIN|L
2019-06-06|VOLVO GROUP UK|F
2019-06-06|CNHI FS UK|F
2017-06-01|VWFS  UK  LIMITED|L
2020-01-28|FIRST RESPONSE FINANCE|F
2019-06-06|MERCEDES BENZ FINA|F
2019-06-06|HENDY GROUP LTD|F
2021-04-23|HITACHI CAP VEHICL|F
2019-06-06|COWIESBURN ASSET M|F
2020-01-28|HFE WHOLESALE MOTOR|F
2021-04-23|JOHN DEERE BANK|F
2017-06-01|HITACHI CAPITAL CO|F
2019-06-06|VW FS|F
2020-01-28|URICA EUROPE|F
2019-06-06|FCA AUTO SERVICES|F
2019-06-06|COMPASS BUSINESS F|F
2017-06-01|WARRANTY&CREDITOR|I
2019-06-06|SYSCAP LEASING LTD|F
2017-06-01|CAPITAL ONE|F
2019-06-06|MERCEDES-BENZ TRUC|F
2021-04-23|BLUEROCK SECURED F|F
2021-04-23|CLOSEBROS BRAEMAR|F
2019-06-06|BARCLAYS PARTNER F|F
2017-06-01|MERCEDES-BENZ CARS|F
2021-04-23|HYUNDAI CAPITAL UK|F
2019-06-06|MERCHANT RENTALS|F
2019-06-06|ESME LOANS|F
2020-01-28|BCA VEHICLE SERVICE|F
2017-06-01|LEX AUTOLEASE|L
2019-06-06|MARSHALL LEASING|F
2019-06-06|T C HARRISON LEASI|F
2017-06-01|PC/FOOTBALL CREDIT|F
2017-06-01|NEW DEAL FINANCE|F
2019-06-06|NEOPOSTFINANCE LTD|F
2017-06-01|WELCOME FINANCE|F
2017-06-01|SANTANDER LOANS|F
2017-06-01|HSBC LIFE  UK  LTD|I
2021-04-23|MOTONOVO FINANCE L|F
2019-06-06|SCANIA|F
2019-06-06|PETIT FORESTIER|F
2019-06-06|TOWER LEASING|F
2019-06-06|LLOYDSBANKCF|F
2020-01-28|VAG FINANCE|F
2019-06-06|BNP PARIBAS LEASIN|F
2017-06-01|MOTIVA VEHICLE|L
2020-01-28|HME|F
2020-01-28|SHAWBROOK BANK LTD 218158|F
2017-06-01|HCC CREDIT SERVICE|I
2020-01-28|CRX CUSTOMER|F
2019-06-06|UNITED RENTAL GROU|F
2020-01-28|HENRY HOWARD FINANCE|F
2017-06-01|SG EQUIPMENT FINAN|F
2017-06-01|HAYDOCK FINANCE|F
2017-06-01|SAN UK BUS LOANS|F
2017-06-01|REALITY FINANCE SO|F
2020-01-28|MERCEDES BENZ FINANCE|F
2019-06-06|RIVERS LEASING PLC|F
2017-06-01|SKYE LOANS LIMITED|F
2017-06-01|MOTONOVO FINANCE|L
2020-01-28|VFS FINANCIAL SERVICES|F
2017-06-01|YB ASSET FINANCE|L
2019-06-06|MACQUARIE EQUIPMEN|F
2019-06-06|LOMBARD NORTH CENT|F
2019-06-06|J C B FINANCE LTD|F
2019-06-06|CATERPILLAR|F
2017-06-01|PSA FINANCE UK LTD|F
2021-04-23|FLEXIBLE BUS LOAN|F
2020-01-28|COWIESBURN ASSET MANAGEMENT|F
2020-01-28|CENTRAL ASSET FINANCE|F
2017-06-01|SIEMENS FIN SERV|L
2020-01-28|TOYOTA MOTOR EUROPE|F
2017-06-01|NWB BUSINESS LOAN|F
2017-06-01|SATELLITE FINANCE|F
2020-01-28|CLOSE BROTHERS BRAEMAR|F
2020-01-28|CNH INDUSTRIAL CAPITAL|F
2019-06-06|ALD AUTOMOTIVE|F
2019-06-06|AZULE LTD|F
2019-06-06|BLUE MOTOR FINANCE|F
2021-04-23|INTERBAY ASSET FIN|F
2019-06-06|CATHEDRAL LEASING|F
2019-06-06|PRAETURA ASSET FIN|F
2020-01-28|PREMEX|F
2019-06-06|METROBANK|F
2020-01-28|CLOSE LEASING|F
2019-06-06|COMMERCIAL VEHICLE|F
2017-06-01|RAC FINANCIAL SERV|F
2019-06-06|METRO BANK|F
2019-06-06|GE CAPITAL EQP FIN|F
2020-01-28|WHITEOAK|F
2019-06-06|BCA|F
2017-06-01|PEUGEOT FIN SERV|F
2017-06-01|NORTHRIDGE FINANCE|F
2019-06-06|ARVAL|F
2019-06-06|MACQUARIE|F
2020-01-28|LLOYDS BANK COMMERCIAL|F
2019-06-06|ALDERMOREBANKPLC|F
2019-06-06|DAF TRUCKS LTD|F
2020-01-28|T C HARRISON LEASING|F
2017-06-01|GO SKIPPY INSURANC|I
2020-01-28|MOTOR FINANCE ACCOUNT|F
2019-06-06|PEUGEOT MOTOR COMP|F
2020-01-28|RBS ESME|F
2020-01-28|SG EQUIPMENT FINANCE|F
2019-06-06|MONEY BARN|F
2017-06-01|VFS FINANCIAL SERV|F
2019-06-06|LMH|F
2020-01-28|PRAETURA ASSET FINANCE (PAF)|F
2019-06-06|HITACHICAPITALUK|F
2019-06-06|AGILITY UK LTD|F
2020-01-28|VICTORIA ASSET 05VICTQPW0867581|F
2017-06-01|PC/MERCEDES INS|I
2019-06-06|SHIRE LEASING|F
2020-01-28|MAN FINANCIAL SERVICES|F
2020-01-28|ZOPA|F
2017-06-01|CLOSE PREMIUM FIN|I
2019-06-06|LLOYDS BANK COMMER|F
2020-01-28|VLS CLOSE BROTHERS|F
2020-01-28|FUNDING CIRCLE LTD|F
2020-01-28|CAPITALISE|F
2019-06-06|JAGUAR FS|F
2019-06-06|ALDERMOREBANK PLC|F
2020-01-28|INVESTEC ASSET FINANCE|F
2017-06-01|LLOYDS BANK GI|I
2020-01-28|RCI FINANCIAL SERVICES|F
2019-06-06|AMS TRACKING|F
2017-06-01|PC/LEISURE CREDIT|F
2020-01-28|KINGSWAY ASSET|F
2017-06-01|UNIVERSFIN|F
2017-06-01|PEPPER HOMELOANS|F
2020-01-28|TOYOTA FINANCIAL SERVICES|F
2017-06-01|AFFINION INT LTD|I
2019-06-06|MOTABILITY|F
2021-04-23|QUANTUM FUNDING LT|F
2020-01-28|BANK OF SCOTLAND|F
2019-06-06|ALPHERA FINANCIAL|F
2020-01-28|CYSCAP|F
2019-06-06|MTB UK|F
2020-01-28|PILOTFISH|F
2019-06-06|CAPSOL LEASING|F
2020-01-28|NATIONWIDE CORPORATE FINANCE|F
2019-06-06|ALPHABET GB LTD|F
2017-06-01|RCIFINSERV-OMEGA|L
2020-01-28|MANITOU FINANCE|F
2021-04-23|DLL NO 2|F
2020-01-28|PACCAR FINANCIAL SERVICES|F
2020-01-28|H&T|F
2017-06-01|SME ASSET FINANCE|F
2019-06-06|HITACHI CAPITAL UK|F
2020-01-28|CHEVINGTON FINANCE|F
2020-01-28|PEUGEOT MOTOR COMPANY|F
2017-06-01|NBS PERSONAL LOANS|F
2019-06-06|KINGSLEY ASSET FIN|F
2019-06-06|APPLE RETAIL UK LT|F
2019-06-06|ARKLE|F
2020-01-28|LIBERIS|F
2017-06-01|NATWEST LOAN|F
2020-01-28|ASSETZ CAPITAL|F
2017-06-01|YB PERSONAL LOANS|F
2019-06-06|H S BC|F
2019-06-06|SAF PLC|F
2020-01-28|D D - P F|F
2017-06-01|PC/LLOYDS & BARNES|I
2020-01-28|PREMIUM CREDIT|F
2017-06-01|REPARO FINANCE|F
2017-06-01|LEASEPLAN UK LIMIT|L
2019-06-06|TOYOTA MATERIAL|F
2020-01-28|BMW FS|F
2020-01-28|CONISTER BANK LTD|F
2017-06-01|RBS PERSONAL LOAN|F
2019-06-06|LANDROVER FS|F
2019-06-06|GROSVENOR LEASING|F
2019-06-06|BRIGGS EQUIPMENT|F
2020-01-28|MONEYBOX|F
2017-06-01|TESCO BANK|F
2019-06-06|NEOPOSTFINANCELTD|F
2019-06-06|JAGUAR LAND ROVER|F
2019-06-06|D LL|F
2019-06-06|JCB FINANCE LTD|F
2019-06-06|NEXT GEAR CAPITAL|F
2021-04-23|MI VEHICLE FINANCE|F
2019-06-06|HYUNDAI MOTOR UK|F
2020-01-28|ULTIMATE ASSET FINANCE|F
2019-06-06|VIRTUAL LEASE SERV|F
2017-06-01|NETWORK|L
2019-06-06|ALDERMORE BANK PLC|F
2020-01-28|YORKSHIRE ASSET FINANCE|F
2017-06-01|PC/CARFINANCE247|F
2019-06-06|CF CORPORATE FINAN|F
2019-06-06|HESTAN ASSET FIN|F
2020-01-28|CLAAS FINANCIAL SERVICES|F
2020-01-28|HCP CAPITAL|F
2019-06-06|XEROX FINANCE|F
2020-01-28|BMW UK|F
2019-06-06|QUANTUM FUNDING|F
2020-01-28|HYUNDAI CAPITAL|F
2020-01-28|VAUXHALL FINANCE|F
2020-01-28|AGRICREDIT|F
2020-01-28|TOGETHER MONEY|F
2017-06-01|NACO FINANCE LTD|I
2020-01-28|BARCLAYS PARTNER FINANCE|F
2019-06-06|CENTRAL ASSET FINA|F
2019-06-06|AURORA LEASING LTD|F
2019-06-06|AKIRA FINANCIAL|F
2020-01-28|SANTANDER CONSUMER 10017035250852|F
2020-01-28|LANCASHIRE MORTGAGE CO|F
2017-06-01|PUBLIC WORKS LOANS|F
2020-01-28|HONDA FINANCE EUROPE|F
2020-01-28|FERRATUM|F
2017-06-01|SG EQUIPMENT FIN|F
2017-06-01|BARCLAYS INSURANCE|I
2019-06-06|TUSKERDIRECT LTD|F
2020-01-28|EDINBURGH FINANCE|F
2020-01-28|HANDELSBANKEN|F
2021-04-23|ALDERMORE BANK COL|F
2017-06-01|OPTIMUM CREDIT|F
2019-06-06|PARAGON COMMERCIAL|F
2019-06-06|LAND ROVER FS|F
2017-06-01|NFU MUTUAL INS-BC|F
2019-06-06|RCI FINANCIAL SERV|F
2020-01-28|ASSET ADVANTAGE LIMITED|F
2019-06-06|GET MOTORING UK|F
2020-01-28|FORD CREDIT FCE BANK|F
2021-04-23|ABIB INSTALMENTS|F
2019-06-06|GRENKELEASING LIMI|F
2021-04-23|BMW FINANCIAL SERV|F
2020-01-28|MOTORHOME FINANCE MHF|F
2020-01-28|PITNEY BOWES FINANCE|F
2019-06-06|CLOSE BROTHERS|F
2020-01-28|LDF FINANCE|F
2020-01-28|CAPITAL ON TAP|F
2020-01-28|PREMIER PLATFORMS|F
2019-06-06|FORD CREDIT|F
2020-01-28|BOOST CAPITAL|F
2019-06-06|ALD AUTOMOTIVE LTD|F
2020-01-28|RATESETTER|F
2019-06-06|FCA AUTOSERVICES|F
2017-06-01|NW BUSINESS LOAN|F
2020-01-28|UNITED RENTAL GROUP|F
2019-06-06|CLOSEBROTHERS|F
2017-06-01|HONDA FINANCE EURO|F
2019-06-06|MONEYBARN|F
2020-01-28|INCHCAPE FLEET SOLUTIONS|F
2021-04-23|CLOSE MOTOR FIN|F
2020-01-28|LOOKERS LEASING|F
2020-01-28|ABN AMRO ABF|F
2019-06-06|JOHN DEERE|F
2019-06-06|CORPORATE ASSET SO|F
2019-06-06|MC RENTAL LTD|F
2020-01-28|CATERPILLAR  UK|F
2019-06-06|CLAAS FINANCIAL SE|F
2017-06-01|LLOYDSBANK ALLIANZ|I
2019-06-06|CATHEDRALLEASING|F
2019-06-06|HFE WHOLESALE MOTO|F
2017-06-01|BMW INSURED WARR|I
2020-01-28|TOTAL MOTION LTD|F
2017-06-01|RBS BUSINESS LOAN|F
2020-01-28|IGNITION CREDIT|F
2019-06-06|TIP TRAILER|F
2020-01-28|MI VEHICLE|F
2020-01-28|TOOMEY LEASING|F
2019-06-06|KENNET EQUIPMENT|F
2020-01-28|BARCLAYS PARTNER FBPF|F
2017-06-01|TOPAZ FINANCE LTD|F
2019-06-06|FUNDINGCIRCLE|F
2020-01-28|H2O MANAGEMENT LTD|F
2020-01-28|YES PAYDAY LOANS|F
2019-06-06|SCANIA GB|F
2019-06-06|SVENSKA HANDELSBK|F
2019-06-06|COMMERCIALVEHICLE|F
2017-06-01|MOORE FINANCE LTD|F
2017-06-01|BARCLAYS PRTNR FIN|F
2020-01-28|ARVAL SU2966|F
2017-06-01|HITACHI CAPITAL|F
2020-01-28|MACQUARIE EQUIPMENT|F
2017-06-01|SNAP-ON FINANCE UK|F
2017-06-01|CLOSE - BEDFORD IN|I
2017-06-01|MELLOR FINANCE LIM|L
2021-04-23|PROPEL FINANCE PLC|F
2021-04-23|DE LAGE LANDEN|F
2019-06-06|PSA|F
2019-06-06|CNH INDUSTRIAL CAP|F
2020-01-28|CATERPILLAR LOGISTICS|F
2019-06-06|ARNOLD CLARK FINAN|F
2020-01-28|ESME|F
2019-06-06|FUNDING CIRCLE|F
2020-01-28|CNHI CAPITAL LIMIT|F
2017-06-01|PROQUIP BARCLAYS|L
2020-01-28|FLEET HIRE LIMITED|F
2019-06-06|ALDERMORE BANK|F
2019-06-06|ASSET ADVANTAGE LI|F
2019-06-06|B C A|F
2020-01-28|EMAC|F
2017-06-01|TOYOTA FINANCIAL S|F
2019-06-06|LLOYDS BANK CF|F
2020-01-28|FOLK TO FOLK LTD|F
2021-01-01|BBLS Loan|F
2020-01-28|COMPASS BUSINESS FINANCE|F
2017-06-01|NORTHGATE VEHICLE|L
2020-01-28|QUIDIE|F
2019-06-06|SPEEDY ASSET LTD|F
2019-06-06|DLL|F
2020-01-28|SHAWBROOK|F
2019-06-06|FIRST RESPONSE FIN|F
2020-01-28|VENSON GROUP|F
2019-06-06|LEASEPLAN UK|F
2017-06-01|BLUEFIN INSURANCE|I
2020-01-28|VOLVO|F
2019-06-06|BIBBY LEASING|F
2019-06-06|VWFS|F
2019-06-06|NEXTGEAR CAPITAL|F
2017-06-01|TSB HOME SOLUTIONS|I
2019-06-06|LLOYDS BANK C F|F
2017-06-01|INSURANCE BROK FIN|I
2017-06-01|PLAN.COM|I
2021-04-23|LDF FINANCE NO.3 L|F
2019-06-06|JUNGHEINRICH FS|F
2020-01-28|FLEXIMIZE|F
2020-01-28|NISSAN MOTOR FINANCE|F
2017-06-01|SCANIA FINANCE GRE|F
2019-06-06|HENRY HOWARD FINAN|F
2020-01-28|LOMBARD TRICITY|F
2019-06-06|MOTORHOME FINANCE|F
2019-06-06|MERCEDES -BENZ|F
2020-01-28|VAUXHALL FINANCE PLC|F
2017-06-01|SANTANDER CONSUMER|F
2020-01-28|INT MTR FINANCE|F
2019-06-06|ALPHERA|F
2020-01-28|REWARD CAPITAL|F
2020-01-28|VOLVO CAR UK LTD|F
2017-06-01|BLUEFIN PROFESSION|I
2017-06-01|PRU FINCL SERVS|I
2021-04-23|ALPHABET  GB  LTD.|F
2022-11-11|AL RAYAN BANK|F
2022-11-11|BBLSLOAN|F
2022-11-11|BLACKHORSE|F
2022-11-11|CAPITALONE|F
2022-11-11|FORD CREDIT UK|F
2022-11-11|LEX AUTO LEASE|L
2022-11-11|PARAGONBANK|F
2022-11-11|RBSBUSINESSLOAN|F
2022-11-11|VAUXHALL FINANCE P|F
2022-11-11|VAUXHALLFINANCEPLC|F
2022-11-11|VWFS UK LIMITED|L
2022-11-11|YORKSHIRE B/SOC|F