MTYFBTPROB|EM001|100.0|PERCENTAGE|2011-01-01|9999-12-31|CDE OWN ACCOUNT - NO DATA FROM EDW|2013-08-08|133753
MTYRSTPROB|EM006|1.0E8|ABSOLUTE|2011-01-01|9999-12-31|CDE OWN ACCOUNT BUT RECORD LEVEL FLAG F|2013-08-08|133756
MNYRCMRBCT|EM011|10000.0|ABSOLUTE|2017-10-20|9999-12-31|INVALID RELATED ID|2017-11-13|105033
DLYCUSTPER|EM048|100.0|PERCENTAGE|2011-01-01|9999-12-31|INVALID SEGMENT CODE|2014-01-13|131630
MNYRCMCLMT|EM016|10000.0|ABSOLUTE|2017-10-20|9999-12-31|INVALID EXPIRY OR REVIEW DATE|2017-11-13|105031
DLYCUSTPER|EM034|100.0|PERCENTAGE|2011-01-01|9999-12-31|DATA SUPPLIED - INVALID UPDATE VALUE CR|2013-08-08|133751
DLYRSTPROB|EM013|101.0|PERCENTAGE|2011-01-01|9999-12-31|RECORD FLAG ? BUT NO LEGACY RECORD|2013-08-08|133756
MTYFBTPROB|EM025|100.0|PERCENTAGE|2011-01-01|9999-12-31|NOT CDE OWNED HAS LEGACY DATA RECORD F|2013-11-13|110417
DLYRSTPROB|EM005|1000000.0|ABSOLUTE|2011-01-01|9999-12-31|CDE OWN ACCOUNT BUT NO EDW RESULT DATA|2013-08-08|133753
DLYFBTPROB|EM022|101.0|PERCENTAGE|2011-01-01|9999-12-31|FIELD VALIDATION FAILED|2013-08-08|133754
DLYRSTPROB|EM017|101.0|PERCENTAGE|2011-01-01|9999-12-31|RECORD FLAG ? BUT UPDATE NOT ALLOWED|2013-08-08|133759
DLYRCMCLMT|EM013|10000.0|ABSOLUTE|2017-10-20|9999-12-31|INVALID LIMIT TYPE|2017-11-13|105030
MNYRCMCLMT|EM011|10000.0|ABSOLUTE|2017-10-20|9999-12-31|INVALID CUSTOMER ID|2017-11-13|105031
MNYRCMCLMT|EM017|10000.0|ABSOLUTE|2017-10-20|9999-12-31|RECORD FLAG F BUT NO LEGACY RECORD|2017-11-13|105031
MTYFBTPROB|EM005|100.0|PERCENTAGE|2011-01-01|9999-12-31|CDE OWN ACCOUNT BUT NO EDW RESULT DATA|2013-08-08|133754
DLYRSTPROB|EM004|101.0|PERCENTAGE|2011-01-01|9999-12-31|CDE OWN ACCOUNT BUT NO EDW FEEDBACK DATA|2013-08-08|133757
MNYRCMCLMT|EM013|10000.0|ABSOLUTE|2017-10-20|9999-12-31|INVALID LIMIT TYPE|2017-11-13|105031
DLYFBTPROB|EM002|101.0|PERCENTAGE|2011-01-01|9999-12-31|NO FEEDBACK RECORD FROM EDW|2013-08-08|133756
DLYPREPAL|EM013|50000.0|ABSOLUTE|2011-01-01|9999-12-31|RECORD FLAG ? BUT NO LEGACY RECORD|2013-08-08|133757
DLYFBTPROB|EM013|101.0|PERCENTAGE|2011-01-01|9999-12-31|RECORD FLAG ? BUT NO LEGACY RECORD|2013-08-08|133755
DLYFBTPROB|EM005|1000000.0|ABSOLUTE|2011-01-01|9999-12-31|CDE OWN ACCOUNT BUT NO EDW RESULT DATA|2013-08-08|133755
DLYFBTPROB|EM012|101.0|PERCENTAGE|2011-01-01|9999-12-31|RECORD FLAG F BUT IGNORE NOT ALLOWED|2013-08-08|133757
DLYCUSTPER|EM028|100.0|PERCENTAGE|2011-01-01|9999-12-31|DATA SUPPLIED - INVALID UPDATE IND   CG|2013-08-08|133753
DLYCUSTPER|EM036|100.0|PERCENTAGE|2011-01-01|9999-12-31|DATA SUPPLIED - INVALID UPDATE VALUE SE|2013-08-08|133755
MNYRCMRBCT|EM015|10000.0|ABSOLUTE|2017-10-20|9999-12-31|NONE OF THE FIELD FLAGS IS TRUE|2017-11-13|105033
DLYPALSCR|EM018|50000.0|ABSOLUTE|2011-01-01|9999-12-31|RECORD FLAG ? ALL FLD FLG F OR SPACES|2013-08-08|133756
DLYRSTPROB|EM022|101.0|PERCENTAGE|2011-01-01|9999-12-31|FIELD VALIDATION FAILED|2013-08-08|133755
DLYPREPAL|EM024|50000.0|ABSOLUTE|2011-01-01|9999-12-31|RECORD FLAG F BUT NO LEGACY RECORD|2013-08-08|133755
DLYFBTPROB|EM008|101.0|PERCENTAGE|2011-01-01|9999-12-31|ERROR ACCOUNT NOT IN FULL RESULT FILE|2013-08-08|133757
DLYPREPAL|EM017|50000.0|ABSOLUTE|2011-01-01|9999-12-31|RECORD FLAG ? BUT UPDATE NOT ALLOWED|2013-08-08|133756
MTYRSTPROB|EM011|1.0E8|ABSOLUTE|2011-01-01|9999-12-31|RECORD FLAG F BUT NO LEGACY RECORD|2013-08-08|133757
DLYCUSTPER|EM032|100.0|PERCENTAGE|2011-01-01|9999-12-31|DATA SUPPLIED - INVALID UPDATE VALUE SP|2013-08-08|133756
DLYCUSTPER|EM033|100.0|PERCENTAGE|2011-01-01|9999-12-31|DATA SUPPLIED - INVALID UPDATE VALUE SH|2013-08-08|133755
MTYFBTPROB|EM003|100.0|PERCENTAGE|2011-01-01|9999-12-31|NO RESULT RECORD FROM EDW|2013-08-08|133752
DLYFBTPROB|EM010|101.0|PERCENTAGE|2011-01-01|9999-12-31|RECORD FLAG T BUT INSERT NOT ALLOWED|2013-08-08|133758
DLYPALSCR|EM022|50000.0|ABSOLUTE|2011-01-01|9999-12-31|FIELD VALIDATION FAILED|2013-08-08|133758
DLYRSTPROB|EM001|101.0|PERCENTAGE|2011-01-01|9999-12-31|CDE OWN ACCOUNT - NO DATA FROM EDW|2013-08-08|133756
DLYFBTPROB|EM003|101.0|PERCENTAGE|2011-01-01|9999-12-31|NO RESULT RECORD FROM EDW|2013-08-08|133751
DLYPREPAL|EM014|50000.0|ABSOLUTE|2011-01-01|9999-12-31|INVALID VALUE IN RECORD LEVEL FLAG|2013-08-08|133754
DLYPREPAL|EM016|50000.0|ABSOLUTE|2011-01-01|9999-12-31|RECORD FLAG ? BUT FIELD FLAG INVALID|2013-08-08|133751
DLYFBTPROB|EM025|101.0|PERCENTAGE|2011-01-01|9999-12-31|NOT CDE OWNED HAS LEGACY DATA RECORD F|2013-11-13|110417
DLYFBTPROB|EM016|101.0|PERCENTAGE|2011-01-01|9999-12-31|RECORD FLAG ? BUT FIELD FLAG INVALID|2013-08-08|133758
DLYRCMCLMT|EM014|10000.0|ABSOLUTE|2017-10-20|9999-12-31|INVALID CURRENT INDICATOR|2017-11-13|105031
DLYRSTPROB|EM025|101.0|PERCENTAGE|2011-01-01|9999-12-31|NOT CDE OWNED HAS LEGACY DATA RECORD F|2013-11-13|110417
MTYRSTPROB|EM012|1.0E8|ABSOLUTE|2011-01-01|9999-12-31|RECORD FLAG F BUT IGNORE NOT ALLOWED|2013-08-08|133758
MTYRSTPROB|EM016|1.0E8|ABSOLUTE|2011-01-01|9999-12-31|RECORD FLAG ? BUT FIELD FLAG INVALID|2013-08-08|133751
DLYRSTPROB|EM007|101.0|PERCENTAGE|2011-01-01|9999-12-31|CDE OWN ACCOUNT - NO EDW RSLT,FDBAK DATA|2013-08-08|133752
DLYRCMCLMT|EM017|10000.0|ABSOLUTE|2017-10-20|9999-12-31|RECORD FLAG F BUT NO LEGACY RECORD|2017-11-13|105031
MTYFBTPROB|EM016|100.0|PERCENTAGE|2011-01-01|9999-12-31|RECORD FLAG ? BUT FIELD FLAG INVALID|2013-08-08|133754
DLYRSTPROB|EM021|101.0|PERCENTAGE|2011-01-01|9999-12-31|RECORD NOT IN PREVIOUS DAY MAPPED FILE|2013-08-08|133757
MTYRSTPROB|EM025|100.0|PERCENTAGE|2011-01-01|9999-12-31|NOT CDE OWNED HAS LEGACY DATA RECORD F|2013-11-13|110417
DLYCUSTPER|EM042|100.0|PERCENTAGE|2011-01-01|9999-12-31|OLD VALUE NOT MATCHING WITH DB VALUE SE|2013-08-08|133754
DLYCUSTPER|EM014|100.0|PERCENTAGE|2011-01-01|9999-12-31|INVALID VALUE IN RECORD LEVEL FLAG|2014-01-13|131630
MNYRCMCLMT|EM015|10000.0|ABSOLUTE|2017-10-20|9999-12-31|INVALID LAST UPDATE USER|2017-11-13|105031
MNYRCMRBCT|EM016|10000.0|ABSOLUTE|2017-10-20|9999-12-31|FIELD VALIDATION FAILED|2017-11-13|105033
DLYPALSCR|EM010|50000.0|ABSOLUTE|2011-01-01|9999-12-31|RECORD FLAG T BUT INSERT NOT ALLOWED|2013-08-08|133757
DLYPALSCR|EM012|50000.0|ABSOLUTE|2011-01-01|9999-12-31|RECORD FLAG F BUT IGNORE NOT ALLOWED|2013-08-08|133755
DLYRSTPROB|EM002|101.0|PERCENTAGE|2011-01-01|9999-12-31|NO FEEDBACK RECORD FROM EDW|2013-08-08|133757
DLYPREPAL|EM022|50000.0|ABSOLUTE|2011-01-01|9999-12-31|FIELD VALIDATION FAILED|2013-08-08|133754
MTYRSTPROB|EM010|1.0E8|ABSOLUTE|2011-01-01|9999-12-31|RECORD FLAG T BUT INSERT NOT ALLOWED|2013-08-08|133756
DLYRCMCLMT|EM018|10000.0|ABSOLUTE|2017-10-20|9999-12-31|INVALID LIMIT VALUE|2017-11-13|105031
DLYRSTPROB|EM003|101.0|PERCENTAGE|2011-01-01|9999-12-31|NO RESULT RECORD FROM EDW|2013-08-08|133756
MTYRSTPROB|EM004|1.0E8|ABSOLUTE|2011-01-01|9999-12-31|CDE OWN ACCOUNT BUT NO EDW FEEDBACK DATA|2013-08-08|133751
DLYFBTPROB|EM001|101.0|PERCENTAGE|2011-01-01|9999-12-31|CDE OWN ACCOUNT - NO DATA FROM EDW|2013-08-08|133752
MTYFBTPROB|EM012|100.0|PERCENTAGE|2011-01-01|9999-12-31|RECORD FLAG F BUT IGNORE NOT ALLOWED|2013-08-08|133757
DLYCUSTPER|CNTRL|0.0|A|2011-01-01|9999-12-31||2013-08-08|133754
MNYRCMRBCN|EM013|10000.0|ABSOLUTE|2017-10-20|9999-12-31|INVALID RELATED CUSTOMER TYPE|2017-11-13|105032
MTYRSTPROB|EM005|1.0E8|ABSOLUTE|2011-01-01|9999-12-31|CDE OWN ACCOUNT BUT NO EDW RESULT DATA|2013-08-08|133754
DLYFBTPROB|EM018|101.0|PERCENTAGE|2011-01-01|9999-12-31|RECORD FLAG ? ALL FLD FLG F OR SPACES|2013-08-08|133758
MTYFBTPROB|EM013|100.0|PERCENTAGE|2011-01-01|9999-12-31|RECORD FLAG ? BUT NO LEGACY RECORD|2013-08-08|133757
MTYRSTPROB|EM002|1.0E8|ABSOLUTE|2011-01-01|9999-12-31|NO FEEDBACK RECORD FROM EDW|2013-08-08|133758
MTYFBTPROB|EM006|100.0|PERCENTAGE|2011-01-01|9999-12-31|CDE OWN ACCOUNT BUT RECORD LEVEL FLAG F|2013-08-08|133753
MTYFBTPROB|EM018|100.0|PERCENTAGE|2011-01-01|9999-12-31|RECORD FLAG ? ALL FLD FLG F OR SPACES|2013-08-08|133756
MTYFBTPROB|EM004|100.0|PERCENTAGE|2011-01-01|9999-12-31|CDE OWN ACCOUNT BUT NO EDW FEEDBACK DATA|2013-08-08|133755
DLYCUSTPER|EM040|100.0|PERCENTAGE|2011-01-01|9999-12-31|OLD VALUE NOT MATCHING WITH DB VALUE CG|2013-08-08|133753
DLYFBTPROB|EM004|101.0|PERCENTAGE|2011-01-01|9999-12-31|CDE OWN ACCOUNT BUT NO EDW FEEDBACK DATA|2013-08-08|133753
DLYCUSTPER|EM041|100.0|PERCENTAGE|2011-01-01|9999-12-31|OLD VALUE NOT MATCHING WITH DB VALUE CR|2013-08-08|133756
DLYFBTPROB|EM009|101.0|PERCENTAGE|2011-01-01|9999-12-31|ERROR ACCOUNT NOT IN FULL FEEDBACK FILE|2013-08-08|133753
DLYCUSTPER|EM038|100.0|PERCENTAGE|2011-01-01|9999-12-31|OLD VALUE NOT MATCHING WITH DB VALUE SP|2013-08-08|133756
MTYFBTPROB|EM002|100.0|PERCENTAGE|2011-01-01|9999-12-31|NO FEEDBACK RECORD FROM EDW|2013-08-08|133756
DLYCUSTPER|EM031|100.0|PERCENTAGE|2011-01-01|9999-12-31|DATA SUPPLIED - INVALID UPDATE IND   PO|2013-08-08|133753
DLYCUSTPER|EM043|100.0|PERCENTAGE|2011-01-01|9999-12-31|OLD VALUE NOT MATCHING WITH DB VALUE PO|2013-08-08|133755
DLYFBTPROB|EM007|101.0|PERCENTAGE|2011-01-01|9999-12-31|CDE OWN ACCOUNT - NO EDW RSLT,FDBAK DATA|2013-08-08|133758
MTYPALSCR|EM012|100.0|PERCENTAGE|2011-01-01|9999-12-31|RECORD FLAG F BUT IGNORE NOT ALLOWED|2013-08-08|133759
MNYRCMRBCN|EM012|10000.0|ABSOLUTE|2017-10-20|9999-12-31|INVALID LEAD CUSTOMER TYPE|2017-11-13|105032
DLYCUSTPER|EM039|100.0|PERCENTAGE|2011-01-01|9999-12-31|OLD VALUE NOT MATCHING WITH DB VALUE SH|2013-08-08|133752
MTYPALSCR|EM018|100.0|PERCENTAGE|2011-01-01|9999-12-31|RECORD FLAG ? ALL FLD FLG F OR SPACES|2013-08-08|133752
DLYCUSTPER|EM026|100.0|PERCENTAGE|2011-01-01|9999-12-31|DATA SUPPLIED - INVALID UPDATE IND   SP|2013-08-08|133758
MTYRSTPROB|EM008|1.0E8|ABSOLUTE|2011-01-01|9999-12-31|ERROR ACCOUNT NOT IN FULL RESULT FILE|2013-08-08|133753
MTYRSTPROB|EM014|1.0E8|ABSOLUTE|2011-01-01|9999-12-31|INVALID VALUE IN RECORD LEVEL FLAG|2013-08-08|133758
MTYFBTPROB|EM008|100.0|PERCENTAGE|2011-01-01|9999-12-31|ERROR ACCOUNT NOT IN FULL RESULT FILE|2013-08-08|133753
DLYFBTPROB|EM017|101.0|PERCENTAGE|2011-01-01|9999-12-31|RECORD FLAG ? BUT UPDATE NOT ALLOWED|2013-08-08|133751
MNYRCMCLMT|EM010|10000.0|ABSOLUTE|2017-10-20|9999-12-31|INVALID RECORD FLAG|2017-11-13|105031
MTYPALSCR|EM015|100.0|PERCENTAGE|2011-01-01|9999-12-31|RECORD FLAG T BUT REPLACE NOT ALLOWED|2013-08-08|133755
MNYRCMRBCN|EM010|10000.0|ABSOLUTE|2017-10-20|9999-12-31|INVALID LEAD ID|2017-11-13|105032
MTYRSTPROB|EM007|1.0E8|ABSOLUTE|2011-01-01|9999-12-31|CDE OWN ACCOUNT - NO EDW RSLT,FDBAK DATA|2013-08-08|133758
MTYRSTPROB|EM003|1.0E8|ABSOLUTE|2011-01-01|9999-12-31|NO RESULT RECORD FROM EDW|2013-08-08|133754
MNYRCMRBCT|EM014|10000.0|ABSOLUTE|2017-10-20|9999-12-31|INVALID RECORD LEVEL FLAG|2017-11-13|105033
MTYRSTPROB|EM021|100.0|PERCENTAGE|2011-01-01|9999-12-31|RECORD NOT IN PREVIOUS DAY MAPPED FILE|2013-08-08|133754
MTYRSTPROB|EM009|1.0E8|ABSOLUTE|2011-01-01|9999-12-31|ERROR ACCOUNT NOT IN FULL FEEDBACK FILE|2013-08-08|133758
MNYRCMCLMT|EM014|10000.0|ABSOLUTE|2017-10-20|9999-12-31|INVALID CURRENT INDICATOR|2017-11-13|105031
MTYFBTPROB|EM022|1.0E8|ABSOLUTE|2011-01-01|9999-12-31|FIELD VALIDATION FAILED|2013-08-08|133758
DLYCUSTPER|EM029|100.0|PERCENTAGE|2011-01-01|9999-12-31|DATA SUPPLIED - INVALID UPDATE IND   CR|2013-08-08|133757
DLYCUSTPER|EM035|100.0|PERCENTAGE|2011-01-01|9999-12-31|DATA SUPPLIED - INVALID UPDATE VALUE CG|2013-08-08|133754
MTYRSTPROB|EM013|1.0E8|ABSOLUTE|2011-01-01|9999-12-31|RECORD FLAG ? BUT NO LEGACY RECORD|2013-08-08|133759
DLYRSTPROB|EM010|101.0|PERCENTAGE|2011-01-01|9999-12-31|RECORD FLAG T BUT INSERT NOT ALLOWED|2013-08-08|133751
MNYRCMRBCN|EM016|10000.0|ABSOLUTE|2017-10-20|9999-12-31|FIELD VALIDATION FAILED|2017-11-13|105032
MTYFBTPROB|EM009|100.0|PERCENTAGE|2011-01-01|9999-12-31|ERROR ACCOUNT NOT IN FULL FEEDBACK FILE|2013-08-08|133754
MNYRCMCLMT|EM018|10000.0|ABSOLUTE|2017-10-20|9999-12-31|INVALID LIMIT VALUE|2017-11-13|105032
DLYRSTPROB|EM016|101.0|PERCENTAGE|2011-01-01|9999-12-31|RECORD FLAG ? BUT FIELD FLAG INVALID|2013-08-08|133754
DLYFBTPROB|EM006|101.0|PERCENTAGE|2011-01-01|9999-12-31|CDE OWN ACCOUNT BUT RECORD LEVEL FLAG F|2013-08-08|133751
DLYPALSCR|EM014|50000.0|ABSOLUTE|2011-01-01|9999-12-31|INVALID VALUE IN RECORD LEVEL FLAG|2013-08-08|133753
MTYFBTPROB|EM017|100.0|PERCENTAGE|2011-01-01|9999-12-31|RECORD FLAG ? BUT UPDATE NOT ALLOWED|2013-08-08|133753
DLYRCMCLMT|EM015|10000.0|ABSOLUTE|2017-10-20|9999-12-31|INVALID LAST UPDATE USER|2017-11-13|105031
MTYFBTPROB|EM021|100.0|PERCENTAGE|2011-01-01|9999-12-31|RECORD NOT IN PREVIOUS DAY MAPPED FILE|2013-08-08|133750
MNYRCMRBCT|EM017|10000.0|ABSOLUTE|2017-10-20|9999-12-31|RECORD FLAG F OR ? BUT NO LEGACY RECORD|2017-11-13|105033
DLYRSTPROB|EM008|101.0|PERCENTAGE|2011-01-01|9999-12-31|ERROR ACCOUNT NOT IN FULL RESULT FILE|2013-08-08|133755
MNYRCMRBCN|EM017|10000.0|ABSOLUTE|2017-10-20|9999-12-31|RECORD FLAG F OR ? BUT NO LEGACY RECORD|2017-11-13|105033
DLYCUSTPER|EM037|100.0|PERCENTAGE|2011-01-01|9999-12-31|DATA SUPPLIED - INVALID UPDATE VALUE PO|2013-08-08|133757
DLYRSTPROB|EM012|101.0|PERCENTAGE|2011-01-01|9999-12-31|RECORD FLAG F BUT IGNORE NOT ALLOWED|2013-08-08|133755
DLYFBTPROB|EM015|101.0|PERCENTAGE|2011-01-01|9999-12-31|RECORD FLAG T BUT REPLACE NOT ALLOWED|2013-08-08|133758
MTYRSTPROB|EM001|1.0E8|ABSOLUTE|2011-01-01|9999-12-31|CDE OWN ACCOUNT - NO DATA FROM EDW|2013-08-08|133753
MNYRCMRBCT|EM010|10000.0|ABSOLUTE|2017-10-20|9999-12-31|INVALID LEAD ID|2017-11-13|105033
DLYRCMCLMT|EM011|10000.0|ABSOLUTE|2017-10-20|9999-12-31|INVALID CUSTOMER ID|2017-11-13|105030
MNYRCMRBCT|EM012|10000.0|ABSOLUTE|2017-10-20|9999-12-31|INVALID LEAD CUSTOMER TYPE|2017-11-13|105033
DLYCUSTPER|EM044|100.0|PERCENTAGE|2011-01-01|9999-12-31|FILE NOT PROCESSED|2013-08-08|133758
DLYRSTPROB|EM006|101.0|PERCENTAGE|2011-01-01|9999-12-31|CDE OWN ACCOUNT BUT RECORD LEVEL FLAG F|2013-08-08|133756
MTYFBTPROB|EM014|100.0|PERCENTAGE|2011-01-01|9999-12-31|INVALID VALUE IN RECORD LEVEL FLAG|2013-08-08|133751
MTYFBTPROB|EM007|100.0|PERCENTAGE|2011-01-01|9999-12-31|CDE OWN ACCOUNT - NO EDW RSLT,FDBAK DATA|2013-08-08|133752
MTYFBTPROB|EM011|100.0|PERCENTAGE|2011-01-01|9999-12-31|RECORD FLAG F BUT NO LEGACY RECORD|2013-08-08|133758
MTYRSTPROB|EM015|1.0E8|ABSOLUTE|2011-01-01|9999-12-31|RECORD FLAG T BUT REPLACE NOT ALLOWED|2013-08-08|133758
MNYRCMRBCN|EM015|10000.0|ABSOLUTE|2017-10-20|9999-12-31|NONE OF THE FIELD FLAGS IS TRUE|2017-11-13|105032
DLYCUSTPER|EM027|100.0|PERCENTAGE|2011-01-01|9999-12-31|DATA SUPPLIED - INVALID UPDATE IND   SH|2013-08-08|133758
MNYRCMRBCN|EM011|10000.0|ABSOLUTE|2017-10-20|9999-12-31|INVALID RELATED ID|2017-11-13|105032
MTYRSTPROB|EM018|1.0E8|ABSOLUTE|2011-01-01|9999-12-31|RECORD FLAG ? ALL FLD FLG F OR SPACES|2013-08-08|133754
DLYRSTPROB|EM014|101.0|PERCENTAGE|2011-01-01|9999-12-31|INVALID VALUE IN RECORD LEVEL FLAG|2013-08-08|133757
DLYPREPAL|EM012|50000.0|ABSOLUTE|2011-01-01|9999-12-31|RECORD FLAG F BUT IGNORE NOT ALLOWED|2013-08-08|133752
DLYRSTPROB|EM015|101.0|PERCENTAGE|2011-01-01|9999-12-31|RECORD FLAG T BUT REPLACE NOT ALLOWED|2013-08-08|133753
DLYPREPAL|EM010|50000.0|ABSOLUTE|2011-01-01|9999-12-31|RECORD FLAG T BUT INSERT NOT ALLOWED|2013-08-08|133758
DLYRCMCLMT|EM016|10000.0|ABSOLUTE|2017-10-20|9999-12-31|INVALID EXPIRY OR REVIEW DATE|2017-11-13|105031
DLYFBTPROB|EM021|101.0|PERCENTAGE|2011-01-01|9999-12-31|RECORD NOT IN PREVIOUS DAY MAPPED FILE|2013-08-08|133754
DLYFBTPROB|EM014|101.0|PERCENTAGE|2011-01-01|9999-12-31|INVALID VALUE IN RECORD LEVEL FLAG|2013-08-08|133753
DLYPALSCR|EM015|50000.0|ABSOLUTE|2011-01-01|9999-12-31|RECORD FLAG T BUT REPLACE NOT ALLOWED|2013-08-08|133754
MNYRCMCLMT|EM012|10000.0|ABSOLUTE|2017-10-20|9999-12-31|INVALID ARRGMT ID|2017-11-13|105031
MTYRSTPROB|EM017|1.0E8|ABSOLUTE|2011-01-01|9999-12-31|RECORD FLAG ? BUT UPDATE NOT ALLOWED|2013-08-08|133756
MTYPALSCR|EM022|100.0|PERCENTAGE|2011-01-01|9999-12-31|FIELD VALIDATION FAILED|2013-08-08|133755
DLYRSTPROB|EM009|101.0|PERCENTAGE|2011-01-01|9999-12-31|ERROR ACCOUNT NOT IN FULL FEEDBACK FILE|2013-08-08|133758
DLYRSTPROB|EM011|101.0|PERCENTAGE|2011-01-01|9999-12-31|RECORD FLAG F BUT NO LEGACY RECORD|2013-08-08|133755
DLYCUSTPER|EM046|100.0|PERCENTAGE|2011-01-01|9999-12-31|EMPTY FILE - NO DATA RECORD|2013-08-08|133753
DLYPREPAL|EM015|50000.0|ABSOLUTE|2011-01-01|9999-12-31|RECORD FLAG T BUT REPLACE NOT ALLOWED|2013-08-08|133756
MTYPALSCR|EM010|100.0|PERCENTAGE|2011-01-01|9999-12-31|RECORD FLAG T BUT INSERT NOT ALLOWED|2013-08-08|133753
DLYRCMCLMT|EM012|10000.0|ABSOLUTE|2017-10-20|9999-12-31|INVALID ARRGMT ID|2017-11-13|105030
DLYRSTPROB|EM018|101.0|PERCENTAGE|2011-01-01|9999-12-31|RECORD FLAG ? ALL FLD FLG F OR SPACES|2013-08-08|133755
DLYFBTPROB|EM011|101.0|PERCENTAGE|2011-01-01|9999-12-31|RECORD FLAG F BUT NO LEGACY RECORD|2013-08-08|133755
DLYCUSTPER|EM047|100.0|PERCENTAGE|2011-01-01|9999-12-31|INVALID PORTFOLIO CODE|2014-01-13|131630
MTYFBTPROB|EM010|100.0|PERCENTAGE|2011-01-01|9999-12-31|RECORD FLAG T BUT INSERT NOT ALLOWED|2013-08-08|133752
MNYRCMRBCT|EM013|10000.0|ABSOLUTE|2017-10-20|9999-12-31|INVALID RELATED CUSTOMER TYPE|2017-11-13|105033
MTYFBTPROB|EM015|100.0|PERCENTAGE|2011-01-01|9999-12-31|RECORD FLAG T BUT REPLACE NOT ALLOWED|2013-08-08|133756
DLYRCMCLMT|EM010|10000.0|ABSOLUTE|2017-10-20|9999-12-31|INVALID RECORD FLAG|2017-11-13|105030
DLYCUSTPER|EM045|100.0|PERCENTAGE|2011-01-01|9999-12-31|INVALID INPUT CIN|2013-08-08|133753
MTYPALSCR|EM014|100.0|PERCENTAGE|2011-01-01|9999-12-31|INVALID VALUE IN RECORD LEVEL FLAG|2013-08-08|133756
MTYRSTPROB|EM022|1.0E8|ABSOLUTE|2011-01-01|9999-12-31|FIELD VALIDATION FAILED|2013-08-08|133758
DLYPREPAL|EM018|50000.0|ABSOLUTE|2011-01-01|9999-12-31|RECORD FLAG ? ALL FLD FLG F OR SPACES|2013-08-08|133754
DLYCUSTPER|EM030|100.0|PERCENTAGE|2011-01-01|9999-12-31|DATA SUPPLIED - INVALID UPDATE IND   SE|2013-08-08|133758
MNYRCMRBCN|EM014|10000.0|ABSOLUTE|2017-10-20|9999-12-31|INVALID RECORD LEVEL FLAG|2017-11-13|105032
DLYPREPAL|EM023|50000.0|ABSOLUTE|2011-01-01|9999-12-31|RECORD LEVEL FLAG F FOR EXISTING DATA|2013-08-08|133752