UBS|ACCSH|'X8'|'14DLQS'|2013-08-12|171856
UBS|ACCSH|'U1'|'PTHACC'|2013-08-12|171856
UBS|ACCSH|'P2'|'PRICUR'|2013-08-12|171856
UBS|ACCSH|'V4'|'REGSAV'|2013-08-12|171856
UBS|ACCSH|'Q1'|'CUR AC'|2013-08-12|171856
UBS|ACCSH|'R6'|'ELEVNP'|2013-08-12|171856
UBS|ACCSH|'74'|'ECGD'|2013-08-12|171856
UBS|ACCSH|'02'|'TESSA'|2013-08-12|171856
UBS|ACCSH|'R2'|'SSIAVR'|2013-08-12|171856
UBS|ACCSH|'18'|'PTLNCI'|2013-08-12|171856
UBS|ACCSH|'50'|'BTRMLN'|2013-08-12|171856
UBS|ACCSH|'80'|'CAM'|2013-08-12|171856
UBS|ACCSH|'36'|'URFRST'|2013-08-12|171856
UBS|ACCSH|'71'|'ISA60D'|2013-08-12|171856
UBS|ACCSH|'89'|'TRVINS'|2013-08-12|171856
UBS|ACCSH|'04'|'SAV30Y'|2013-08-12|171856
UBS|ACCSH|'03'|'RESTHR'|2013-08-12|171856
UBS|ACCSH|'82'|'VOSTRO'|2013-08-12|171856
UBS|ACCSH|'73'|'STEF'|2013-08-12|171856
UBS|ACCSH|'46'|'HOLCAP'|2013-08-12|171856
UBS|ACCSH|'11'|'PERSAV'|2013-08-12|171856
UBS|ACCSH|'10'|'CURNT3'|2013-08-12|171856
UBS|ACCSH|'V0'|'60DLQS'|2013-08-12|171856
UBS|ACCSH|'W7'|'7DLIQM'|2013-08-12|171856
UBS|ACCSH|'77'|'STEPAC'|2013-08-12|171856
UBS|ACCSH|'X3'|'MONSAV'|2013-08-12|171856
UBS|ACCSH|'T0'|'95DLQM'|2013-08-12|171856
UBS|ACCSH|'88'|'INS.BR'|2013-08-12|171856
UBS|ACCSH|'76'|'SHIP'|2013-08-12|171856
UBS|ACCSH|'64'|'STF.LN'|2013-08-12|171856
UBS|ACCSH|'27'|'REVBUD'|2013-08-12|171856
UBS|ACCSH|'42'|'BUSRES'|2013-08-12|171856
UBS|ACCSH|'75'|'URMONY'|2013-08-12|171856
UBS|ACCSH|'V1'|'ADAPT'|2013-08-12|171856
UBS|ACCSH|'40'|'BUSCUR'|2013-08-12|171856
UBS|ACCSH|'83'|'R&R'|2013-08-12|171856
UBS|ACCSH|'22'|'END.HP'|2013-08-12|171856
UBS|ACCSH|'Q4'|'FIFPLS'|2013-08-12|171856
UBS|ACCSH|'T3'|'ESPLUS'|2013-08-12|171856
UBS|ACCSH|'W4'|'ACCPLU'|2013-08-12|171856
UBS|ACCSH|'56'|'FI.INV'|2013-08-12|171856
UBS|ACCSH|'R3'|'SSIAFX'|2013-08-12|171856
UBS|ACCSH|'Q5'|'UFISAV'|2013-08-12|171856
UBS|ACCSH|'W9'|'30DLQM'|2013-08-12|171856
UBS|ACCSH|'44'|'ROYDEP'|2013-08-12|171856
UBS|ACCSH|'T1'|'PRIRES'|2013-08-12|171856
UBS|ACCSH|'95'|'SUS AF'|2013-08-12|171856
UBS|ACCSH|'94'|'SUS IN'|2013-08-12|171856
UBS|ACCSH|'U5'|'ECBRLD'|2013-08-12|171856
UBS|ACCSH|'49'|'CORPMM'|2013-08-12|171856
UBS|ACCSH|'Q2'|'CAPRES'|2013-08-12|171856
UBS|ACCSH|'25'|'ROYRWA'|2013-08-12|171856
UBS|ACCSH|'43'|'D30BUS'|2013-08-12|171856
UBS|ACCSH|'45'|'RESSOL'|2013-08-12|171856
UBS|ACCSH|'X9'|'30DLQS'|2013-08-12|171856
UBS|ACCSH|'28'|'FRB-M'|2013-08-12|171856
UBS|ACCSH|'T9'|'IACPLS'|2013-08-12|171856
UBS|ACCSH|'Z9'|'SRVACC'|2013-08-12|171856
UBS|ACCSH|'20'|'CST.HP'|2013-08-12|171856
UBS|ACCSH|'X4'|'DIRSAV'|2013-08-12|171856
UBS|ACCSH|'U3'|'BOSVAC'|2013-08-12|171856
UBS|ACCSH|'70'|'CSHISA'|2013-08-12|171856
UBS|ACCSH|'16'|'RTNBUS'|2013-08-12|171856
UBS|ACCSH|'60'|'STFACC'|2013-08-12|171856
UBS|ACCSH|'48'|'EQ.REV'|2013-08-12|171856
UBS|ACCSH|'U0'|'SPCIND'|2013-08-12|171856
UBS|ACCSH|'57'|'RSVANY'|2013-08-12|171856
UBS|ACCSH|'01'|'DUALAC'|2013-08-12|171856
UBS|ACCSH|'29'|'FRB-A'|2013-08-12|171856
UBS|ACCSH|'53'|'S60DYM'|2013-08-12|171856
UBS|ACCSH|'32'|'SAVNGS'|2013-08-12|171856
UBS|ACCSH|'35'|'CSHLIN'|2013-08-12|171856
UBS|ACCSH|'66'|'STHPCP'|2013-08-12|171856
UBS|ACCSH|'Q8'|'ROYPRM'|2013-08-12|171856
UBS|ACCSH|'52'|'PRO.LN'|2013-08-12|171856
UBS|ACCSH|'Q9'|'CRPCUR'|2013-08-12|171856
UBS|ACCSH|'R1'|'YURBNK'|2013-08-12|171856
UBS|ACCLN|'52'|'PROF PRACTICE LOAN'|2013-08-12|171913
UBS|ACCLN|'Q8'|'ROYALTIES PREMIER'|2013-08-12|171913
UBS|ACCLN|'93'|'SUSP - ITEMS IN COURSE'|2013-08-12|171913
UBS|ACCLN|'26'|'U FIRST'|2013-08-12|171913
UBS|ACCLN|'12'|'PERSONAL BRIDGING'|2013-08-12|171913
UBS|ACCLN|'Q3'|'REWARD RESERVE'|2013-08-12|171913
UBS|ACCLN|'T6'|'1 MONTH PF LOAN'|2013-08-12|171913
UBS|ACCLN|'47'|'HOMEOWNER LOAN ENDOWMENT'|2013-08-12|171913
UBS|ACCLN|'66'|'STAFF HPL (CAP&INT)'|2013-08-12|171913
UBS|ACCLN|'59'|'BUSINESS DIRECT SAVINGS'|2013-08-12|171913
UBS|ACCLN|'X7'|'LIQUIDITY SELECT 7 DAY'|2013-08-12|171913
UBS|ACCLN|'09'|'CHILD & CO CURRENT'|2013-08-12|171913
UBS|ACCLN|'Q7'|'BONUS SAVER'|2013-08-12|171913
UBS|ACCLN|'ZG'|'STANDARD ACCOUNT'|2013-08-12|171913
UBS|ACCLN|'24'|'ROYAL REWARD MONTHLY'|2013-08-12|171913
UBS|ACCLN|'Q6'|'INSTANT SAVINGS TRACKER'|2013-08-12|171913
UBS|ACCLN|'P1'|'UFIRST PRIVATE'|2013-08-12|171913
UBS|ACCLN|'04'|'30 DAY SAVINGS ANNUAL'|2013-08-12|171913
UBS|ACCLN|'03'|'RESERVE 30'|2013-08-12|171913
UBS|ACCLN|'N8'|'LIQUIDITY MANAGER'|2013-08-12|171913
UBS|ACCLN|'N7'|'LIQUIDITY SELECT'|2013-08-12|171913
UBS|ACCLN|'14'|'CASH MANAGEMENT'|2013-08-12|171913
UBS|ACCLN|'21'|'FOUNDATIONS'|2013-08-12|171913
UBS|ACCLN|'62'|'STAFF BUDGET'|2013-08-12|171913
UBS|ACCLN|'L1'|'PERSONAL LOAN'|2013-08-12|171913
UBS|ACCLN|'63'|'STAFF LOAN (CAP&INT)'|2013-08-12|171913
UBS|ACCLN|'30'|'PRIVATE BANKING DEPOS'|2013-08-12|171913
UBS|ACCLN|'15'|'LOAN RETURNED PERSONAL'|2013-08-12|171913
UBS|ACCLN|'JC'|'BUSINESS SERVICE ACCOUNT'|2013-08-12|171913
UBS|ACCLN|'33'|'RAINBOW SAVINGS'|2013-08-12|171913
UBS|ACCLN|'38'|'E-SAVINGS'|2013-08-12|171913
UBS|ACCLN|'79'|'VIRGIN ONE MIRAS'|2013-08-12|171913
UBS|ACCLN|'T7'|'3 MONTH PF LOAN'|2013-08-12|171913
UBS|ACCLN|'39'|'EASY ACCESS SAVINGS'|2013-08-12|171913
UBS|ACCLN|'81'|'F.I. GENERAL CLIENTS'|2013-08-12|171913
UBS|ACCLN|'54'|'BONUS 90 MONTHLY'|2013-08-12|171913
UBS|ACCLN|'86'|'SOLICITORS RESERVE'|2013-08-12|171913
UBS|ACCLN|'35'|'CASHLINE ACCOUNT'|2013-08-12|171913
UBS|ACCLN|'41'|'NWDBB CURRENT'|2013-08-12|171913
UBS|ACCLN|'ZJ'|'SELECT ACCOUNT'|2013-08-12|171913
UBS|ACCLN|'51'|'BUS TERM LOAN CAP&INT'|2013-08-12|171913
UBS|ACCLN|'M1'|'OFFSET MORTGAGE'|2013-08-12|171913
UBS|ACCLN|'08'|'CURRENT PLUS'|2013-08-12|171913
UBS|ACCLN|'23'|'CASH ISA - TESSA FUNDS'|2013-08-12|171913
UBS|ACCLN|'91'|'SUSP - INTERNAL FUNDS'|2013-08-12|171913
UBS|ACCLN|'N6'|'TELEPHONE SAVER'|2013-08-12|171913
UBS|ACCLN|'X6'|'LOYALTY SAVER'|2013-08-12|171913
UBS|ACCLN|'55'|'CLIENT DEPOSIT SER(HY)'|2013-08-12|171913
UBS|ACCLN|'06'|'CARD PLUS UNDER 16'|2013-08-12|171913
UBS|ACCLN|'X0'|'BUSINESS REWARD RESERVE'|2013-08-12|171913
UBS|ACCLN|'90'|'SUSP - CUSTOMER FUNDS'|2013-08-12|171913
UBS|ACCLN|'85'|'SPECIAL INT BEARING'|2013-08-12|171913
UBS|ACCLN|'R5'|'ELEVATOR PERSONAL'|2013-08-12|171913
UBS|ACCLN|'S4'|'BONUS ACCESS ACCOUNT'|2013-08-12|171913
UBS|ACCLN|'07'|'U FIRST GOLD'|2013-08-12|171913
UBS|ACCLN|'Z8'|'CASH ACCOUNT'|2013-08-12|171913
UBS|ACCLN|'84'|'RELIEF & REAL'|2013-08-12|171913
UBS|ACCLN|'W7'|'LIQUIDITY MANAGER 7 DAY'|2013-08-12|171913
UBS|ACCLN|'T3'|'ESAVINGS PLUS'|2013-08-12|171913
UBS|ACCLN|'W4'|'ACCESS PLUS ACCOUNT'|2013-08-12|171913
UBS|ACCLN|'73'|'SHORT TERM EXPORT FIN.'|2013-08-12|171913
UBS|ACCLN|'X3'|'MONTHLY SAVER'|2013-08-12|171913
UBS|ACCLN|'T0'|'LIQUIDITY MANAGER 95 DAY'|2013-08-12|171913
UBS|ACCLN|'22'|'ENDOWMENT HPL -SPECIAL'|2013-08-12|171913
UBS|ACCLN|'Q4'|'55 PLUS SAVINGS'|2013-08-12|171913
UBS|ACCLN|'11'|'PERSONAL SAVINGS'|2013-08-12|171913
UBS|ACCLN|'44'|'ROYLINE DEPOSIT'|2013-08-12|171913
UBS|ACCLN|'75'|'UR MONEY'|2013-08-12|171913
UBS|ACCLN|'V1'|'ADAPT'|2013-08-12|171913
UBS|ACCLN|'10'|'CURRENT'|2013-08-12|171913
UBS|ACCLN|'76'|'SHIPBUILDING'|2013-08-12|171913
UBS|ACCLN|'V0'|'LIQUIDITY SELECT 60 DAY'|2013-08-12|171913
UBS|ACCLN|'R3'|'SSIA FIXED RATE DEPOSIT'|2013-08-12|171913
UBS|ACCLN|'56'|'F.I CLIENTS INVESTMENT'|2013-08-12|171913
UBS|ACCLN|'Q5'|'U FIRST SAVINGS'|2013-08-12|171913
UBS|ACCLN|'77'|'STEP'|2013-08-12|171913
UBS|ACCLN|'82'|'OVERSEAS VOSTRO'|2013-08-12|171913
UBS|ACCLN|'64'|'STAFF LOAN'|2013-08-12|171913
UBS|ACCLN|'27'|'REVOLVING BUDGET'|2013-08-12|171913
UBS|ACCLN|'42'|'BUSINESS RESERVE'|2013-08-12|171913
UBS|ACCLN|'46'|'HOMEOWNER LOAN CAP&INT'|2013-08-12|171913
UBS|ACCLN|'40'|'BUSINESS CURRENT'|2013-08-12|171913
UBS|ACCLN|'88'|'RBIS INSURANCE BROKING'|2013-08-12|171913
UBS|ACCLN|'W9'|'LIQUIDITY MANAGER 30 DAY'|2013-08-12|171913
UBS|ACCLN|'R2'|'SSIA VAR RATE DEPOSIT'|2013-08-12|171913
UBS|ACCLN|'U1'|'PATHWAY ACCOUNT'|2013-08-12|171913
UBS|ACCLN|'67'|'STAFF HPL-BASE MAX 10%'|2013-08-12|171913
UBS|ACCLN|'05'|'CASH CLUB'|2013-08-12|171913
UBS|ACCLN|'X8'|'LIQUIDITY SELECT 14 DAY'|2013-08-12|171913
UBS|ACCLN|'P2'|'PRIVATE CURRENT ACCOUNT'|2013-08-12|171913
UBS|ACCLN|'18'|'PERS TERM LOAN -CAP&INT'|2013-08-12|171913
UBS|ACCLN|'50'|'BUSINESS TERM LOAN'|2013-08-12|171913
UBS|ACCLN|'74'|'ECGD MEDIUM/LONG TERM'|2013-08-12|171913
UBS|ACCLN|'02'|'TESSA'|2013-08-12|171913
UBS|ACCLN|'36'|'UR FIRST'|2013-08-12|171913
UBS|ACCLN|'71'|'60 DAY ISA'|2013-08-12|171913
UBS|ACCLN|'89'|'RBIS TRAVEL INSURANCE'|2013-08-12|171913
UBS|ACCLN|'V4'|'REGULAR SAVINGS ACCOUNT'|2013-08-12|171913
UBS|ACCLN|'Q0'|'CBFM SME'|2013-08-12|171913
UBS|ACCLN|'L2'|'NON PERSONAL LOAN'|2013-08-12|171913
UBS|ACCLN|'19'|'EDUCATION EXPENSES'|2013-08-12|171913
UBS|ACCLN|'58'|'CLIENT DEPOSIT SER(M)'|2013-08-12|171913
UBS|ACCLN|'Q1'|'CURRENT'|2013-08-12|171913
UBS|ACCLN|'R6'|'ELEVATOR NON-PERSONAL'|2013-08-12|171913
UBS|ACCLN|'32'|'SAVINGS'|2013-08-12|171913
UBS|ACCLN|'80'|'RB CAM'|2013-08-12|171913
UBS|ACCLN|'17'|'STUDENT'|2013-08-12|171913
UBS|ACCLN|'31'|'INDIVIDUAL CLIENTS'|2013-08-12|171913
UBS|ACCLN|'T5'|'FACILITY'|2013-08-12|171913
UBS|ACCLN|'92'|'SUSP - FOREIGN CURRENCY'|2013-08-12|171913
UBS|ACCLN|'13'|'PERSONAL TERM LOAN'|2013-08-12|171913
UBS|ACCLN|'72'|'PRIVATE BANKING CURRENT'|2013-08-12|171913
UBS|ACCLN|'34'|'RESERVE 90'|2013-08-12|171913
UBS|ACCLN|'78'|'VIRGIN ONE MT'|2013-08-12|171913
UBS|ACCLN|'T1'|'PRIVATE RESERVE'|2013-08-12|171913
UBS|ACCLN|'16'|'LOAN RETURNED BUSINESS'|2013-08-12|171913
UBS|ACCLN|'48'|'REVOLVING EQUITY RLSE'|2013-08-12|171913
UBS|ACCLN|'45'|'SOLICITORS RESERVE'|2013-08-12|171913
UBS|ACCLN|'60'|'STAFF'|2013-08-12|171913
UBS|ACCLN|'43'|'30 DAY BUSINESS RESERVE'|2013-08-12|171913
UBS|ACCLN|'T9'|'INSTANT ACCESS PLUS'|2013-08-12|171913
UBS|ACCLN|'U0'|'SPECIAL INTEREST DEPOSIT'|2013-08-12|171913
UBS|ACCLN|'U5'|'ECB RATE LINKED DEPOSIT'|2013-08-12|171913
UBS|ACCLN|'U3'|'BONUS SAVER ACCOUNT'|2013-08-12|171913
UBS|ACCLN|'70'|'CASH ISA'|2013-08-12|171913
UBS|ACCLN|'X4'|'DIRECT SAVER'|2013-08-12|171913
UBS|ACCLN|'95'|'SUSP - ATTACHED FUNDS'|2013-08-12|171913
UBS|ACCLN|'94'|'SUSP - INTEREST'|2013-08-12|171913
UBS|ACCLN|'Z9'|'SERVICE ACCOUNT'|2013-08-12|171913
UBS|ACCLN|'20'|'HOUSE PURCHASE - QTLY'|2013-08-12|171913
UBS|ACCLN|'25'|'ROYAL REWARD ANNUAL'|2013-08-12|171913
UBS|ACCLN|'X9'|'LIQUIDITY SELECT 30 DAY'|2013-08-12|171913
UBS|ACCLN|'28'|'FIXED RATE BOND MONTHLY'|2013-08-12|171913
UBS|ACCLN|'Q2'|'CAPITAL RESERVE'|2013-08-12|171913
UBS|ACCLN|'53'|'60 DAY SAVINGS MONTHLY'|2013-08-12|171913
UBS|ACCLN|'57'|'RSVP ANYTIME'|2013-08-12|171913
UBS|ACCLN|'01'|'DUAL'|2013-08-12|171913
UBS|ACCLN|'29'|'FIXED RATE BOND ANNUAL'|2013-08-12|171913
UBS|ACCLN|'49'|'CORPORATE MONEY MARKET'|2013-08-12|171913
UBS|ACCLN|'83'|'RELIEF & REAL INT BEAR'|2013-08-12|171913
UBS|ACCLN|'37'|'60 DAY SAVINGS ANNUAL'|2013-08-12|171913
UBS|ACCLN|'N3'|'FIXED RATE GROWTH BOND'|2013-08-12|171913
UBS|ACCLN|'W8'|'LIQUIDITY MANAGER 14 DAY'|2013-08-12|171913
UBS|ACCLN|'65'|'STAFF HPL ENDOWMENT'|2013-08-12|171913
UBS|ACCLN|'Q9'|'CORPORATE CURRENT'|2013-08-12|171913
UBS|ACCLN|'R1'|'YOURBANK INSTANT SAVER'|2013-08-12|171913
UBS|PCARD|'1'|'ATM'|2013-08-12|174018
UBS|PCARD|'5'|'S/C'|2013-08-12|174018
UBS|PCARD|'2'|'CCD'|2013-08-12|174018
UBS|PCARD|'4'|'S/C'|2013-08-12|174018
UBS|PRBFM|9999999998.| 9999999999.99|2014-04-28|164838
UBS|PRBFM|-9999999998.|-9999999999.99|2014-04-28|164839
UBS|PRBFM|-9999999997.|-9999999998.98|2014-04-28|164840
RBS|ACCLN|'WL'|'CORP CASH MANAGER PLUS'|2013-08-12|151458
RBS|ACCLN|'U2'|'ISA PLUS'|2013-08-12|151458
RBS|ACCLN|'W3'|'CLIENT DEPOSIT MANAGER'|2013-08-12|151458
RBS|ACCLN|'08'|'SELECT ACCOUNT'|2013-08-12|151458
RBS|ACCLN|'Q2'|'CAPITAL RESERVE'|2013-08-12|151458
RBS|ACCLN|'MC'|'FIXED RATE DEPOSIT'|2013-08-12|151458
RBS|ACCLN|'ZR'|'CORPORATE CASH MANAGER'|2013-08-12|151458
RBS|ACCLN|'V8'|'BUSINESS PLUS'|2013-08-12|151458
RBS|ACCSH|'MQ'|'BUSCAC'|2013-08-12|153638
RBS|ACCSH|'65'|'ST.HP'|2013-08-12|153638
RBS|ACCSH|'09'|'CHI.CA'|2013-08-12|153638
RBS|ACCSH|'49'|'CORPMM'|2013-08-12|153638
RBS|ACCSH|'Q2'|'CAPRES'|2013-08-12|153638
RBS|ACCSH|'51'|'T.LOAN'|2013-08-12|153638
RBS|ACCSH|'ZR'|'CCM100'|2013-08-12|153638
RBS|ACCSH|'63'|'STF.CI'|2013-08-12|153638
RBS|ACCSH|'04'|'SAV30Y'|2013-08-12|153638
RBS|ACCSH|'73'|'STEF'|2013-08-12|153638
RBS|ACCSH|'50'|'T.LOAN'|2013-08-12|153638
RBS|ACCSH|'Q4'|'PRVSAV'|2013-08-12|153638
RBS|ACCSH|'WT'|'CCMPT'|2013-08-12|153638
RBS|ACCSH|'T1'|'PRISAV'|2013-08-12|153638
RBS|ACCSH|'WR'|'CCMPR'|2013-08-12|153638
RBS|ACCSH|'ZS'|'CCM200'|2013-08-12|153638
RBS|ACCSH|'85'|'SP.INT'|2013-08-12|153638
RBS|ACCSH|'MX'|'TRDLN'|2013-08-12|153638
RBS|ACCSH|'ZN'|'SILVR2'|2013-08-12|153638
RBS|ACCSH|'41'|'BDCURR'|2013-08-12|153638
RBS|ACCSH|'30'|'PBDEP'|2013-08-12|153638
RBS|ACCSH|'94'|'SUS IN'|2013-08-12|153638
RBS|ACCSH|'Q5'|'ADVRES'|2013-08-12|153638
RBS|ACCSH|'26'|'ROYLTS'|2013-08-12|153638
RBS|ACCSH|'67'|'STHPBS'|2013-08-12|153638
RBS|ACCSH|'05'|'CSHCLB'|2013-08-12|153638
RBS|ACCSH|'47'|'HOLEND'|2013-08-12|153638
RBS|ACCSH|'53'|'S60DYM'|2013-08-12|153638
RBS|ACCSH|'71'|'ISA60D'|2013-08-12|153638
RBS|ACCSH|'ZH'|'SELCTA'|2013-08-12|153638
RBS|ACCSH|'Q6'|'INSVTK'|2013-08-12|153638
RBS|ACCSH|'91'|'SUS IF'|2013-08-12|153638
RBS|ACCSH|'W3'|'CDMGR'|2013-08-12|153638
RBS|ACCSH|'Q7'|'BONSAV'|2013-08-12|153638
RBS|ACCSH|'L1'|'PLN'|2013-08-12|153638
RBS|ACCSH|'55'|'CLIHY'|2013-08-12|153638
RBS|ACCSH|'39'|'GOLDDP'|2013-08-12|153638
RBS|ACCSH|'MF'|'LIQRES'|2013-08-12|153638
RBS|ACCSH|'ML'|'95DSEL'|2013-08-12|153638
RBS|ACCSH|'T3'|'DSPLUS'|2013-08-12|153638
RBS|ACCSH|'MP'|'CCMP3'|2013-08-12|153638
RBS|ACCSH|'ZM'|'SILVR1'|2013-08-12|153638
RBS|ACCSH|'MT'|'CCM+M'|2013-08-12|153638
RBS|ACCSH|'ZX'|'95DLQS'|2013-08-12|153638
RBS|ACCSH|'70'|'ISAINS'|2013-08-12|153638
RBS|ACCSH|'N7'|'LQ.SEL'|2013-08-12|153638
RBS|ACCSH|'40'|'BUSCUR'|2013-08-12|153638
RBS|ACCSH|'11'|'PREM'|2013-08-12|153638
RBS|ACCSH|'20'|'CST.HP'|2013-08-12|153638
RBS|ACCSH|'ZV'|'CCM500'|2013-08-12|153638
RBS|ACCSH|'X1'|'CASHPL'|2013-08-12|153638
RBS|ACCSH|'MH'|'BUSRS2'|2013-08-12|153638
RBS|ACCSH|'T2'|'ROYSAV'|2013-08-12|153638
RBS|ACCSH|'WD'|'CCMPD'|2013-08-12|153638
RBS|ACCSH|'59'|'BUSDIR'|2013-08-12|153638
RBS|ACCSH|'MK'|'CCPREM'|2013-08-12|153638
RBS|ACCSH|'01'|'GLDCHQ'|2013-08-12|153638
RBS|ACCSH|'WX'|'PLTGLD'|2013-08-12|153638
RBS|ACCSH|'WS'|'CCMPS'|2013-08-12|153638
RBS|ACCSH|'T4'|'CASH'|2013-08-12|153638
RBS|ACCSH|'U2'|'ISPLUS'|2013-08-12|153638
RBS|ACCSH|'15'|'LRPERS'|2013-08-12|153638
RBS|ACCSH|'46'|'HOLCAP'|2013-08-12|153638
RBS|ACCSH|'U0'|'SIA'|2013-08-12|153638
RBS|ACCSH|'S6'|'FRI-AN'|2013-08-12|153638
RBS|ACCSH|'ZJ'|'SELCTB'|2013-08-12|153638
RBS|ACCSH|'03'|'SAV30M'|2013-08-12|153638
RBS|ACCSH|'T0'|'95DLQM'|2013-08-12|153638
RBS|ACCSH|'95'|'SUS AF'|2013-08-12|153638
RBS|ACCSH|'52'|'PRO.LN'|2013-08-12|153638
RBS|ACCSH|'24'|'ROYRWM'|2013-08-12|153638
RBS|ACCSH|'45'|'TRSACC'|2013-08-12|153638
RBS|ACCSH|'35'|'C/L DA'|2013-08-12|153638
RBS|ACCSH|'Q1'|'CUR AC'|2013-08-12|153638
RBS|ACCSH|'Q0'|'SMEBCA'|2013-08-12|153638
RBS|ACCSH|'ZQ'|'BLACK'|2013-08-12|153638
RBS|ACCSH|'WC'|'CCMPC'|2013-08-12|153638
RBS|ACCSH|'92'|'SUS FC'|2013-08-12|153638
RBS|ACCSH|'MB'|'FRSANN'|2013-08-12|153638
RBS|ACCSH|'MR'|'SMECA'|2013-08-12|153638
RBS|ACCSH|'V9'|'TAXSAV'|2013-08-12|153638
RBS|ACCSH|'MS'|'CCM+Q'|2013-08-12|153638
RBS|ACCSH|'X9'|'30DLQS'|2013-08-12|153638
RBS|ACCSH|'12'|'PERBRG'|2013-08-12|153638
RBS|ACCSH|'WH'|'CCMPH'|2013-08-12|153638
RBS|ACCSH|'N3'|'FLXBND'|2013-08-12|153638
RBS|ACCSH|'88'|'RBISIB'|2013-08-12|153638
RBS|ACCSH|'WL'|'CCMPL'|2013-08-12|153638
RBS|ACCSH|'Q8'|'ROYPRM'|2013-08-12|153638
RBS|ACCSH|'25'|'ROYRWA'|2013-08-12|153638
RBS|ACCSH|'S5'|'FRI-MO'|2013-08-12|153638
RBS|ACCSH|'78'|'VIRMTA'|2013-08-12|153638
RBS|ACCSH|'WY'|'PLTAFF'|2013-08-12|153638
RBS|ACCSH|'36'|'GLDDPA'|2013-08-12|153638
RBS|ACCSH|'MZ'|'IASNP'|2013-08-12|153638
RBS|ACCSH|'WK'|'CCMPK'|2013-08-12|153638
RBS|ACCSH|'10'|'PCA'|2013-08-12|153638
RBS|ACCSH|'57'|'POSTPL'|2013-08-12|153638
RBS|ACCSH|'90'|'SUS CF'|2013-08-12|153638
RBS|ACCSH|'80'|'CAM'|2013-08-12|153638
RBS|ACCSH|'23'|'TESOIS'|2013-08-12|153638
RBS|ACCSH|'V0'|'60DLQS'|2013-08-12|153638
RBS|ACCSH|'Q9'|'CBBCA'|2013-08-12|153638
RBS|ACCSH|'ZZ'|'PAYUO'|2013-08-12|153638
RBS|ACCSH|'MM'|'CCMP1'|2013-08-12|153638
RBS|ACCSH|'ZB'|'ISAIN2'|2013-08-12|153638
RBS|ACCSH|'76'|'SHIP'|2013-08-12|153638
RBS|ACCSH|'X0'|'LIQACM'|2013-08-12|153638
RBS|ACCSH|'ZG'|'BASIC'|2013-08-12|153638
RBS|ACCSH|'21'|'MEN.HP'|2013-08-12|153638
RBS|ACCSH|'S7'|'PRYSAV'|2013-08-12|153638
RBS|ACCSH|'77'|'KEY'|2013-08-12|153638
RBS|ACCSH|'V1'|'REVOLV'|2013-08-12|153638
RBS|ACCSH|'WQ'|'CCMPQ'|2013-08-12|153638
RBS|ACCSH|'MA'|'FRSMON'|2013-08-12|153638
RBS|ACCSH|'WM'|'CCMPM'|2013-08-12|153638
RBS|ACCSH|'N6'|'TELSAV'|2013-08-12|153638
RBS|ACCSH|'MJ'|'SEL+OC'|2013-08-12|153638
RBS|ACCSH|'ZK'|'SELCTC'|2013-08-12|153638
RBS|ACCSH|'P1'|'ROYPRI'|2013-08-12|153638
RBS|ACCSH|'13'|'T.LOAN'|2013-08-12|153638
RBS|ACCSH|'WN'|'CCMPN'|2013-08-12|153638
RBS|ACCSH|'WE'|'CCMPE'|2013-08-12|153638
RBS|ACCSH|'M1'|'OFFMOR'|2013-08-12|153638
RBS|ACCSH|'43'|'LIQMGR'|2013-08-12|153638
RBS|ACCSH|'81'|'FI.GEN'|2013-08-12|153638
RBS|ACCSH|'27'|'REVBUD'|2013-08-12|153638
RBS|ACCSH|'34'|'BON30'|2013-08-12|153638
RBS|ACCSH|'ZT'|'CCM300'|2013-08-12|153638
RBS|ACCSH|'14'|'CSHMGT'|2013-08-12|153638
RBS|ACCSH|'N2'|'EISA'|2013-08-12|153638
RBS|ACCSH|'W8'|'14DLQM'|2013-08-12|153638
RBS|ACCSH|'ZP'|'RYGLD2'|2013-08-12|153638
RBS|ACCSH|'56'|'FI.INV'|2013-08-12|153638
RBS|ACCSH|'07'|'ROYGLD'|2013-08-12|153638
RBS|ACCSH|'WJ'|'CCMPJ'|2013-08-12|153638
RBS|ACCSH|'32'|'SAVING'|2013-08-12|153638
RBS|ACCSH|'ZA'|'ISAIN1'|2013-08-12|153638
RBS|ACCSH|'ZU'|'CCM400'|2013-08-12|153638
RBS|ACCSH|'U4'|'SAVACL'|2013-08-12|153638
RBS|ACCSH|'MY'|'IASP'|2013-08-12|153638
RBS|ACCSH|'X2'|'RBSCOM'|2013-08-12|153638
RBS|ACCSH|'W9'|'30DLQM'|2013-08-12|153638
RBS|ACCSH|'89'|'RBISTI'|2013-08-12|153638
RBS|ACCSH|'P2'|'PRI.BK'|2013-08-12|153638
RBS|ACCSH|'W7'|'7DLIQM'|2013-08-12|153638
RBS|ACCSH|'S8'|'CCMPLU'|2013-08-12|153638
RBS|ACCSH|'79'|'VIRMIR'|2013-08-12|153638
RBS|ACCSH|'42'|'BUSINT'|2013-08-12|153638
RBS|ACCSH|'U3'|'EVDSAV'|2013-08-12|153638
RBS|ACCSH|'V7'|'BUSRES'|2013-08-12|153638
RBS|ACCSH|'38'|'DIRSAV'|2013-08-12|153638
RBS|ACCSH|'WG'|'CCMPG'|2013-08-12|153638
RBS|ACCSH|'W1'|'CAPDEP'|2013-08-12|153638
RBS|ACCSH|'X7'|'7DLIQS'|2013-08-12|153638
RBS|ACCSH|'62'|'ST.BUD'|2013-08-12|153638
RBS|ACCSH|'Q3'|'REWRES'|2013-08-12|153638
RBS|ACCSH|'28'|'FRMTH'|2013-08-12|153638
RBS|ACCSH|'MU'|'35DLQM'|2013-08-12|153638
RBS|ACCSH|'29'|'FRANN'|2013-08-12|153638
RBS|ACCSH|'54'|'BON90M'|2013-08-12|153638
RBS|ACCSH|'74'|'ECGD'|2013-08-12|153638
RBS|ACCSH|'31'|'IND.CL'|2013-08-12|153638
RBS|ACCSH|'ZC'|'ISAIN3'|2013-08-12|153638
RBS|ACCSH|'48'|'EQ.REV'|2013-08-12|153638
RBS|ACCSH|'X5'|'BALBLD'|2013-08-12|153638
RBS|ACCSH|'60'|'STAFF'|2013-08-12|153638
RBS|ACCSH|'02'|'TESSA'|2013-08-12|153638
RBS|ACCSH|'W0'|'FRD'|2013-08-12|153638
RBS|ACCSH|'75'|'R21'|2013-08-12|153638
RBS|ACCSH|'ZY'|'FRDMI'|2013-08-12|153638
RBS|ACCSH|'MW'|'35DSEL'|2013-08-12|153638
RBS|ACCSH|'06'|'RTE15'|2013-08-12|153638
RBS|ACCSH|'L2'|'BUSLN'|2013-08-12|153638
RBS|ACCSH|'66'|'STHPCP'|2013-08-12|153638
RBS|ACCSH|'MV'|'35DLQS'|2013-08-12|153638
RBS|ACCSH|'22'|'END.HP'|2013-08-12|153638
RBS|ACCSH|'WV'|'CCMPV'|2013-08-12|153638
RBS|ACCSH|'84'|'R&R'|2013-08-12|153638
RBS|ACCSH|'72'|'PRBNKC'|2013-08-12|153638
RBS|ACCSH|'W2'|'BUSSAV'|2013-08-12|153638
RBS|ACCSH|'37'|'S60DAY'|2013-08-12|153638
RBS|ACCSH|'58'|'CLI.M'|2013-08-12|153638
RBS|ACCSH|'V6'|'FONDAT'|2013-08-12|153638
RBS|ACCSH|'ME'|'LIQACC'|2013-08-12|153638
RBS|ACCSH|'44'|'ROYDEP'|2013-08-12|153638
RBS|ACCSH|'19'|'ED.EXP'|2013-08-12|153638
RBS|ACCSH|'86'|'CLI.Q'|2013-08-12|153638
RBS|ACCSH|'R1'|'YURBNK'|2013-08-12|153638
RBS|ACCSH|'64'|'STF.LN'|2013-08-12|153638
RBS|ACCSH|'93'|'SUS IC'|2013-08-12|153638
RBS|ACCSH|'18'|'P.LOAN'|2013-08-12|153638
RBS|ACCSH|'MD'|'FRDMON'|2013-08-12|153638
RBS|ACCSH|'MN'|'CCMP2'|2013-08-12|153638
RBS|ACCSH|'WB'|'CCMPB'|2013-08-12|153638
RBS|ACCSH|'ZW'|'95DLQM'|2013-08-12|153638
RBS|ACCSH|'WW'|'CCMPW'|2013-08-12|153638
RBS|ACCSH|'U1'|'INSSAV'|2013-08-12|153638
RBS|ACCSH|'WP'|'CCMPP'|2013-08-12|153638
RBS|ACCSH|'V2'|'ROYBUS'|2013-08-12|153638
RBS|ACCSH|'16'|'LRBUS'|2013-08-12|153638
RBS|ACCSH|'83'|'R&R'|2013-08-12|153638
RBS|ACCSH|'82'|'VOSTRO'|2013-08-12|153638
RBS|ACCSH|'33'|'RAINBO'|2013-08-12|153638
RBS|ACCSH|'WU'|'CCMPU'|2013-08-12|153638
RBS|ACCSH|'17'|'STUDNT'|2013-08-12|153638
RBS|ACCSH|'08'|'SELECT'|2013-08-12|153638
RBS|ACCSH|'WF'|'CCMPF'|2013-08-12|153638
RBS|ACCSH|'X8'|'14DLQS'|2013-08-12|153638
RBS|ACCSH|'X3'|'REGSAV'|2013-08-12|153638
RBS|ACCSH|'MC'|'FRDANN'|2013-08-12|153638
RBS|ACCSH|'V8'|'BUSPLS'|2013-08-12|153638
RBS|PCARD|'0'|'NONE'|2013-08-12|162620
RBS|PCARD|'1'|'C/L'|2013-08-12|174018
RBS|PCARD|'2'|'CLP'|2013-08-12|174018
RBS|PCARD|'4'|'H/L'|2013-08-12|174018
RBS|PCARD|'5'|'H/L'|2013-08-12|174018
RBS|PRBFM|9999999998.| 9999999999.99|2014-04-28|164831
RBS|PRBFM|-9999999998.|-9999999999.99|2014-04-28|164831
RBS|PRBFM|-9999999997.|-9999999998.98|2014-04-28|164832
RBS|PRBFM|-9999999996.|-9999999997.97|2014-04-28|164834
RBS|SCARD|'SC00'|'CAC'|2014-06-30|134403
RBS|SCARD|'SC85'|'BUS'|2014-06-30|134403
RBS|SCARD|'SC88'|'FRL'|2014-06-30|134403
RBS|SCARD|'SC90'|'CAC'|2014-06-30|134403
RBS|SCARD|'SC92'|'FRL'|2014-06-30|134403
RBS|RCARD|'B'|'7/10 CHANCE OF ACCEPT'|2015-01-29|132823
RBS|RCARD|'C'|'CERTAIN DECLINE DO NOT PROCESS CARD'|2015-01-29|132823
RBS|RCARD|'2'|'CERTAIN DECLINE DO NOT PROCESS CARD'|2015-01-29|132823
RBS|RCARD|'Y'|'CONTINUOUS OVERDRAFT'|2015-01-29|132824
RBS|RCARD|'Z'|'Z-FLAG ON ACCOUNT'|2015-01-29|132824
RBS|RCARD|'3'|'7/10 CHANCE OF ACCEPT'|2015-01-29|132824
RBS|RCARD|'7'|'7/10 CHANCE OF ACCEPT'|2015-01-29|132825
RBS|CCARD|'A'|'NONE'|2015-01-29|132829
RBS|CCARD|'B'|'NONE'|2015-01-29|132829
RBS|CCARD|'C'|''|2015-01-29|132829
RBS|CCARD|'D'|''|2015-01-29|132829
RBS|CCARD|'2'|''|2015-01-29|132829
RBS|CCARD|'J'|'NONE'|2015-01-29|132829
RBS|CCARD|'K'|'NONE'|2015-01-29|132830
RBS|CCARD|'L'|'NONE'|2015-01-29|132830
RBS|CCARD|'M'|'NONE'|2015-01-29|132830
RBS|CCARD|'N'|'NONE'|2015-01-29|132830
RBS|CCARD|'P'|'NONE'|2015-01-29|132830
RBS|CCARD|'R'|'NONE'|2015-01-29|132830
RBS|CCARD|'S'|'NONE'|2015-01-29|132830
RBS|CCARD|'T'|'NONE'|2015-01-29|132830
RBS|CCARD|'U'|''|2015-01-29|132830
RBS|CCARD|'W'|''|2015-01-29|132831
RBS|CCARD|'X'|''|2015-01-29|132831
RBS|CCARD|'Y'|''|2015-01-29|132831
RBS|CCARD|'Z'|''|2015-01-29|132831
RBS|CCARD|'3'|'DORMANT'|2015-01-29|132831
RBS|CCARD|'7'|'ACTIVE'|2015-01-29|132831
RBS|CCARD|'8'|''|2015-01-29|132831
RBS|CCARD|'9'|''|2015-01-29|132831
RBS|RCARD|'A'|'9/10 CHANCE OF ACCEPT - A'|2015-04-30|100843
RBS|RCARD|'M'|'9/10 CHANCE OF ACCEPT - M'|2015-04-30|100843
UBS|PRBFM|-9999999996.|-9999999997.97|2014-04-28|164840
UBS|SCARD|'SC07'|'CAC'|2014-06-30|134404
UBS|SCARD|'SC10'|'CAC'|2014-06-30|134404
UBS|SCARD|'SC14'|'CAC'|2014-06-30|134404
UBS|SCARD|'SC15'|'CAC'|2014-06-30|134404
UBS|SCARD|'SC33'|'BUC'|2014-06-30|134404
UBS|SCARD|'SC36'|'BUL'|2014-06-30|134404
UBS|SCARD|'SC43'|'CAC'|2014-06-30|134404
UBS|SCARD|'SC53'|'CAC'|2014-06-30|134404
UBS|SCARD|'SC54'|'FRL'|2014-06-30|134404
UBS|SCARD|'SC55'|'PTL'|2014-06-30|134404
UBS|SCARD|'SC56'|'FRL'|2014-06-30|134404
UBS|SCARD|'SC57'|'PTL'|2014-06-30|134405
UBS|SCARD|'SC59'|'FRL'|2014-06-30|134405
UBS|SCARD|'SC64'|'CAC'|2014-06-30|134405
UBS|SCARD|'SC77'|'FRL'|2014-06-30|134405
UBS|SCARD|'SC88'|'PTL'|2014-06-30|134405
UBN|MORT|'1'|'YES'|2012-11-14|110731
UBN|MORT|'2'|'CAM'|2012-11-14|110731
UBN|MORT|''|'NONE'|2012-11-14|110731
UBN|PCARD|'00'|'NONE'|2012-11-14|110731
UBN|PCARD|'01'|'ATM'|2012-11-14|110731
UBN|PCARD|'02'|'CCD'|2012-11-14|110731
UBN|PCARD|'04'|'S/C'|2012-11-14|110731
UBN|PCARD|'05'|'S/C'|2012-11-14|110731
UBN|CCARD|'2'|'HELD'|2012-11-14|110731
UBN|CCARD|'3'|'DORMANT'|2012-11-14|110731
UBN|CCARD|'4'|'HELD'|2012-11-14|110731
UBN|CCARD|'5'|'HELD'|2012-11-14|110731
UBN|CCARD|'6'|'HELD'|2012-11-14|110731
UBN|CCARD|'7'|'ACTIVE'|2012-11-14|110731
UBN|CCARD|'8'|'DORMANT'|2012-11-14|110731
UBN|CCARD|'9'|'ACTIVE'|2012-11-14|110731
UBN|CCARD|'A'|'NONE'|2012-11-14|110731
UBN|CCARD|'B'|'NONE'|2012-11-14|110731
UBN|CCARD|'C'|'HELD'|2012-11-14|110731
UBN|CCARD|'D'|'NONE'|2012-11-14|110731
UBN|CCARD|'E'|'NONE'|2012-11-14|110731
UBN|CCARD|'F'|'NONE'|2012-11-14|110731
UBN|CCARD|'G'|''|2012-11-14|110731
UBN|CCARD|'H'|'NONE'|2012-11-14|110731
UBN|CCARD|'J'|'NONE'|2012-11-14|110731
UBN|CCARD|'K'|'NONE'|2012-11-14|110731
UBN|CCARD|'L'|'NONE'|2012-11-14|110731
UBN|CCARD|'M'|'NONE'|2012-11-14|110731
UBN|CCARD|'N'|'NONE'|2012-11-14|110731
UBN|CCARD|'P'|'NONE'|2012-11-14|110731
UBN|CCARD|'R'|'NONE'|2012-11-14|110731
UBN|CCARD|'S'|'NONE'|2012-11-14|110731
UBN|CCARD|'T'|'NONE'|2012-11-14|110731
UBN|CCARD|'U'|'NONE'|2012-11-14|110731
UBN|CCARD|'V'|'NONE'|2012-11-14|110731
UBN|CCARD|'W'|'NONE'|2012-11-14|110731
UBN|CCARD|'X'|'NONE'|2012-11-14|110731
UBN|CCARD|'Y'|'NONE'|2012-11-14|110731
UBN|CCARD|'Z'|'NONE'|2012-11-14|110731
UBN|SCARD|'SC59'|'FRL'|2012-11-14|110731
UBN|SCARD|'SC60'|'MGE'|2012-11-14|110731
UBN|SCARD|'SC62'|'MGE'|2012-11-14|110731
UBN|SCARD|'SC63'|'CAC'|2012-11-14|110731
UBN|SCARD|'SC64'|'CAC'|2012-11-14|110731
UBN|SCARD|'SC65'|'CAC'|2012-11-14|110731
UBN|SCARD|'SC66'|'BUS'|2012-11-14|110731
UBN|SCARD|'SC67'|'MGE'|2012-11-14|110731
UBN|SCARD|'SC68'|'MGE'|2012-11-14|110731
UBN|SCARD|'SC71'|'CAC'|2012-11-14|110731
UBN|SCARD|'SC72'|'PTL'|2012-11-14|110731
UBN|SCARD|'SC73'|'FRL'|2012-11-14|110731
UBN|SCARD|'SC74'|'FRL'|2012-11-14|110731
UBN|SCARD|'SC75'|'FRL'|2012-11-14|110731
UBN|SCARD|'SC79'|'FRL'|2012-11-14|110731
UBN|SCARD|'SC80'|'CAC'|2012-11-14|110731
UBN|SCARD|'SC81'|'CAC'|2012-11-14|110731
UBN|SCARD|'SC82'|'CAC'|2012-11-14|110731
UBN|SCARD|'SC83'|'MGE'|2012-11-14|110731
UBN|SCARD|'SC84'|'MGE'|2012-11-14|110731
UBN|SCARD|'SC86'|'CAC'|2012-11-14|110731
UBN|SCARD|'SC87'|'CAC'|2012-11-14|110731
UBN|RMORT|''|''|2012-11-14|110731
UBN|RMORT|'1'|'PASS 95%'|2012-11-14|110731
UBN|RMORT|'2'|'PASS 95%'|2012-11-14|110731
UBN|RMORT|'3'|'PASS 90%'|2012-11-14|110731
UBN|RMORT|'4'|'APS'|2012-11-14|110731
UBN|RMORT|'5'|'APS'|2012-11-14|110731
UBN|RMORT|'80'|'CAM'|2012-11-14|110731
UBN|PCARD|'0'|'NONE'|2013-08-12|162626
UBN|ACCSH|'22'|'END.HP'|2013-08-12|171856
UBN|ACCSH|'S6'|'FRI-AN'|2013-08-12|171856
UBN|ACCSH|'13'|'T.LOAN'|2013-08-12|171856
UBN|ACCSH|'16'|'RTNBUS'|2013-08-12|171856
UBN|ACCSH|'76'|'SHIP'|2013-08-12|171856
UBN|ACCSH|'12'|'PBRIDG'|2013-08-12|171856
UBN|ACCSH|'Q1'|'CUR AC'|2013-08-12|171856
UBN|ACCSH|'Q2'|'CAPRES'|2013-08-12|171856
UBN|ACCSH|'W8'|'14DLQM'|2013-08-12|171856
UBN|ACCSH|'U3'|'BOSVAC'|2013-08-12|171856
UBN|ACCSH|'18'|'PTLNCI'|2013-08-12|171856
UBN|ACCSH|'N3'|'FRB-G'|2013-08-12|171856
UBN|ACCSH|'75'|'URMONY'|2013-08-12|171856
UBN|ACCSH|'66'|'STHPCP'|2013-08-12|171856
UBN|ACCSH|'43'|'D30RES'|2013-08-12|171856
UBN|ACCSH|'X6'|'LOYSAV'|2013-08-12|171856
UBN|ACCSH|'84'|'R&R'|2013-08-12|171856
UBN|ACCSH|'Q8'|'ROYPRM'|2013-08-12|171856
UBN|ACCSH|'03'|'RESV30'|2013-08-12|171856
UBN|ACCSH|'51'|'BTLNCI'|2013-08-12|171856
UBN|ACCSH|'V0'|'60DLQS'|2013-08-12|171856
UBN|ACCSH|'48'|'EQ.REV'|2013-08-12|171856
UBN|ACCSH|'U1'|'PTHACC'|2013-08-12|171856
UBN|ACCSH|'10'|'CURRNT'|2013-08-12|171856
UBN|ACCSH|'29'|'FRB-A'|2013-08-12|171856
UBN|ACCSH|'86'|'SOLRES'|2013-08-12|171856
UBN|ACCSH|'30'|'PBKDEP'|2013-08-12|171856
UBN|ACCSH|'X7'|'7DLIQS'|2013-08-12|171856
UBN|ACCSH|'80'|'CAM'|2013-08-12|171856
UBN|ACCSH|'N8'|'LIQMGR'|2013-08-12|171856
UBN|ACCSH|'88'|'INS.BR'|2013-08-12|171856
UBN|ACCSH|'Q9'|'CORCUR'|2013-08-12|171856
UBN|ACCSH|'40'|'BUSCUR'|2013-08-12|171856
UBN|ACCSH|'55'|'CLIHY'|2013-08-12|171856
UBN|ACCSH|'P1'|'UFPRIV'|2013-08-12|171856
UBN|ACCSH|'Q4'|'PLUS55'|2013-08-12|171856
UBN|ACCSH|'Q6'|'INSVTK'|2013-08-12|171856
UBN|ACCSH|'33'|'RBOWSV'|2013-08-12|171856
UBN|ACCSH|'64'|'STF.LN'|2013-08-12|171856
UBN|ACCSH|'07'|'FSTGLD'|2013-08-12|171856
UBN|ACCSH|'31'|'IND.CL'|2013-08-12|171856
UBN|ACCSH|'34'|'RES90'|2013-08-12|171856
UBN|ACCSH|'Q5'|'U1STSV'|2013-08-12|171856
UBN|ACCSH|'65'|'ST.HP'|2013-08-12|171856
UBN|ACCSH|'T1'|'PRIRES'|2013-08-12|171856
UBN|ACCSH|'44'|'ROYDEP'|2013-08-12|171856
UBN|ACCSH|'38'|'ESAVE'|2013-08-12|171856
UBN|ACCSH|'Q7'|'BONSAV'|2013-08-12|171856
UBN|ACCSH|'81'|'FI.GEN'|2013-08-12|171856
UBN|ACCSH|'46'|'HOLCAP'|2013-08-12|171856
UBN|ACCSH|'08'|'CURRPL'|2013-08-12|171856
UBN|ACCSH|'49'|'CORPMM'|2013-08-12|171856
UBN|ACCSH|'70'|'CSHISA'|2013-08-12|171856
UBN|ACCSH|'25'|'ROYRWA'|2013-08-12|171856
UBN|ACCSH|'37'|'S60DAY'|2013-08-12|171856
UBN|ACCSH|'X9'|'30DLQS'|2013-08-12|171856
UBN|ACCSH|'26'|'UFIRST'|2013-08-12|171856
UBN|ACCSH|'89'|'TRVINS'|2013-08-12|171856
UBN|ACCSH|'ZL'|'SLPLUS'|2013-08-12|171856
UBN|ACCSH|'W7'|'7DLIQM'|2013-08-12|171856
UBN|ACCSH|'79'|'VIRMIR'|2013-08-12|171856
UBN|ACCSH|'67'|'STHPBS'|2013-08-12|171856
UBN|ACCSH|'73'|'STEF'|2013-08-12|171856
UBN|ACCSH|'Q0'|'SMEBCA'|2013-08-12|171856
UBN|ACCSH|'T3'|'ESPLUS'|2013-08-12|171856
UBN|ACCSH|'N6'|'TELSAV'|2013-08-12|171856
UBN|ACCSH|'60'|'STFACC'|2013-08-12|171856
UBN|ACCSH|'N7'|'LIQSEL'|2013-08-12|171856
UBN|ACCSH|'21'|'FOUNDN'|2013-08-12|171856
UBN|ACCSH|'19'|'ED.EXP'|2013-08-12|171856
UBN|ACCSH|'R2'|'SSIAVR'|2013-08-12|171856
UBN|ACCSH|'90'|'SUS CF'|2013-08-12|171856
UBN|ACCSH|'MY'|'IASP'|2013-08-12|171856
UBN|ACCSH|'78'|'VIRMTA'|2013-08-12|171856
UBN|ACCSH|'47'|'HOLEND'|2013-08-12|171856
UBN|ACCSH|'M1'|'OFFMOR'|2013-08-12|171856
UBN|ACCSH|'71'|'ISA60D'|2013-08-12|171856
UBN|ACCSH|'X0'|'BUSRRV'|2013-08-12|171856
UBN|ACCSH|'52'|'PRO.LN'|2013-08-12|171856
UBN|ACCSH|'14'|'CSHMGT'|2013-08-12|171856
UBN|ACCSH|'U2'|'ISPLUS'|2013-08-12|171856
UBN|ACCSH|'04'|'SAV30Y'|2013-08-12|171856
UBN|ACCSH|'72'|'PRBNKC'|2013-08-12|171856
UBN|ACCSH|'R6'|'ELEVNP'|2013-08-12|171856
UBN|ACCSH|'83'|'R&R'|2013-08-12|171856
UBN|ACCSH|'L1'|'PLN'|2013-08-12|171856
UBN|ACCSH|'28'|'FRB-M'|2013-08-12|171856
UBN|ACCSH|'74'|'ECGD'|2013-08-12|171856
UBN|ACCSH|'W9'|'30DLQM'|2013-08-12|171856
UBN|ACCSH|'S4'|'BONACC'|2013-08-12|171856
UBN|ACCSH|'Q3'|'REWRES'|2013-08-12|171856
UBN|ACCSH|'X8'|'14DLQS'|2013-08-12|171856
UBN|ACCSH|'R1'|'YURBNK'|2013-08-12|171856
UBN|ACCSH|'27'|'REVBUD'|2013-08-12|171856
UBN|ACCSH|'53'|'S60DYM'|2013-08-12|171856
UBN|ACCSH|'82'|'VOSTRO'|2013-08-12|171856
UBN|ACCSH|'05'|'CSHCLB'|2013-08-12|171856
UBN|ACCSH|'02'|'TESSA'|2013-08-12|171856
UBN|ACCSH|'95'|'SUS AF'|2013-08-12|171856
UBN|ACCSH|'35'|'CSHLIN'|2013-08-12|171856
UBN|ACCSH|'R5'|'ELEVP'|2013-08-12|171856
UBN|ACCSH|'01'|'DUALAC'|2013-08-12|171856
UBN|ACCSH|'23'|'TESOIS'|2013-08-12|171856
UBN|ACCSH|'09'|'CHI.CA'|2013-08-12|171856
UBN|ACCSH|'85'|'SIBA'|2013-08-12|171856
UBN|ACCSH|'X3'|'REGSAV'|2013-08-12|171856
UBN|ACCSH|'54'|'BON90M'|2013-08-12|171856
UBN|ACCSH|'36'|'UR1ACC'|2013-08-12|171856
UBN|ACCSH|'06'|'CDU16'|2013-08-12|171856
UBN|ACCSH|'93'|'SUS IC'|2013-08-12|171856
UBN|ACCSH|'U0'|'SPCIND'|2013-08-12|171856
UBN|ACCSH|'17'|'STUDNT'|2013-08-12|171856
UBN|ACCSH|'77'|'STEPAC'|2013-08-12|171856
UBN|ACCSH|'58'|'CLI.M'|2013-08-12|171856
UBN|ACCSH|'94'|'SUS IN'|2013-08-12|171856
UBN|ACCSH|'P2'|'PRICUR'|2013-08-12|171856
UBN|ACCSH|'ZJ'|'SELCTB'|2013-08-12|171856
UBN|ACCSH|'57'|'RSVPAN'|2013-08-12|171856
UBN|ACCSH|'63'|'STF.CI'|2013-08-12|171856
UBN|ACCSH|'S5'|'FRI-MO'|2013-08-12|171856
UBN|ACCSH|'56'|'FI.INV'|2013-08-12|171856
UBN|ACCSH|'39'|'EASACC'|2013-08-12|171856
UBN|ACCSH|'T4'|'CASH'|2013-08-12|171856
UBN|ACCSH|'X4'|'DIRSAV'|2013-08-12|171856
UBN|ACCSH|'59'|'BUSDIR'|2013-08-12|171856
UBN|ACCSH|'15'|'RTNPER'|2013-08-12|171856
UBN|ACCSH|'41'|'BDCURR'|2013-08-12|171856
UBN|ACCSH|'L2'|'BUSLN'|2013-08-12|171856
UBN|ACCSH|'62'|'ST.BUD'|2013-08-12|171856
UBN|ACCSH|'91'|'SUS IF'|2013-08-12|171856
UBN|ACCSH|'45'|'SOLRES'|2013-08-12|171856
UBN|ACCSH|'11'|'PERSAV'|2013-08-12|171856
UBN|ACCSH|'T0'|'95DLQM'|2013-08-12|171856
UBN|ACCSH|'50'|'BTRMLN'|2013-08-12|171856
UBN|ACCSH|'V1'|'ADAPT'|2013-08-12|171856
UBN|ACCSH|'R3'|'SSIAFX'|2013-08-12|171856
UBN|ACCSH|'N2'|'EISA'|2013-08-12|171856
UBN|ACCSH|'92'|'SUS FC'|2013-08-12|171856
UBN|ACCSH|'24'|'ROYRWM'|2013-08-12|171856
UBN|ACCSH|'42'|'BUSRES'|2013-08-12|171856
UBN|ACCSH|'MZ'|'IASNP'|2013-08-12|171856
UBN|ACCSH|'20'|'CST.HP'|2013-08-12|171856
UBN|ACCSH|'32'|'SAVNGS'|2013-08-12|171856
UBN|ACCLN|'32'|'SAVINGS'|2013-08-12|171913
UBN|ACCLN|'66'|'STAFF HPL (CAP&INT)'|2013-08-12|171913
UBN|ACCLN|'43'|'30 DAY BUSINESS RESERVE'|2013-08-12|171913
UBN|ACCLN|'X6'|'LOYALTY SAVER'|2013-08-12|171913
UBN|ACCLN|'Q2'|'CAPITAL RESERVE'|2013-08-12|171913
UBN|ACCLN|'Q1'|'CURRENT'|2013-08-12|171913
UBN|ACCLN|'MZ'|'SWITCHING OUT ACCOUNT'|2013-08-12|171913
UBN|ACCLN|'24'|'ROYAL REWARD MONTHLY'|2013-08-12|171913
UBN|ACCLN|'U3'|'BONUS SAVER ACCOUNT'|2013-08-12|171913
UBN|ACCLN|'W8'|'LIQUIDITY MANAGER 14 DAY'|2013-08-12|171913
UBN|ACCLN|'S6'|'FIXED RATE ISA ANNUAL'|2013-08-12|171913
UBN|ACCLN|'N3'|'FIXED RATE GROWTH BOND'|2013-08-12|171913
UBN|ACCLN|'75'|'UR MONEY'|2013-08-12|171913
UBN|ACCLN|'76'|'SHIPBUILDING'|2013-08-12|171913
UBN|ACCLN|'16'|'LOAN RETURNED BUSINESS'|2013-08-12|171913
UBN|ACCLN|'18'|'PERS TERM LOAN -CAP&INT'|2013-08-12|171913
UBN|ACCLN|'12'|'PERSONAL BRIDGING'|2013-08-12|171913
UBN|ACCLN|'T3'|'ESAVINGS PLUS'|2013-08-12|171913
UBN|ACCLN|'37'|'60 DAY SAVINGS ANNUAL'|2013-08-12|171913
UBN|ACCLN|'N2'|'E-ISA'|2013-08-12|171913
UBN|ACCLN|'Q7'|'BONUS SAVER'|2013-08-12|171913
UBN|ACCLN|'N6'|'TELEPHONE SAVER'|2013-08-12|171913
UBN|ACCLN|'38'|'E-SAVINGS'|2013-08-12|171913
UBN|ACCLN|'R2'|'SSIA VAR RATE DEPOSIT'|2013-08-12|171913
UBN|ACCLN|'67'|'STAFF HPL-BASE MAX 10%'|2013-08-12|171913
UBN|ACCLN|'60'|'STAFF'|2013-08-12|171913
UBN|ACCLN|'81'|'F.I. GENERAL CLIENTS'|2013-08-12|171913
UBN|ACCLN|'73'|'SHORT TERM EXPORT FIN.'|2013-08-12|171913
UBN|ACCLN|'Q0'|'CBFM SME'|2013-08-12|171913
UBN|ACCLN|'89'|'RBIS TRAVEL INSURANCE'|2013-08-12|171913
UBN|ACCLN|'46'|'HOMEOWNER LOAN CAP&INT'|2013-08-12|171913
UBN|ACCLN|'08'|'CURRENT PLUS'|2013-08-12|171913
UBN|ACCLN|'X9'|'LIQUIDITY SELECT 30 DAY'|2013-08-12|171913
UBN|ACCLN|'W7'|'LIQUIDITY MANAGER 7 DAY'|2013-08-12|171913
UBN|ACCLN|'ZL'|'SELECT PLUS ACCOUNT'|2013-08-12|171913
UBN|ACCLN|'49'|'CORPORATE MONEY MARKET'|2013-08-12|171913
UBN|ACCLN|'70'|'CASH ISA'|2013-08-12|171913
UBN|ACCLN|'79'|'VIRGIN ONE MIRAS'|2013-08-12|171913
UBN|ACCLN|'N7'|'LIQUIDITY SELECT'|2013-08-12|171913
UBN|ACCLN|'21'|'FOUNDATIONS'|2013-08-12|171913
UBN|ACCLN|'25'|'ROYAL REWARD ANNUAL'|2013-08-12|171913
UBN|ACCLN|'19'|'EDUCATION EXPENSES'|2013-08-12|171913
UBN|ACCLN|'80'|'RB CAM'|2013-08-12|171913
UBN|ACCLN|'03'|'RESERVE 30'|2013-08-12|171913
UBN|ACCLN|'86'|'SOLICITORS RESERVE'|2013-08-12|171913
UBN|ACCLN|'92'|'SUSP - FOREIGN CURRENCY'|2013-08-12|171913
UBN|ACCLN|'30'|'PRIVATE BANKING DEPOS'|2013-08-12|171913
UBN|ACCLN|'X7'|'LIQUIDITY SELECT 7 DAY'|2013-08-12|171913
UBN|ACCLN|'10'|'CURRENT'|2013-08-12|171913
UBN|ACCLN|'29'|'FIXED RATE BOND ANNUAL'|2013-08-12|171913
UBN|ACCLN|'84'|'RELIEF & REAL'|2013-08-12|171913
UBN|ACCLN|'51'|'BUS TERM LOAN CAP&INT'|2013-08-12|171913
UBN|ACCLN|'V0'|'LIQUIDITY SELECT 60 DAY'|2013-08-12|171913
UBN|ACCLN|'48'|'REVOLVING EQUITY RLSE'|2013-08-12|171913
UBN|ACCLN|'N8'|'LIQUIDITY MANAGER'|2013-08-12|171913
UBN|ACCLN|'40'|'BUSINESS CURRENT'|2013-08-12|171913
UBN|ACCLN|'55'|'CLIENT DEPOSIT SER(HY)'|2013-08-12|171913
UBN|ACCLN|'64'|'STAFF LOAN'|2013-08-12|171913
UBN|ACCLN|'07'|'U FIRST GOLD'|2013-08-12|171913
UBN|ACCLN|'31'|'INDIVIDUAL CLIENTS'|2013-08-12|171913
UBN|ACCLN|'65'|'STAFF HPL ENDOWMENT'|2013-08-12|171913
UBN|ACCLN|'Q9'|'CORPORATE CURRENT'|2013-08-12|171913
UBN|ACCLN|'Q8'|'ROYALTIES PREMIER'|2013-08-12|171913
UBN|ACCLN|'T1'|'PRIVATE RESERVE'|2013-08-12|171913
UBN|ACCLN|'44'|'ROYLINE DEPOSIT'|2013-08-12|171913
UBN|ACCLN|'Q4'|'55 PLUS SAVINGS'|2013-08-12|171913
UBN|ACCLN|'Q6'|'INSTANT SAVINGS TRACKER'|2013-08-12|171913
UBN|ACCLN|'88'|'RBIS INSURANCE BROKING'|2013-08-12|171913
UBN|ACCLN|'33'|'RAINBOW SAVINGS'|2013-08-12|171913
UBN|ACCLN|'U1'|'PATHWAY ACCOUNT'|2013-08-12|171913
UBN|ACCLN|'34'|'RESERVE 90'|2013-08-12|171913
UBN|ACCLN|'Q5'|'U FIRST SAVINGS'|2013-08-12|171913
UBN|ACCLN|'39'|'EASY ACCESS SAVINGS'|2013-08-12|171913
UBN|ACCLN|'T4'|'CASH'|2013-08-12|171913
UBN|ACCLN|'93'|'SUSP - ITEMS IN COURSE'|2013-08-12|171913
UBN|ACCLN|'U0'|'SPECIAL INTEREST DEPOSIT'|2013-08-12|171913
UBN|ACCLN|'62'|'STAFF BUDGET'|2013-08-12|171913
UBN|ACCLN|'41'|'NWDBB CURRENT'|2013-08-12|171913
UBN|ACCLN|'58'|'CLIENT DEPOSIT SER(M)'|2013-08-12|171913
UBN|ACCLN|'94'|'SUSP - INTEREST'|2013-08-12|171913
UBN|ACCLN|'57'|'RSVP ANYTIME'|2013-08-12|171913
UBN|ACCLN|'63'|'STAFF LOAN (CAP&INT)'|2013-08-12|171913
UBN|ACCLN|'91'|'SUSP - INTERNAL FUNDS'|2013-08-12|171913
UBN|ACCLN|'45'|'SOLICITORS RESERVE'|2013-08-12|171913
UBN|ACCLN|'P2'|'PRIVATE CURRENT ACCOUNT'|2013-08-12|171913
UBN|ACCLN|'56'|'F.I CLIENTS INVESTMENT'|2013-08-12|171913
UBN|ACCLN|'85'|'SPECIAL INT BEARING'|2013-08-12|171913
UBN|ACCLN|'X3'|'REGULAR SAVER'|2013-08-12|171913
UBN|ACCLN|'54'|'BONUS 90 MONTHLY'|2013-08-12|171913
UBN|ACCLN|'X4'|'DIRECT SAVER'|2013-08-12|171913
UBN|ACCLN|'59'|'BUSINESS DIRECT SAVINGS'|2013-08-12|171913
UBN|ACCLN|'06'|'CARD PLUS UNDER 16'|2013-08-12|171913
UBN|ACCLN|'17'|'STUDENT'|2013-08-12|171913
UBN|ACCLN|'S5'|'FIXED RATE ISA MONTHLY'|2013-08-12|171913
UBN|ACCLN|'ZJ'|'SELECT ACCOUNT'|2013-08-12|171913
UBN|ACCLN|'R3'|'SSIA FIXED RATE DEPOSIT'|2013-08-12|171913
UBN|ACCLN|'36'|'UR FIRST'|2013-08-12|171913
UBN|ACCLN|'15'|'LOAN RETURNED PERSONAL'|2013-08-12|171913
UBN|ACCLN|'77'|'STEP'|2013-08-12|171913
UBN|ACCLN|'11'|'PERSONAL SAVINGS'|2013-08-12|171913
UBN|ACCLN|'T0'|'LIQUIDITY MANAGER 95 DAY'|2013-08-12|171913
UBN|ACCLN|'50'|'BUSINESS TERM LOAN'|2013-08-12|171913
UBN|ACCLN|'L2'|'NON PERSONAL LOAN'|2013-08-12|171913
UBN|ACCLN|'U2'|'CASH ISA PLUS'|2013-08-12|171913
UBN|ACCLN|'R6'|'ELEVATOR NON-PERSONAL'|2013-08-12|171913
UBN|ACCLN|'02'|'TESSA'|2013-08-12|171913
UBN|ACCLN|'74'|'ECGD MEDIUM/LONG TERM'|2013-08-12|171913
UBN|ACCLN|'W9'|'LIQUIDITY MANAGER 30 DAY'|2013-08-12|171913
UBN|ACCLN|'S4'|'BONUS ACCESS ACCOUNT'|2013-08-12|171913
UBN|ACCLN|'78'|'VIRGIN ONE MT'|2013-08-12|171913
UBN|ACCLN|'47'|'HOMEOWNER LOAN ENDOWMENT'|2013-08-12|171913
UBN|ACCLN|'M1'|'OFFSET MORTGAGE'|2013-08-12|171913
UBN|ACCLN|'04'|'30 DAY SAVINGS ANNUAL'|2013-08-12|171913
UBN|ACCLN|'01'|'DUAL'|2013-08-12|171913
UBN|ACCLN|'23'|'CASH ISA - TESSA FUNDS'|2013-08-12|171913
UBN|ACCLN|'X0'|'BUSINESS REWARD RESERVE'|2013-08-12|171913
UBN|ACCLN|'R5'|'ELEVATOR PERSONAL'|2013-08-12|171913
UBN|ACCLN|'83'|'RELIEF & REAL INT BEAR'|2013-08-12|171913
UBN|ACCLN|'Q3'|'REWARD RESERVE'|2013-08-12|171913
UBN|ACCLN|'95'|'SUSP - ATTACHED FUNDS'|2013-08-12|171913
UBN|ACCLN|'L1'|'PERSONAL LOAN'|2013-08-12|171913
UBN|ACCLN|'05'|'CASH CLUB'|2013-08-12|171913
UBN|ACCLN|'R1'|'YOURBANK INSTANT SAVER'|2013-08-12|171913
UBN|ACCLN|'27'|'REVOLVING BUDGET'|2013-08-12|171913
UBN|ACCLN|'53'|'60 DAY SAVINGS MONTHLY'|2013-08-12|171913
UBN|ACCLN|'82'|'OVERSEAS VOSTRO'|2013-08-12|171913
UBN|ACCLN|'71'|'60 DAY ISA'|2013-08-12|171913
UBN|ACCLN|'X8'|'LIQUIDITY SELECT 14 DAY'|2013-08-12|171913
UBN|ACCLN|'09'|'CHILD & CO CURRENT'|2013-08-12|171913
UBN|ACCLN|'28'|'FIXED RATE BOND MONTHLY'|2013-08-12|171913
UBN|ACCLN|'90'|'SUSP - CUSTOMER FUNDS'|2013-08-12|171913
UBN|ACCLN|'MY'|'SWITCHED OUT ACCOUNT'|2013-08-12|171913
UBN|ACCLN|'72'|'PRIVATE BANKING CURRENT'|2013-08-12|171913
UBN|ACCLN|'52'|'PROF PRACTICE LOAN'|2013-08-12|171913
UBN|ACCLN|'14'|'CASH MANAGEMENT'|2013-08-12|171913
UBN|ACCLN|'35'|'CASHLINE ACCOUNT'|2013-08-12|171913
UBN|ACCLN|'P1'|'UFIRST PRIVATE'|2013-08-12|171913
UBN|ACCLN|'26'|'U FIRST'|2013-08-12|171913
UBN|ACCLN|'42'|'BUSINESS RESERVE'|2013-08-12|171913
UBN|ACCLN|'20'|'HOUSE PURCHASE - QTLY'|2013-08-12|171913
UBN|ACCLN|'13'|'PERSONAL TERM LOAN'|2013-08-12|171913
UBN|ACCLN|'22'|'ENDOWMENT HPL -SPECIAL'|2013-08-12|171913
UBN|ACCLN|'V1'|'ADAPT'|2013-08-12|171913
UBN|PCARD|'1'|'ATM'|2013-08-12|174018
UBN|PCARD|'2'|'CCD'|2013-08-12|174018
UBN|PCARD|'4'|'S/C'|2013-08-12|174018
UBN|PCARD|'5'|'S/C'|2013-08-12|174018
UBN|PRBFM|9999999998.| 9999999999.99|2014-04-28|164836
UBN|PRBFM|-9999999998.|-9999999999.99|2014-04-28|164837
UBN|PRBFM|-9999999997.|-9999999998.98|2014-04-28|164837
UBN|PRBFM|-9999999996.|-9999999997.97|2014-04-28|164838
UBN|SCARD|'SC07'|'CAC'|2014-06-30|134403
UBN|SCARD|'SC10'|'CAC'|2014-06-30|134403
UBN|SCARD|'SC11'|'CAC'|2014-06-30|134403
UBN|SCARD|'SC14'|'CAC'|2014-06-30|134403
UBN|SCARD|'SC32'|'BUC'|2014-06-30|134403
UBN|SCARD|'SC33'|'BUC'|2014-06-30|134403
UBN|SCARD|'SC34'|'BUC'|2014-06-30|134404
UBN|SCARD|'SC35'|'BUC'|2014-06-30|134404
UBN|SCARD|'SC36'|'BUL'|2014-06-30|134404
UBN|SCARD|'SC37'|'BUL'|2014-06-30|134404
UBN|SCARD|'SC38'|'BUL'|2014-06-30|134404
UBN|SCARD|'SC43'|'CAC'|2014-06-30|134404
UBN|SCARD|'SC53'|'BUS'|2014-06-30|134404
UBN|SCARD|'SC56'|'FRL'|2014-06-30|134404
UBN|SCARD|'SC57'|'PTL'|2014-06-30|134404
UBN|SCARD|'SC85'|'BUS'|2014-06-30|134404
UBN|SCARD|'SC88'|'PTL'|2014-06-30|134404
UBN|SCARD|'SC90'|'CAC'|2014-06-30|134404
UBN|SCARD|'SC91'|'FRL'|2014-06-30|134404
UBN|RCARD|'4'|'Certain Decline Score card held'|2018-04-19|171913
UBN|RCARD|'5'|'CERTAIN DECLINE.DO NOT PROCESS CARD'|2018-04-19|171913
UBN|RCARD|'6'|'CERTAIN DECLINE.DO NOT PROCESS CARD'|2018-04-19|171913
UBN|RCARD|'E'|'CERTAIN DECLINE.DO NOT PROCESS CARD'|2018-04-19|171913
UBN|RCARD|'F'|'CERTAIN DECLINE.DO NOT PROCESS CARD'|2018-04-19|171913
UBN|RCARD|'H'|'Certain Decline - Score, card not held'|2018-04-19|171913
UBN|RCARD|'V'|'USE CART FOR % CHANCE OF ACCEPT'|2018-04-19|171913
UBN|RCARD|'B'|'7/10 CHANCE OF ACCEPT'|2018-04-19|171913
UBN|RCARD|'C'|'CERTAIN DECLINE DO NOT PROCESS CARD'|2018-04-19|171913
UBN|RCARD|'2'|'CERTAIN DECLINE DO NOT PROCESS CARD'|2018-04-19|171913
UBN|RCARD|'Y'|'CONTINUOUS OVERDRAFT'|2018-04-19|171913
UBN|RCARD|'Z'|'Z-FLAG ON ACCOUNT'|2018-04-19|171913
UBN|RCARD|'3'|'7/10 CHANCE OF ACCEPT'|2018-04-19|171913
UBN|RCARD|'7'|'7/10 CHANCE OF ACCEPT'|2018-04-19|171913
UBN|RCARD|'A'|'9/10 CHANCE OF ACCEPT - A'|2018-04-19|171913
UBN|RCARD|'M'|'9/10 CHANCE OF ACCEPT - M'|2018-04-19|171913
GRP|EQCHA|IS NULL|  -1|2014-08-12|141615
GRP|EQCHA|''|  -1|2014-08-12|141615
GRP|EQCHA|'T'|  -2|2014-08-12|141615
GRP|EQCHA|'M'|  -3|2014-08-12|141615
GRP|EQCHA|'C'|  -4|2014-08-12|141615
GRP|EQCHA|'H'|  -5|2014-08-12|141615
GRP|EQCHA|'F'|  -6|2014-08-12|141615
GRP|EQCHA|'G'|  -7|2014-08-12|141615
RBS|MORT|'1'|'YES'|2012-11-14|110731
RBS|MORT|'2'|'CAM'|2012-11-14|110731
RBS|MORT|''|'NONE'|2012-11-14|110731
RBS|PCARD|'00'|'NONE'|2012-11-14|110731
RBS|PCARD|'01'|'C/L'|2012-11-14|110731
RBS|PCARD|'02'|'CLP'|2012-11-14|110731
RBS|PCARD|'04'|'H/L'|2012-11-14|110731
RBS|PCARD|'05'|'H/L'|2012-11-14|110731
RBS|CCARD|'4'|'HELD'|2012-11-14|110731
RBS|CCARD|'5'|'HELD'|2012-11-14|110731
RBS|CCARD|'6'|'HELD'|2012-11-14|110731
RBS|CCARD|'E'|'NONE'|2012-11-14|110731
RBS|CCARD|'F'|'NONE'|2012-11-14|110731
RBS|CCARD|'G'|''|2012-11-14|110731
RBS|CCARD|'H'|'NONE'|2012-11-14|110731
RBS|CCARD|'V'|'NONE'|2012-11-14|110731
RBS|RCARD|'4'|'Certain Decline - Score, card held'|2012-11-14|110731
RBS|RCARD|'5'|'CERTAIN DECLINE. DO NOT PROCESS CARD'|2012-11-14|110731
RBS|RCARD|'6'|'CERTAIN DECLINE. DO NOT PROCESS CARD'|2012-11-14|110731
RBS|RCARD|'E'|'CERTAIN DECLINE. DO NOT PROCESS CARD'|2012-11-14|110731
RBS|RCARD|'F'|'CERTAIN DECLINE. DO NOT PROCESS CARD'|2012-11-14|110731
RBS|RCARD|'H'|'Certain Decline - Score, card not held'|2012-11-14|110731
RBS|RCARD|'V'|'USE CART FOR % CHANCE OF ACCEPT'|2012-11-14|110731
RBS|SCARD|'SC07'|'CAC'|2012-11-14|110731
RBS|SCARD|'SC10'|'CAC'|2012-11-14|110731
RBS|SCARD|'SC11'|'CAC'|2012-11-14|110731
RBS|SCARD|'SC14'|'CAC'|2012-11-14|110731
RBS|SCARD|'SC23'|'TES'|2012-11-14|110731
RBS|SCARD|'SC26'|'DIR'|2012-11-14|110731
RBS|SCARD|'SC32'|'BUC'|2012-11-14|110731
RBS|SCARD|'SC33'|'BUC'|2012-11-14|110731
RBS|SCARD|'SC34'|'BUC'|2012-11-14|110731
RBS|SCARD|'SC35'|'BUC'|2012-11-14|110731
RBS|SCARD|'SC36'|'BUL'|2012-11-14|110731
RBS|SCARD|'SC37'|'BUL'|2012-11-14|110731
RBS|SCARD|'SC38'|'BUL'|2012-11-14|110731
RBS|SCARD|'SC42'|'COD'|2012-11-14|110731
RBS|SCARD|'SC43'|'CAC'|2012-11-14|110731
RBS|SCARD|'SC53'|'BUS'|2012-11-14|110731
RBS|SCARD|'SC54'|'FRL'|2012-11-14|110731
RBS|SCARD|'SC56'|'FRL'|2012-11-14|110731
RBS|SCARD|'SC57'|'PTL'|2012-11-14|110731
RBS|SCARD|'SC59'|'FRL'|2012-11-14|110731
RBS|SCARD|'SC60'|'MGE'|2012-11-14|110731
RBS|SCARD|'SC61'|'MGE'|2012-11-14|110731
RBS|SCARD|'SC62'|'MGE'|2012-11-14|110731
RBS|SCARD|'SC63'|'CAC'|2012-11-14|110731
RBS|SCARD|'SC64'|'CAC'|2012-11-14|110731
RBS|SCARD|'SC65'|'CAC'|2012-11-14|110731
RBS|SCARD|'SC66'|'BUS'|2012-11-14|110731
RBS|SCARD|'SC67'|'MGE'|2012-11-14|110731
RBS|SCARD|'SC68'|'MGE'|2012-11-14|110731
RBS|SCARD|'SC69'|'DIR'|2012-11-14|110731
RBS|SCARD|'SC70'|'CAC'|2012-11-14|110731
RBS|SCARD|'SC71'|'CAC'|2012-11-14|110731
RBS|SCARD|'SC72'|'PTL'|2012-11-14|110731
RBS|SCARD|'SC73'|'FRL'|2012-11-14|110731
RBS|SCARD|'SC74'|'FRL'|2012-11-14|110731
RBS|SCARD|'SC75'|'FRL'|2012-11-14|110731
RBS|SCARD|'SC76'|'FRL'|2012-11-14|110731
RBS|SCARD|'SC77'|'FRL'|2012-11-14|110731
RBS|SCARD|'SC79'|'FRL'|2012-11-14|110731
RBS|SCARD|'SC80'|'CAC'|2012-11-14|110731
RBS|SCARD|'SC81'|'CAC'|2012-11-14|110731
RBS|SCARD|'SC82'|'CAC'|2012-11-14|110731
RBS|SCARD|'SC83'|'MGE'|2012-11-14|110731
RBS|SCARD|'SC84'|'MGE'|2012-11-14|110731
RBS|SCARD|'SC86'|'CAC'|2012-11-14|110731
RBS|SCARD|'SC87'|'CAC'|2012-11-14|110731
RBS|RMORT|''|''|2012-11-14|110731
RBS|RMORT|'1'|'PASS 95%'|2012-11-14|110731
RBS|RMORT|'2'|'PASS 95%'|2012-11-14|110731
NWB|ACCLN|'ZX'|'LIQUIDITY SELECT 95 DAY'|2013-08-12|171709
NWB|ACCLN|'WK'|'CORP CASH MANAGER PLUS'|2013-08-12|171709
NWB|ACCLN|'16'|'LOAN RETURNED BUSINESS'|2013-08-12|171709
NWB|ACCLN|'MA'|'FIXED RATE SAVINGS'|2013-08-12|171709
NWB|ACCLN|'MV'|'LIQUIDITY SELECT 35 DAY'|2013-08-12|171709
NWB|ACCLN|'X9'|'LIQUIDITY SELECT 30 DAY'|2013-08-12|171709
NWB|ACCLN|'ML'|'95 DAY SELECT'|2013-08-12|171709
NWB|ACCLN|'MP'|'CORP CASH MANAGER PLUS'|2013-08-12|171709
NWB|ACCLN|'ZZ'|'PAYU OVERDRAFT'|2013-08-12|171709
NWB|ACCLN|'05'|'CASH CLUB'|2013-08-12|171709
NWB|ACCLN|'36'|'YOUNG SAVER'|2013-08-12|171709
NWB|ACCLN|'50'|'BUSINESS TERM LOAN'|2013-08-12|171709
NWB|ACCLN|'W9'|'LIQUIDITY MANAGER 30 DAY'|2013-08-12|171709
NWB|ACCLN|'Z3'|'FIRST RESERVE'|2013-08-12|171709
NWB|ACCLN|'34'|'30 DAY BONUS RESERVE'|2013-08-12|171709
NWB|ACCLN|'WM'|'CORP CASH MANAGER PLUS'|2013-08-12|171709
NWB|ACCLN|'U0'|'SPECIAL INTEREST ACCOUNT'|2013-08-12|171709
NWB|ACCLN|'70'|'CASH ISA'|2013-08-12|171709
NWB|ACCLN|'14'|'CASH MANAGEMENT'|2013-08-12|171709
NWB|ACCLN|'45'|'SOLICITORS RESERVE'|2013-08-12|171709
NWB|ACCLN|'10'|'CURRENT'|2013-08-12|171709
NWB|ACCLN|'V7'|'BUSINESS DIRECT RESERVE'|2013-08-12|171709
NWB|ACCLN|'WY'|'SELECT PLATINUM ACCOUNT'|2013-08-12|171709
NWB|ACCLN|'U1'|'INSTANT ACCESS RESERVE'|2013-08-12|171709
NWB|ACCLN|'26'|'ADVANTAGE GOLD'|2013-08-12|171709
NWB|ACCLN|'Z5'|'ADVANTAGE RESERVE'|2013-08-12|171709
NWB|ACCLN|'WQ'|'CORP CASH MANAGER PLUS'|2013-08-12|171709
NWB|ACCLN|'N3'|'FLEXIBLE ACCESS BOND'|2013-08-12|171709
NWB|ACCLN|'ZY'|'FIXED RATE DEPOSIT'|2013-08-12|171709
NWB|ACCLN|'V8'|'BUSINESS PLUS'|2013-08-12|171709
NWB|ACCLN|'MK'|'CORPORATE CASH PREMIUM'|2013-08-12|171709
NWB|ACCLN|'ME'|'LIQUIDITY ACCESS ACCOUNT'|2013-08-12|171709
NWB|ACCLN|'62'|'STAFF BUDGET'|2013-08-12|171709
NWB|ACCLN|'ZU'|'CORPORATE CASH MANAGER'|2013-08-12|171709
NWB|ACCLN|'44'|'ROYLINE DEPOSIT'|2013-08-12|171709
NWB|ACCLN|'91'|'SUSP - INTERNAL FUNDS'|2013-08-12|171709
NWB|ACCLN|'52'|'PROF PRACTICE LOAN'|2013-08-12|171709
NWB|ACCLN|'51'|'BUS.TERM LOAN -CAP&INT'|2013-08-12|171709
NWB|ACCLN|'MF'|'LIQUIDITY RESERVE ACCOUN'|2013-08-12|171709
NWB|ACCLN|'W6'|'90 DAY NOTICE'|2013-08-12|171709
NWB|ACCLN|'Z2'|'INSTANT SAVER'|2013-08-12|171709
NWB|ACCLN|'ZS'|'CORPORATE CASH MANAGER'|2013-08-12|171709
NWB|ACCLN|'X0'|'LIQUIDITY ACCESS MANAGER'|2013-08-12|171709
NWB|ACCLN|'T0'|'LIQUIDITY MANAGER 95 DAY'|2013-08-12|171709
NWB|ACCLN|'WU'|'CORP CASH MANAGER PLUS'|2013-08-12|171709
NWB|ACCLN|'ZN'|'SELECT SILVER ACCOUNT'|2013-08-12|171709
NWB|ACCLN|'X7'|'LIQUIDITY SELECT 7 DAY'|2013-08-12|171709
NWB|ACCLN|'P2'|'SELECT ACCOUNT'|2013-08-12|171709
NWB|ACCLN|'S5'|'FIXED RATE ISA MONTHLY'|2013-08-12|171709
NWB|ACCLN|'U2'|'ISA PLUS'|2013-08-12|171709
NWB|ACCLN|'V2'|'ADVANTAGE BUSINESS'|2013-08-12|171709
NWB|ACCLN|'32'|'SAVINGS'|2013-08-12|171709
NWB|ACCLN|'03'|'DIAMOND RESERVE'|2013-08-12|171709
NWB|ACCLN|'95'|'SUSP - ATTACHED FUNDS'|2013-08-12|171709
NWB|ACCLN|'ZC'|'CASH ISA'|2013-08-12|171709
NWB|ACCLN|'21'|'FOUNDATIONS'|2013-08-12|171709
NWB|ACCLN|'X2'|'NATWEST ADVANTAGE'|2013-08-12|171709
NWB|ACCLN|'57'|'SAVINGS DIRECT'|2013-08-12|171709
NWB|ACCLN|'ZE'|'REWARD RESERVE'|2013-08-12|171709
NWB|ACCLN|'Z6'|'ADVANTAGE RESERVE'|2013-08-12|171709
NWB|ACCLN|'39'|'FIRST RESERVE'|2013-08-12|171709
NWB|ACCLN|'58'|'CLIENT DEPOSIT SER(M)'|2013-08-12|171709
NWB|ACCLN|'MH'|'BUSINESS DIRECT RESERVE'|2013-08-12|171709
NWB|ACCLN|'54'|'BONUS 90 MONTHLY'|2013-08-12|171709
NWB|ACCLN|'WH'|'CORP CASH MANAGER PLUS'|2013-08-12|171709
NWB|ACCLN|'15'|'LOAN RETURNED PERSONAL'|2013-08-12|171709
NWB|ACCLN|'66'|'STAFF HPL (CAP&INT)'|2013-08-12|171709
NWB|ACCLN|'75'|'CARD PLUS'|2013-08-12|171709
NWB|ACCLN|'MS'|'CORP CASH MANAGER PLUS'|2013-08-12|171709
NWB|ACCLN|'49'|'CORPORATE MONEY MARKET'|2013-08-12|171709
NWB|ACCLN|'MR'|'BUSINESS CURRENT ACCOUNT'|2013-08-12|171709
NWB|ACCLN|'27'|'REVOLVING BUDGET'|2013-08-12|171709
NWB|ACCLN|'64'|'STAFF LOAN'|2013-08-12|171709
NWB|ACCLN|'V1'|'NATWEST ADAPT'|2013-08-12|171709
NWB|ACCLN|'08'|'SELECT ACCOUNT'|2013-08-12|171709
NWB|ACCLN|'28'|'FIXED RATE BOND MONTHLY'|2013-08-12|171709
NWB|ACCLN|'37'|'60 DAY SAVINGS ANNUAL'|2013-08-12|171709
NWB|ACCLN|'65'|'STAFF HPL ENDOWMENT'|2013-08-12|171709
NWB|ACCSH|'WA'|'GOLD'|2013-08-12|171734
NWB|ACCSH|'79'|'VIRMIR'|2013-08-12|171734
NWB|ACCSH|'64'|'STF.LN'|2013-08-12|171734
NWB|ACCSH|'04'|'SAV30Y'|2013-08-12|171734
NWB|ACCSH|'WN'|'CCMPN'|2013-08-12|171734
NWB|ACCSH|'09'|'CHI.CA'|2013-08-12|171734
NWB|ACCSH|'ZT'|'CCM C'|2013-08-12|171734
NWB|ACCSH|'W0'|'FRD'|2013-08-12|171734
NWB|ACCSH|'40'|'BUSCUR'|2013-08-12|171734
NWB|ACCSH|'WS'|'CCMPS'|2013-08-12|171734
NWB|ACCSH|'37'|'S60DAY'|2013-08-12|171734
NWB|ACCSH|'Z4'|'FIRST3'|2013-08-12|171734
NWB|ACCSH|'R1'|'YURBNK'|2013-08-12|171734
NWB|ACCSH|'81'|'FI.GEN'|2013-08-12|171734
NWB|ACCSH|'MN'|'CCMP2'|2013-08-12|171734
NWB|ACCSH|'06'|'CDU16'|2013-08-12|171734
NWB|ACCSH|'46'|'HOLCAP'|2013-08-12|171734
NWB|ACCSH|'28'|'FRB-M'|2013-08-12|171734
NWB|ACCSH|'72'|'PRBNKC'|2013-08-12|171734
NWB|ACCSH|'S8'|'CCMPLU'|2013-08-12|171734
NWB|ACCSH|'17'|'STUDNT'|2013-08-12|171734
NWB|ACCSH|'ZA'|'CSHIS1'|2013-08-12|171734
NWB|ACCSH|'08'|'SELECT'|2013-08-12|171734
NWB|ACCSH|'WW'|'CCMPW'|2013-08-12|171734
NWB|ACCSH|'WB'|'CCMPB'|2013-08-12|171734
NWB|ACCSH|'88'|'INS.BR'|2013-08-12|171734
NWB|ACCSH|'Q8'|'ROYPRM'|2013-08-12|171734
NWB|ACCSH|'MW'|'35DSEL'|2013-08-12|171734
NWB|ACCSH|'V1'|'ADAPT'|2013-08-12|171734
NWB|ACCSH|'Q3'|'REWRES'|2013-08-12|171734
NWB|ACCSH|'73'|'STEF'|2013-08-12|171734
NWB|ACCSH|'Q7'|'BONSAV'|2013-08-12|171734
NWB|ACCSH|'WL'|'CCMPL'|2013-08-12|171734
NWB|ACCSH|'MM'|'CCMP1'|2013-08-12|171734
NWB|ACCSH|'MU'|'35DLQM'|2013-08-12|171734
NWB|ACCSH|'WD'|'CCMPD'|2013-08-12|171734
NWB|ACCSH|'WT'|'CCMPT'|2013-08-12|171734
NWB|ACCSH|'T1'|'PRIRES'|2013-08-12|171734
NWB|ACCSH|'24'|'ROYRWM'|2013-08-12|171734
NWB|ACCSH|'ZH'|'SELCTA'|2013-08-12|171734
NWB|ACCSH|'82'|'VOSTRO'|2013-08-12|171734
NWB|ACCSH|'MY'|'IASP'|2013-08-12|171734
NWB|ACCSH|'M1'|'OFFMOR'|2013-08-12|171734
NWB|ACCSH|'11'|'SPECRS'|2013-08-12|171734
NWB|ACCSH|'92'|'SUS FC'|2013-08-12|171734
NWB|ACCSH|'41'|'BDCURR'|2013-08-12|171734
NWB|ACCSH|'WG'|'CCMPG'|2013-08-12|171734
NWB|ACCSH|'ZR'|'CCM A'|2013-08-12|171734
NWB|ACCSH|'43'|'LIQMGR'|2013-08-12|171734
NWB|ACCSH|'07'|'ADPRIV'|2013-08-12|171734
NWB|ACCSH|'U8'|'P90DAY'|2013-08-12|171734
NWB|ACCSH|'MX'|'TRDLN'|2013-08-12|171734
NWB|ACCSH|'ZW'|'95DLQM'|2013-08-12|171734
NWB|ACCSH|'13'|'T.LOAN'|2013-08-12|171734
NWB|ACCSH|'X1'|'CASHPL'|2013-08-12|171734
NWB|ACCSH|'63'|'STF.CI'|2013-08-12|171734
NWB|ACCSH|'27'|'REVBUD'|2013-08-12|171734
NWB|ACCSH|'S6'|'FRI-AN'|2013-08-12|171734
NWB|ACCSH|'W8'|'14DLQM'|2013-08-12|171734
NWB|ACCSH|'ZB'|'CSHIS2'|2013-08-12|171734
NWB|ACCSH|'U3'|'EVDRES'|2013-08-12|171734
NWB|ACCSH|'38'|'ESAVE'|2013-08-12|171734
NWB|ACCSH|'W1'|'CAPDEP'|2013-08-12|171734
NWB|ACCSH|'N7'|'LQ.SEL'|2013-08-12|171734
NWB|ACCSH|'W2'|'BUSSAV'|2013-08-12|171734
NWB|ACCSH|'85'|'SP.INT'|2013-08-12|171734
NWB|ACCSH|'56'|'FI.INV'|2013-08-12|171734
NWB|ACCSH|'MD'|'FRDMON'|2013-08-12|171734
NWB|ACCSH|'V6'|'FONDAT'|2013-08-12|171734
NWB|ACCSH|'L1'|'PLN'|2013-08-12|171734
NWB|ACCSH|'U9'|'N30DAY'|2013-08-12|171734
NWB|ACCSH|'MZ'|'IASNP'|2013-08-12|171734
NWB|ACCSH|'93'|'SUS IC'|2013-08-12|171734
NWB|ACCSH|'ZK'|'SELCTC'|2013-08-12|171734
NWB|ACCSH|'80'|'CAM'|2013-08-12|171734
NWB|ACCSH|'Q1'|'SELECT'|2013-08-12|171734
NWB|ACCSH|'MJ'|'SEL+OC'|2013-08-12|171734
NWB|ACCSH|'23'|'TESOIS'|2013-08-12|171734
NWB|ACCSH|'MB'|'FRSANN'|2013-08-12|171734
NWB|ACCSH|'V0'|'60DLQS'|2013-08-12|171734
NWB|ACCSH|'60'|'STFCUR'|2013-08-12|171734
NWB|ACCSH|'Q5'|'ADVRES'|2013-08-12|171734
NWB|ACCSH|'83'|'R&R'|2013-08-12|171734
NWB|ACCSH|'77'|'STEPAC'|2013-08-12|171734
NWB|ACCSH|'35'|'CSHLIN'|2013-08-12|171734
NWB|ACCSH|'84'|'R&R'|2013-08-12|171734
NWB|ACCSH|'53'|'S60DYM'|2013-08-12|171734
NWB|ACCSH|'ZJ'|'SELCTB'|2013-08-12|171734
NWB|ACCSH|'59'|'BUSDIR'|2013-08-12|171734
NWB|ACCSH|'WU'|'CCMPU'|2013-08-12|171734
NWB|ACCSH|'ZN'|'SILVR2'|2013-08-12|171734
NWB|ACCSH|'52'|'PRO.LN'|2013-08-12|171734
NWB|ACCSH|'X2'|'NWADV'|2013-08-12|171734
NWB|ACCSH|'MK'|'CCPREM'|2013-08-12|171734
NWB|ACCSH|'S5'|'FRI-MO'|2013-08-12|171734
NWB|ACCSH|'54'|'BON90M'|2013-08-12|171734
NWB|ACCSH|'WH'|'CCMPH'|2013-08-12|171734
NWB|ACCSH|'15'|'RTNPER'|2013-08-12|171734
NWB|ACCSH|'ZS'|'CCM B'|2013-08-12|171734
NWB|ACCSH|'32'|'SAVNGS'|2013-08-12|171734
NWB|ACCSH|'03'|'DIAMND'|2013-08-12|171734
NWB|ACCSH|'95'|'SUS AF'|2013-08-12|171734
NWB|ACCSH|'75'|'CARDPL'|2013-08-12|171734
NWB|ACCSH|'N3'|'FLXBND'|2013-08-12|171734
NWB|ACCSH|'ZY'|'FRDMI'|2013-08-12|171734
NWB|ACCSH|'V8'|'BUSPLS'|2013-08-12|171734
NWB|ACCSH|'ZE'|'REWRS2'|2013-08-12|171734
NWB|ACCSH|'Z6'|'ADVRS2'|2013-08-12|171734
NWB|ACCSH|'X7'|'7DLIQS'|2013-08-12|171734
NWB|ACCSH|'P2'|'SELECT'|2013-08-12|171734
NWB|ACCSH|'66'|'STHPCP'|2013-08-12|171734
NWB|ACCSH|'44'|'ROYDEP'|2013-08-12|171734
NWB|ACCSH|'91'|'SUS IF'|2013-08-12|171734
NWB|ACCSH|'39'|'FIRSTR'|2013-08-12|171734
NWB|ACCSH|'58'|'CLIM'|2013-08-12|171734
NWB|ACCSH|'MH'|'DIRRS2'|2013-08-12|171734
NWB|ACCSH|'MS'|'CCM+Q'|2013-08-12|171734
NWB|ACCSH|'49'|'CORPMM'|2013-08-12|171734
NWB|ACCSH|'ME'|'LIQACC'|2013-08-12|171734
NWB|ACCSH|'62'|'ST.BUD'|2013-08-12|171734
NWB|ACCSH|'U2'|'ISPLUS'|2013-08-12|171734
NWB|ACCSH|'V2'|'ADVBUS'|2013-08-12|171734
NWB|ACCSH|'51'|'BTLNCI'|2013-08-12|171734
NWB|ACCSH|'W6'|'N90DAY'|2013-08-12|171734
NWB|ACCSH|'WQ'|'CCMPQ'|2013-08-12|171734
NWB|ACCSH|'MF'|'LIQRES'|2013-08-12|171734
NWB|ACCSH|'57'|'SAVDIR'|2013-08-12|171734
NWB|ACCSH|'ZU'|'CCM D'|2013-08-12|171734
NWB|ACCSH|'X0'|'LIQACM'|2013-08-12|171734
NWB|ACCSH|'ZC'|'CSHIS3'|2013-08-12|171734
NWB|ACCSH|'21'|'FOUNDN'|2013-08-12|171734
NWB|ACCSH|'T0'|'95DLQM'|2013-08-12|171734
NWB|ACCSH|'N2'|'EISA'|2013-08-12|171734
NWB|ACCSH|'47'|'HOLEND'|2013-08-12|171734
NWB|ACCSH|'70'|'CSHISA'|2013-08-12|171734
NWB|ACCSH|'05'|'CSHCLB'|2013-08-12|171734
NWB|ACCSH|'29'|'FRB-A'|2013-08-12|171734
NWB|ACCSH|'W7'|'7DLIQM'|2013-08-12|171734
NWB|ACCSH|'33'|'RBOWSV'|2013-08-12|171734
NWB|ACCSH|'ZX'|'95DLQS'|2013-08-12|171734
NWB|ACCSH|'WK'|'CCMPK'|2013-08-12|171734
NWB|ACCSH|'16'|'RTNBUS'|2013-08-12|171734
NWB|ACCSH|'MA'|'FRSMON'|2013-08-12|171734
NWB|ACCSH|'26'|'ADGOLD'|2013-08-12|171734
NWB|ACCSH|'ZM'|'SILVR1'|2013-08-12|171734
NWB|ACCSH|'MT'|'CCM+M'|2013-08-12|171734
NWB|ACCSH|'T3'|'ESPLUS'|2013-08-12|171734
NWB|ACCSH|'36'|'YOUNGS'|2013-08-12|171734
NWB|ACCSH|'WM'|'CCMPM'|2013-08-12|171734
NWB|ACCSH|'U0'|'SIA'|2013-08-12|171734
NWB|ACCSH|'ZZ'|'PAYUO'|2013-08-12|171734
NWB|ACCSH|'WF'|'CCMPF'|2013-08-12|171734
NWB|ACCSH|'Q0'|'SMEBCA'|2013-08-12|171734
NWB|ACCSH|'L2'|'BUSLN'|2013-08-12|171734
NWB|ACCSH|'10'|'CURRNT'|2013-08-12|171734
NWB|ACCSH|'W9'|'30DLQM'|2013-08-12|171734
NWB|ACCSH|'Z3'|'FIRST2'|2013-08-12|171734
NWB|ACCSH|'34'|'BON30'|2013-08-12|171734
NWB|ACCSH|'MV'|'35DLQS'|2013-08-12|171734
NWB|ACCSH|'X9'|'30DLQS'|2013-08-12|171734
NWB|ACCSH|'ML'|'95DSEL'|2013-08-12|171734
NWB|ACCSH|'MP'|'CCMP3'|2013-08-12|171734
NWB|ACCSH|'45'|'SOLRES'|2013-08-12|171734
NWB|ACCSH|'WY'|'PLTAFF'|2013-08-12|171734
NWB|ACCSH|'12'|'PBRIDG'|2013-08-12|171734
NWB|ACCSH|'X3'|'REGSAV'|2013-08-12|171734
NWB|ACCSH|'V7'|'DIRRES'|2013-08-12|171734
NWB|ACCSH|'Z5'|'ADVRS1'|2013-08-12|171734
NWB|ACCSH|'X5'|'BALBLD'|2013-08-12|171734
NWB|ACCSH|'89'|'TRVINS'|2013-08-12|171734
RBS|RMORT|'3'|'PASS 90%'|2012-11-14|110731
RBS|RMORT|'4'|'APS'|2012-11-14|110731
RBS|RMORT|'5'|'APS'|2012-11-14|110731
RBS|RMORT|'80'|'CAM'|2012-11-14|110731
RBS|ACCLN|'63'|'STAFF LOAN (CAP&INT)'|2013-08-12|151458
RBS|ACCLN|'MQ'|'BUSINESS CURRENT ACCOUNT'|2013-08-12|151458
RBS|ACCLN|'49'|'CORPORATE MONEY MARKET'|2013-08-12|151458
RBS|ACCLN|'X8'|'LIQUIDITY SELECT 14 DAY'|2013-08-12|151458
RBS|ACCLN|'30'|'PRIVATE BANKING DEPOS'|2013-08-12|151458
RBS|ACCLN|'94'|'SUSP - INTEREST'|2013-08-12|151458
RBS|ACCLN|'Q6'|'INSTANT SAVINGS TRACKER'|2013-08-12|151458
RBS|ACCLN|'MX'|'TRADE LOAN'|2013-08-12|151458
RBS|ACCLN|'51'|'BUS.TERM LOAN -CAP&INT'|2013-08-12|151458
RBS|ACCLN|'ZN'|'SELECT SILVER ACCOUNT'|2013-08-12|151458
RBS|ACCLN|'05'|'CASH CLUB'|2013-08-12|151458
RBS|ACCLN|'ZS'|'CORPORATE CASH MANAGER'|2013-08-12|151458
RBS|ACCLN|'85'|'SPECIAL INT BEARING'|2013-08-12|151458
RBS|ACCLN|'26'|'ROYALTIES'|2013-08-12|151458
RBS|ACCLN|'67'|'STAFF HPL-BASE MAX 10%'|2013-08-12|151458
RBS|ACCLN|'65'|'STAFF HPL ENDOWMENT'|2013-08-12|151458
RBS|ACCLN|'09'|'CHILD & CO CURRENT'|2013-08-12|151458
RBS|ACCLN|'X3'|'REGULAR SAVER'|2013-08-12|151458
RBS|ACCLN|'50'|'BUSINESS TERM LOAN'|2013-08-12|151458
RBS|ACCLN|'WF'|'CORP CASH MANAGER PLUS'|2013-08-12|151458
RBS|ACCLN|'WR'|'CORP CASH MANAGER PLUS'|2013-08-12|151458
RBS|ACCLN|'04'|'30 DAY SAVINGS ANNUAL'|2013-08-12|151458
RBS|ACCLN|'73'|'SHORT TERM EXPORT FIN.'|2013-08-12|151458
RBS|ACCLN|'53'|'60 DAY SAVINGS MONTHLY'|2013-08-12|151458
RBS|ACCLN|'71'|'60 DAY ISA'|2013-08-12|151458
RBS|ACCLN|'47'|'HOMEOWNER LOAN ENDOWMENT'|2013-08-12|151458
RBS|ACCLN|'Q7'|'BONUS SAVER'|2013-08-12|151458
RBS|ACCLN|'L1'|'PERSONAL LOAN'|2013-08-12|151458
RBS|ACCLN|'ZH'|'SELECT ACCOUNT'|2013-08-12|151458
RBS|ACCLN|'Q4'|'PRIVATE BANKING SAVINGS'|2013-08-12|151458
RBS|ACCLN|'WT'|'CORP CASH MANAGER PLUS'|2013-08-12|151458
RBS|ACCLN|'T1'|'ROYALTIES PRIVATE SAVER'|2013-08-12|151458
RBS|ACCLN|'91'|'SUSP - INTERNAL FUNDS'|2013-08-12|151458
RBS|ACCLN|'Q5'|'ADVANTAGE RESERVE'|2013-08-12|151458
RBS|ACCLN|'39'|'GOLD DEPOSIT'|2013-08-12|151458
RBS|ACCLN|'41'|'BUSINESS DIRECT'|2013-08-12|151458
RBS|ACCLN|'55'|'CLIENT DEPOSIT SER(HY)'|2013-08-12|151458
RBS|ACCLN|'ZX'|'LIQUIDITY SELECT 95 DAY'|2013-08-12|151458
RBS|ACCLN|'ZV'|'CORPORATE CASH MANAGER'|2013-08-12|151458
RBS|ACCLN|'ML'|'95 DAY SELECT'|2013-08-12|151458
RBS|ACCLN|'T3'|'DIRECT SAVER PLUS'|2013-08-12|151458
RBS|ACCLN|'59'|'BUSINESS DIRECT SAVINGS'|2013-08-12|151458
RBS|ACCLN|'MK'|'CORPORATE CASH PREMIUM'|2013-08-12|151458
RBS|ACCLN|'01'|'GOLD CHEQUE'|2013-08-12|151458
RBS|ACCLN|'MP'|'CORP CASH MANAGER PLUS'|2013-08-12|151458
RBS|ACCLN|'ZM'|'SELECT SILVER ACCOUNT'|2013-08-12|151458
RBS|ACCLN|'MT'|'CORP CASH MANAGER PLUS'|2013-08-12|151458
RBS|ACCLN|'MF'|'LIQUIDITY RESERVE ACCOUN'|2013-08-12|151458
RBS|ACCLN|'N7'|'LIQUIDITY SELECT'|2013-08-12|151458
RBS|ACCLN|'70'|'INSTANT ACCESS ISA'|2013-08-12|151458
RBS|ACCLN|'40'|'BUSINESS CURRENT'|2013-08-12|151458
RBS|ACCLN|'11'|'INSTANT ACCESS SAVINGS'|2013-08-12|151458
RBS|ACCLN|'17'|'STUDENT CURRENT'|2013-08-12|151458
RBS|ACCLN|'20'|'HOUSE PURCHASE - QTLY'|2013-08-12|151458
RBS|ACCLN|'52'|'PROF PRACTICE LOAN'|2013-08-12|151458
RBS|ACCLN|'24'|'ROYAL REWARD MONTHLY'|2013-08-12|151458
RBS|ACCLN|'15'|'LOAN RETURNED PERSONAL'|2013-08-12|151458
RBS|ACCLN|'ZJ'|'SELECT ACCOUNT'|2013-08-12|151458
RBS|ACCLN|'T2'|'ROYALTIES SAVER'|2013-08-12|151458
RBS|ACCLN|'WD'|'CORP CASH MANAGER PLUS'|2013-08-12|151458
RBS|ACCLN|'46'|'HOMEOWNER LOAN CAP&INT'|2013-08-12|151458
RBS|ACCLN|'U0'|'SPECIAL INTEREST ACCOUNT'|2013-08-12|151458
RBS|ACCLN|'X1'|'RBS CASH PLUS'|2013-08-12|151458
RBS|ACCLN|'T4'|'CASH'|2013-08-12|151458
RBS|ACCLN|'WX'|'SELECT PLATINUM ACCOUNT'|2013-08-12|151458
RBS|ACCLN|'WS'|'CORP CASH MANAGER PLUS'|2013-08-12|151458
RBS|ACCLN|'MH'|'BUSINESS DIRECT RESERVE'|2013-08-12|151458
RBS|ACCLN|'03'|'30 DAY SAVINGS MONTHLY'|2013-08-12|151458
RBS|ACCLN|'T0'|'LIQUIDITY MANAGER 95 DAY'|2013-08-12|151458
RBS|ACCLN|'95'|'SUSP - ATTACHED FUNDS'|2013-08-12|151458
RBS|ACCLN|'S6'|'FIXED RATE ISA ANNUAL'|2013-08-12|151458
RBS|ACCLN|'ZC'|'INSTANT ACCESS ISA'|2013-08-12|151458
RBS|ACCLN|'X5'|'BALANCE BUILDER'|2013-08-12|151458
RBS|ACCLN|'60'|'STAFF CURRENT'|2013-08-12|151458
RBS|ACCLN|'06'|'ROUTE 15'|2013-08-12|151458
RBS|ACCLN|'02'|'ROYAL BANK TESSA'|2013-08-12|151458
RBS|ACCLN|'W0'|'FIXED RATE DEPOSIT'|2013-08-12|151458
RBS|ACCLN|'75'|'R21'|2013-08-12|151458
RBS|ACCLN|'58'|'CLIENT DEPOSIT SER(M)'|2013-08-12|151458
RBS|ACCLN|'48'|'REVOLVING EQUITY RLSE'|2013-08-12|151458
RBS|ACCLN|'W2'|'BUSINESS SAVER'|2013-08-12|151458
RBS|ACCLN|'V2'|'ROYALTIES BUSINESS'|2013-08-12|151458
RBS|ACCLN|'ZY'|'FIXED RATE DEPOSIT'|2013-08-12|151458
RBS|ACCLN|'MW'|'LIQUIDITY SELECT 35 DAY'|2013-08-12|151458
RBS|ACCLN|'82'|'OVERSEAS VOSTRO'|2013-08-12|151458
RBS|ACCLN|'33'|'RAINBOW SAVINGS'|2013-08-12|151458
RBS|ACCLN|'L2'|'ROYAL BANK SMALL BUSINES'|2013-08-12|151458
RBS|ACCLN|'66'|'STAFF HPL (CAP&INT)'|2013-08-12|151458
RBS|ACCLN|'93'|'SUSP - ITEMS IN COURSE'|2013-08-12|151458
RBS|ACCLN|'86'|'CLIENT DEPOSIT SER(Q)'|2013-08-12|151458
RBS|ACCLN|'R1'|'YOURBANK INSTANT SAVER'|2013-08-12|151458
RBS|ACCLN|'64'|'STAFF LOAN'|2013-08-12|151458
RBS|ACCLN|'18'|'FLEXIBLE LOAN -CAP&INT'|2013-08-12|151458
RBS|ACCLN|'37'|'60 DAY SAVINGS ANNUAL'|2013-08-12|151458
RBS|ACCLN|'83'|'RELIEF & REAL INT BEAR'|2013-08-12|151458
RBS|ACCLN|'U1'|'INSTANT SAVER'|2013-08-12|151458
RBS|ACCLN|'ZW'|'LIQUIDITY MANAGER 95 DAY'|2013-08-12|151458
RBS|ACCLN|'44'|'ROYLINE DEPOSIT'|2013-08-12|151458
RBS|ACCLN|'19'|'EDUCATION EXPENSES'|2013-08-12|151458
RBS|ACCLN|'WP'|'CORP CASH MANAGER PLUS'|2013-08-12|151458
RBS|ACCLN|'WB'|'CORP CASH MANAGER PLUS'|2013-08-12|151458
RBS|ACCLN|'MV'|'LIQUIDITY SELECT 35 DAY'|2013-08-12|151458
RBS|ACCLN|'22'|'ENDOWMENT HPL -SPECIAL'|2013-08-12|151458
RBS|ACCLN|'WV'|'CORP CASH MANAGER PLUS'|2013-08-12|151458
RBS|ACCLN|'84'|'RELIEF & REAL'|2013-08-12|151458
RBS|ACCLN|'16'|'LOAN RETURNED BUSINESS'|2013-08-12|151458
RBS|ACCLN|'WW'|'CORP CASH MANAGER PLUS'|2013-08-12|151458
RBS|ACCLN|'ME'|'LIQUIDITY ACCESS ACCOUNT'|2013-08-12|151458
RBS|ACCLN|'V6'|'FOUNDATION'|2013-08-12|151458
RBS|ACCLN|'MN'|'CORP CASH MANAGER PLUS'|2013-08-12|151458
RBS|ACCLN|'MD'|'FIXED RATE DEPOSIT'|2013-08-12|151458
RBS|ACCLN|'72'|'PRIVATE BANKING CURRENT'|2013-08-12|151458
RBS|ACCLN|'45'|'TREASURERS'|2013-08-12|151458
RBS|ACCLN|'35'|'CASHLINE ACCOUNT'|2013-08-12|151458
RBS|ACCLN|'Q1'|'CURRENT ACCOUNT'|2013-08-12|151458
RBS|ACCLN|'Q0'|'CBFM SME'|2013-08-12|151458
RBS|ACCLN|'ZQ'|'BLACK ACCOUNT'|2013-08-12|151458
RBS|ACCLN|'WC'|'CORP CASH MANAGER PLUS'|2013-08-12|151458
RBS|ACCLN|'92'|'SUSP- FOREIGN CURRENCY'|2013-08-12|151458
RBS|ACCLN|'MR'|'BUSINESS CURRENT ACCOUNT'|2013-08-12|151458
RBS|ACCLN|'10'|'PERSONAL CURRENT'|2013-08-12|151458
RBS|ACCLN|'57'|'POSTAL PLUS'|2013-08-12|151458
RBS|ACCLN|'MB'|'FIXED RATE SAVINGS'|2013-08-12|151458
RBS|ACCLN|'78'|'VIRGIN ONE MT'|2013-08-12|151458
RBS|ACCLN|'Q8'|'ROYALTIES PREMIER'|2013-08-12|151458
RBS|ACCLN|'90'|'SUSP - CUSTOMER FUNDS'|2013-08-12|151458
RBS|ACCLN|'80'|'RB CAM'|2013-08-12|151458
RBS|ACCLN|'12'|'PERSONAL BRIDGING'|2013-08-12|151458
RBS|ACCLN|'WH'|'CORP CASH MANAGER PLUS'|2013-08-12|151458
RBS|ACCLN|'N3'|'FLEXIBLE ACCESS BOND'|2013-08-12|151458
RBS|ACCLN|'88'|'RBIS INSURANCE BROKING'|2013-08-12|151458
RBS|ACCLN|'25'|'ROYAL REWARD ANNUAL'|2013-08-12|151458
RBS|ACCLN|'MZ'|'SWITCHING OUT ACCOUNT'|2013-08-12|151458
RBS|ACCLN|'36'|'GOLD DEPOSIT (ANNUAL)'|2013-08-12|151458
RBS|ACCLN|'S5'|'FIXED RATE ISA MONTHLY'|2013-08-12|151458
RBS|ACCLN|'ZB'|'INSTANT ACCESS ISA'|2013-08-12|151458
RBS|ACCLN|'V9'|'TAX SAVER'|2013-08-12|151458
RBS|ACCLN|'MS'|'CORP CASH MANAGER PLUS'|2013-08-12|151458
RBS|ACCLN|'ZZ'|'PAYU OVERDRAFT'|2013-08-12|151458
RBS|ACCLN|'WK'|'CORP CASH MANAGER PLUS'|2013-08-12|151458
RBS|ACCLN|'Q9'|'CBFM BUSINESS CURRENT'|2013-08-12|151458
RBS|ACCLN|'MM'|'CORP CASH MANAGER PLUS'|2013-08-12|151458
RBS|ACCLN|'76'|'SHIPBUILDING'|2013-08-12|151458
RBS|ACCLN|'X9'|'LIQUIDITY SELECT 30 DAY'|2013-08-12|151458
RBS|ACCLN|'WY'|'SELECT PLATINUM ACCOUNT'|2013-08-12|151458
RBS|ACCLN|'23'|'CASH ISA - TESSA FUNDS'|2013-08-12|151458
RBS|ACCLN|'X0'|'LIQUIDITY ACCESS MANAGER'|2013-08-12|151458
RBS|ACCLN|'V0'|'LIQUIDITY SELECT 60 DAY'|2013-08-12|151458
RBS|ACCLN|'ZG'|'BASIC ACCOUNT'|2013-08-12|151458
RBS|ACCLN|'21'|'HOUSE PURCHASE-MONTHLY'|2013-08-12|151458
RBS|ACCLN|'WQ'|'CORP CASH MANAGER PLUS'|2013-08-12|151458
RBS|ACCLN|'MA'|'FIXED RATE SAVINGS'|2013-08-12|151458
RBS|ACCLN|'WM'|'CORP CASH MANAGER PLUS'|2013-08-12|151458
RBS|ACCLN|'N6'|'TELEPHONE SAVER'|2013-08-12|151458
RBS|ACCLN|'S7'|'PRIMARY SAVINGS'|2013-08-12|151458
RBS|ACCLN|'P1'|'ROYALTIES PRIVATE'|2013-08-12|151458
RBS|ACCLN|'WU'|'CORP CASH MANAGER PLUS'|2013-08-12|151458
RBS|ACCLN|'13'|'FLEXIBLE TERM LOAN'|2013-08-12|151458
RBS|ACCLN|'WN'|'CORP CASH MANAGER PLUS'|2013-08-12|151458
RBS|ACCLN|'77'|'KEY'|2013-08-12|151458
RBS|ACCLN|'V1'|'RBS REVOLVE'|2013-08-12|151458
RBS|ACCLN|'MJ'|'SELECT ACCOUNT+ODCONTROL'|2013-08-12|151458
RBS|ACCLN|'ZK'|'SELECT ACCOUNT'|2013-08-12|151458
RBS|ACCLN|'ZP'|'ROYALTIES GOLD'|2013-08-12|151458
RBS|ACCLN|'M1'|'OFFSET FLEXIBLE MORTGAGE'|2013-08-12|151458
RBS|ACCLN|'14'|'CASH MANAGEMENT'|2013-08-12|151458
RBS|ACCLN|'N2'|'E-ISA'|2013-08-12|151458
RBS|ACCLN|'34'|'BONUS 30 ANNUAL'|2013-08-12|151458
RBS|ACCLN|'Q3'|'REWARD RESERVE'|2013-08-12|151458
RBS|ACCLN|'28'|'FIXED RATE BOND MONTHLY'|2013-08-12|151458
RBS|ACCLN|'31'|'INDIVIDUAL CLIENTS'|2013-08-12|151458
RBS|ACCLN|'S8'|'CORP CASH MANAGER PLUS'|2013-08-12|151458
RBS|ACCLN|'79'|'VIRGIN ONE MIRAS'|2013-08-12|151458
RBS|ACCLN|'42'|'BUSINESS RESERVE ACCOUNT'|2013-08-12|151458
RBS|ACCLN|'X2'|'RBS COMPLETE'|2013-08-12|151458
RBS|ACCLN|'W9'|'LIQUIDITY MANAGER 30 DAY'|2013-08-12|151458
RBS|ACCLN|'89'|'RBIS TRAVEL INSURANCE'|2013-08-12|151458
RBS|ACCLN|'54'|'BONUS 90 MONTHLY'|2013-08-12|151458
RBS|ACCLN|'74'|'ECGD MEDIUM/LONG TERM'|2013-08-12|151458
RBS|ACCLN|'ZA'|'INSTANT ACCESS ISA'|2013-08-12|151458
RBS|ACCLN|'ZU'|'CORPORATE CASH MANAGER'|2013-08-12|151458
RBS|ACCLN|'U3'|'EVERYDAY SAVINGS'|2013-08-12|151458
RBS|ACCLN|'V7'|'BUSINESS DIRECT RESERVE'|2013-08-12|151458
RBS|ACCLN|'32'|'SAVINGS'|2013-08-12|151458
RBS|ACCLN|'38'|'DIRECT SAVER'|2013-08-12|151458
RBS|ACCLN|'WG'|'CORP CASH MANAGER PLUS'|2013-08-12|151458
RBS|ACCLN|'W1'|'CAPITAL DEPOSIT ACCOUNT'|2013-08-12|151458
RBS|ACCLN|'P2'|'PRIVATE BANK'|2013-08-12|151458
RBS|ACCLN|'W7'|'LIQUIDITY MANAGER 7 DAY'|2013-08-12|151458
RBS|ACCLN|'U4'|'SAVINGS ACCELERATOR'|2013-08-12|151458
RBS|ACCLN|'MY'|'SWITCHED OUT ACCOUNT'|2013-08-12|151458
RBS|ACCLN|'ZT'|'CORPORATE CASH MANAGER'|2013-08-12|151458
RBS|ACCLN|'29'|'FIXED RATE BOND ANNUAL'|2013-08-12|151458
RBS|ACCLN|'MU'|'LIQUIDITY MANAGER 35 DAY'|2013-08-12|151458
RBS|ACCLN|'W8'|'LIQUIDITY MANAGER 14 DAY'|2013-08-12|151458
RBS|ACCLN|'X7'|'LIQUIDITY SELECT 7 DAY'|2013-08-12|151458
RBS|ACCLN|'62'|'STAFF BUDGET'|2013-08-12|151458
RBS|ACCLN|'56'|'F.I CLIENTS INVESTMENT'|2013-08-12|151458
RBS|ACCLN|'07'|'ROYALTIES GOLD'|2013-08-12|151458
RBS|ACCLN|'WJ'|'CORP CASH MANAGER PLUS'|2013-08-12|151458
RBS|ACCLN|'43'|'LIQUIDITY MANAGER'|2013-08-12|151458
RBS|ACCLN|'WE'|'CORP CASH MANAGER PLUS'|2013-08-12|151458
RBS|ACCLN|'81'|'F.I. GENERAL CLIENTS'|2013-08-12|151458
RBS|ACCLN|'27'|'REVOLVING BUDGET'|2013-08-12|151458
NWB|MORT|'1'|'YES'|2012-11-14|110731
NWB|MORT|'2'|'CAM'|2012-11-14|110731
NWB|MORT|''|'NONE'|2012-11-14|110731
NWB|PCARD|'00'|'NONE'|2012-11-14|110731
NWB|PCARD|'01'|'CCD'|2012-11-14|110731
NWB|PCARD|'02'|'CCD'|2012-11-14|110731
NWB|PCARD|'03'|'CHQ'|2012-11-14|110731
NWB|PCARD|'04'|'S/C'|2012-11-14|110731
NWB|PCARD|'05'|'S/C'|2012-11-14|110731
NWB|CCARD|'4'|'HELD'|2012-11-14|110731
NWB|CCARD|'5'|'HELD'|2012-11-14|110731
NWB|CCARD|'6'|'HELD'|2012-11-14|110731
NWB|CCARD|'E'|'NONE'|2012-11-14|110731
NWB|CCARD|'F'|'NONE'|2012-11-14|110731
NWB|CCARD|'G'|''|2012-11-14|110731
NWB|CCARD|'H'|'NONE'|2012-11-14|110731
NWB|CCARD|'V'|'NONE'|2012-11-14|110731
NWB|RCARD|'4'|'Certain Decline - Score, card held'|2012-11-14|110731
NWB|RCARD|'5'|'CERTAIN DECLINE. DO NOT PROCESS CARD'|2012-11-14|110731
NWB|RCARD|'6'|'CERTAIN DECLINE. DO NOT PROCESS CARD'|2012-11-14|110731
NWB|RCARD|'E'|'CERTAIN DECLINE. DO NOT PROCESS CARD'|2012-11-14|110731
NWB|RCARD|'F'|'CERTAIN DECLINE. DO NOT PROCESS CARD'|2012-11-14|110731
NWB|RCARD|'H'|'Certain Decline - Score, card not held'|2012-11-14|110731
NWB|RCARD|'V'|'USE CART FOR % CHANCE OF ACCEPT'|2012-11-14|110731
NWB|SCARD|'SC07'|'CAC'|2012-11-14|110731
NWB|SCARD|'SC10'|'CAC'|2012-11-14|110731
NWB|SCARD|'SC11'|'CAC'|2012-11-14|110731
NWB|SCARD|'SC14'|'CAC'|2012-11-14|110731
NWB|SCARD|'SC23'|'TES'|2012-11-14|110731
NWB|SCARD|'SC26'|'DIR'|2012-11-14|110731
NWB|SCARD|'SC32'|'BUC'|2012-11-14|110731
NWB|SCARD|'SC33'|'BUC'|2012-11-14|110731
NWB|SCARD|'SC34'|'BUC'|2012-11-14|110731
NWB|SCARD|'SC35'|'BUC'|2012-11-14|110731
NWB|SCARD|'SC36'|'BUL'|2012-11-14|110731
NWB|SCARD|'SC37'|'BUL'|2012-11-14|110731
NWB|SCARD|'SC38'|'BUL'|2012-11-14|110731
NWB|SCARD|'SC42'|'COD'|2012-11-14|110731
NWB|SCARD|'SC43'|'CAC'|2012-11-14|110731
NWB|SCARD|'SC53'|'BUS'|2012-11-14|110731
NWB|SCARD|'SC54'|'FRL'|2012-11-14|110731
NWB|SCARD|'SC56'|'FRL'|2012-11-14|110731
NWB|SCARD|'SC57'|'PTL'|2012-11-14|110731
NWB|SCARD|'SC59'|'FRL'|2012-11-14|110731
NWB|SCARD|'SC60'|'MGE'|2012-11-14|110731
NWB|SCARD|'SC61'|'MGE'|2012-11-14|110731
NWB|SCARD|'SC62'|'MGE'|2012-11-14|110731
NWB|SCARD|'SC63'|'CAC'|2012-11-14|110731
NWB|SCARD|'SC64'|'CAC'|2012-11-14|110731
NWB|SCARD|'SC65'|'CAC'|2012-11-14|110731
NWB|SCARD|'SC66'|'BUS'|2012-11-14|110731
NWB|SCARD|'SC67'|'MGE'|2012-11-14|110731
NWB|SCARD|'SC68'|'MGE'|2012-11-14|110731
NWB|SCARD|'SC69'|'DIR'|2012-11-14|110731
NWB|SCARD|'SC70'|'CAC'|2012-11-14|110731
NWB|SCARD|'SC71'|'CAC'|2012-11-14|110731
NWB|SCARD|'SC72'|'PTL'|2012-11-14|110731
NWB|SCARD|'SC73'|'FRL'|2012-11-14|110731
NWB|SCARD|'SC74'|'FRL'|2012-11-14|110731
NWB|SCARD|'SC75'|'FRL'|2012-11-14|110731
NWB|SCARD|'SC76'|'FRL'|2012-11-14|110731
NWB|SCARD|'SC77'|'FRL'|2012-11-14|110731
NWB|SCARD|'SC79'|'FRL'|2012-11-14|110731
NWB|SCARD|'SC80'|'CAC'|2012-11-14|110731
NWB|SCARD|'SC81'|'CAC'|2012-11-14|110731
NWB|SCARD|'SC82'|'CAC'|2012-11-14|110731
NWB|SCARD|'SC83'|'MGE'|2012-11-14|110731
NWB|SCARD|'SC84'|'MGE'|2012-11-14|110731
NWB|SCARD|'SC86'|'CAC'|2012-11-14|110731
NWB|SCARD|'SC87'|'CAC'|2012-11-14|110731
NWB|RMORT|''|''|2012-11-14|110731
NWB|RMORT|'1'|'PASS 95%'|2012-11-14|110731
NWB|RMORT|'2'|'PASS 95%'|2012-11-14|110731
NWB|RMORT|'3'|'PASS 90%'|2012-11-14|110731
NWB|RMORT|'4'|'APS'|2012-11-14|110731
NWB|RMORT|'5'|'APS'|2012-11-14|110731
NWB|RMORT|'80'|'CAM'|2012-11-14|110731
NWB|PCARD|'0'|'NONE'|2013-08-12|162535
NWB|ACCLN|'W3'|'CLIENT DEPOSIT MANAGER'|2013-08-12|171709
NWB|ACCLN|'ZA'|'CASH ISA'|2013-08-12|171709
NWB|ACCLN|'ZV'|'CORPORATE CASH MANAGER'|2013-08-12|171709
NWB|ACCLN|'ZT'|'CORPORATE CASH MANAGER'|2013-08-12|171709
NWB|ACCLN|'WW'|'CORP CASH MANAGER PLUS'|2013-08-12|171709
NWB|ACCLN|'ZH'|'SELECT ACCOUNT'|2013-08-12|171709
NWB|ACCLN|'82'|'OVERSEAS VOSTRO'|2013-08-12|171709
NWB|ACCLN|'MY'|'SWITCHED OUT ACCOUNT'|2013-08-12|171709
NWB|ACCLN|'79'|'VIRGIN ONE MIRAS'|2013-08-12|171709
NWB|ACCLN|'Q8'|'ROYALTIES PREMIER'|2013-08-12|171709
NWB|ACCLN|'MW'|'LIQUIDITY SELECT 35 DAY'|2013-08-12|171709
NWB|ACCLN|'Q3'|'REWARD RESERVE'|2013-08-12|171709
NWB|ACCLN|'T1'|'ADVANTAGE PRIVATE RESERV'|2013-08-12|171709
NWB|ACCLN|'WL'|'CORP CASH MANAGER PLUS'|2013-08-12|171709
NWB|ACCLN|'MM'|'CORP CASH MANAGER PLUS'|2013-08-12|171709
NWB|ACCLN|'MU'|'LIQUIDITY MANAGER 35 DAY'|2013-08-12|171709
NWB|ACCLN|'WD'|'CORP CASH MANAGER PLUS'|2013-08-12|171709
NWB|ACCLN|'17'|'STUDENT/GRADUATE'|2013-08-12|171709
NWB|ACCLN|'81'|'F.I. GENERAL CLIENTS'|2013-08-12|171709
NWB|ACCLN|'MN'|'CORP CASH MANAGER PLUS'|2013-08-12|171709
NWB|ACCLN|'R1'|'YOURBANK INSTANT SAVER'|2013-08-12|171709
NWB|ACCLN|'73'|'SHORT TERM EXPORT FIN.'|2013-08-12|171709
NWB|ACCLN|'Q7'|'BONUS SAVER'|2013-08-12|171709
NWB|ACCLN|'W0'|'FIXED RATE DEPOSIT'|2013-08-12|171709
NWB|ACCLN|'24'|'ROYAL REWARD MONTHLY'|2013-08-12|171709
NWB|ACCLN|'WB'|'CORP CASH MANAGER PLUS'|2013-08-12|171709
NWB|ACCLN|'40'|'BUSINESS CURRENT'|2013-08-12|171709
NWB|ACCLN|'WS'|'CORP CASH MANAGER PLUS'|2013-08-12|171709
NWB|ACCLN|'WA'|'GOLD'|2013-08-12|171709
NWB|ACCLN|'Z4'|'FIRST RESERVE'|2013-08-12|171709
NWB|ACCLN|'06'|'CARD PLUS UNDER 16'|2013-08-12|171709
NWB|ACCLN|'46'|'HOMEOWNER LOAN CAP&INT'|2013-08-12|171709
NWB|ACCLN|'ZF'|'REWARD RESERVE'|2013-08-12|171709
NWB|ACCLN|'72'|'PRIVATE BANKING CURRENT'|2013-08-12|171709
NWB|ACCLN|'S8'|'CORP CASH MANAGER PLUS'|2013-08-12|171709
NWB|ACCLN|'WN'|'CORP CASH MANAGER PLUS'|2013-08-12|171709
NWB|ACCLN|'09'|'CHILD & CO CURRENT'|2013-08-12|171709
NWB|ACCLN|'88'|'RBIS INSURANCE BROKING'|2013-08-12|171709
NWB|ACCLN|'T4'|'CASH'|2013-08-12|171709
NWB|ACCLN|'WT'|'CORP CASH MANAGER PLUS'|2013-08-12|171709
NWB|ACCLN|'ZJ'|'SELECT ACCOUNT'|2013-08-12|171709
NWB|ACCLN|'59'|'BUSINESS DIRECT SAVINGS'|2013-08-12|171709
NWB|ACCLN|'Q1'|'SELECT ACCOUNT'|2013-08-12|171709
NWB|ACCLN|'23'|'CASH ISA - TESSA FUNDS'|2013-08-12|171709
NWB|ACCLN|'MB'|'FIXED RATE SAVINGS'|2013-08-12|171709
NWB|ACCLN|'V0'|'LIQUIDITY SELECT 60 DAY'|2013-08-12|171709
NWB|ACCLN|'MZ'|'SWITCHING OUT ACCOUNT'|2013-08-12|171709
NWB|ACCLN|'56'|'F.I CLIENTS INVESTMENT'|2013-08-12|171709
NWB|ACCLN|'MD'|'FIXED RATE DEPOSIT'|2013-08-12|171709
NWB|ACCLN|'V6'|'FOUNDATION'|2013-08-12|171709
NWB|ACCLN|'MJ'|'SELECT ACCOUNT+ODCONTROL'|2013-08-12|171709
NWB|ACCLN|'84'|'RELIEF & REAL'|2013-08-12|171709
NWB|ACCLN|'53'|'60 DAY SAVINGS MONTHLY'|2013-08-12|171709
NWB|ACCLN|'WG'|'CORP CASH MANAGER PLUS'|2013-08-12|171709
NWB|ACCLN|'60'|'STAFF CURRENT'|2013-08-12|171709
NWB|ACCLN|'Q5'|'ADVANTAGE RESERVE'|2013-08-12|171709
NWB|ACCLN|'M1'|'OFFSET FLEXIBLE MORTGAGE'|2013-08-12|171709
NWB|ACCLN|'92'|'SUSP- FOREIGN CURRENCY'|2013-08-12|171709
NWB|ACCLN|'41'|'NWDBB CURRENT'|2013-08-12|171709
NWB|ACCLN|'W8'|'LIQUIDITY MANAGER 14 DAY'|2013-08-12|171709
NWB|ACCLN|'55'|'CLIENT DEPOSIT SER(HY)'|2013-08-12|171709
NWB|ACCLN|'S6'|'FIXED RATE ISA ANNUAL'|2013-08-12|171709
NWB|ACCLN|'N7'|'LIQUIDITY SELECT'|2013-08-12|171709
NWB|ACCLN|'07'|'ADVANTAGE PRIVATE'|2013-08-12|171709
NWB|ACCLN|'U8'|'90 DAY NOTICE'|2013-08-12|171709
NWB|ACCLN|'MX'|'TRADE LOAN'|2013-08-12|171709
NWB|ACCLN|'ZW'|'LIQUIDITY MANAGER 95 DAY'|2013-08-12|171709
NWB|ACCLN|'38'|'E-SAVINGS'|2013-08-12|171709
NWB|ACCLN|'13'|'PERSONAL TERM LOAN'|2013-08-12|171709
NWB|ACCLN|'X1'|'NATWEST CASH PLUS'|2013-08-12|171709
NWB|ACCLN|'63'|'STAFF LOAN (CAP&INT)'|2013-08-12|171709
NWB|ACCLN|'ZB'|'CASH ISA'|2013-08-12|171709
NWB|ACCLN|'L1'|'PERSONAL LOAN'|2013-08-12|171709
NWB|ACCLN|'U9'|'30 DAY NOTICE'|2013-08-12|171709
NWB|ACCLN|'ZR'|'CORPORATE CASH MANAGER'|2013-08-12|171709
NWB|ACCLN|'43'|'LIQUIDITY MANAGER'|2013-08-12|171709
NWB|ACCLN|'U3'|'EVERYDAY RESERVE'|2013-08-12|171709
NWB|ACCLN|'83'|'RELIEF & REAL INT BEAR'|2013-08-12|171709
NWB|ACCLN|'77'|'STEP'|2013-08-12|171709
NWB|ACCLN|'35'|'CASHLINE ACCOUNT'|2013-08-12|171709
NWB|ACCLN|'93'|'SUSP - ITEMS IN COURSE'|2013-08-12|171709
NWB|ACCLN|'W2'|'BUSINESS SAVER'|2013-08-12|171709
NWB|ACCLN|'85'|'SPECIAL INT BEARING'|2013-08-12|171709
NWB|ACCLN|'11'|'SPECIAL RESERVE'|2013-08-12|171709
NWB|ACCLN|'W1'|'CAPITAL DEPOSIT ACCOUNT'|2013-08-12|171709
NWB|ACCLN|'ZK'|'SELECT ACCOUNT'|2013-08-12|171709
NWB|ACCLN|'80'|'RB CAM'|2013-08-12|171709
NWB|ACCLN|'ZD'|'REWARD RESERVE'|2013-08-12|171709
NWB|ACCLN|'94'|'SUSP - INTEREST'|2013-08-12|171709
NWB|ACCLN|'Q4'|'PRIVATE BANKING SAVINGS'|2013-08-12|171709
NWB|ACCLN|'WX'|'SELECT PLATINUM ACCOUNT'|2013-08-12|171709
NWB|ACCLN|'31'|'INDIVIDUAL CLIENTS'|2013-08-12|171709
NWB|ACCLN|'X8'|'LIQUIDITY SELECT 14 DAY'|2013-08-12|171709
NWB|ACCLN|'67'|'STAFF HPL-BASE MAX 10%'|2013-08-12|171709
NWB|ACCLN|'19'|'EDUCATION EXPENSES'|2013-08-12|171709
NWB|ACCLN|'WR'|'CORP CASH MANAGER PLUS'|2013-08-12|171709
NWB|ACCLN|'ZP'|'ADVANTAGE GOLD'|2013-08-12|171709
NWB|ACCLN|'N6'|'TELEPHONE SAVER PLUS'|2013-08-12|171709
NWB|ACCLN|'W5'|'60 DAY NOTICE'|2013-08-12|171709
NWB|ACCLN|'U6'|'30 DAY NOTICE'|2013-08-12|171709
NWB|ACCLN|'86'|'CLIENT DEPOSIT SER(Q)'|2013-08-12|171709
NWB|ACCLN|'74'|'ECGD MEDIUM/LONG TERM'|2013-08-12|171709
NWB|ACCLN|'02'|'TESSA'|2013-08-12|171709
NWB|ACCLN|'V9'|'TAX SAVER'|2013-08-12|171709
NWB|ACCLN|'Q6'|'FIRST HOME SAVER'|2013-08-12|171709
NWB|ACCLN|'76'|'SHIPBUILDING'|2013-08-12|171709
NWB|ACCLN|'71'|'60 DAY ISA'|2013-08-12|171709
NWB|ACCLN|'MC'|'FIXED RATE DEPOSIT'|2013-08-12|171709
NWB|ACCLN|'25'|'ROYAL REWARD ANNUAL'|2013-08-12|171709
NWB|ACCLN|'48'|'REVOLVING EQUITY RLSE'|2013-08-12|171709
NWB|ACCLN|'20'|'HOUSE PURCHASE - QTLY'|2013-08-12|171709
NWB|ACCLN|'WJ'|'CORP CASH MANAGER PLUS'|2013-08-12|171709
NWB|ACCLN|'WV'|'CORP CASH MANAGER PLUS'|2013-08-12|171709
NWB|ACCLN|'78'|'VIRGIN ONE MT'|2013-08-12|171709
NWB|ACCLN|'42'|'BUSINESS RESERVE ACCOUNT'|2013-08-12|171709
NWB|ACCLN|'18'|'PERS.TERM LOAN -CAP&INT'|2013-08-12|171709
NWB|ACCLN|'U7'|'60 DAY NOTICE'|2013-08-12|171709
NWB|ACCLN|'WP'|'CORP CASH MANAGER PLUS'|2013-08-12|171709
NWB|ACCLN|'WE'|'CORP CASH MANAGER PLUS'|2013-08-12|171709
NWB|ACCLN|'Q2'|'CAPITAL RESERVE'|2013-08-12|171709
NWB|ACCLN|'ZQ'|'BLACK ACCOUNT'|2013-08-12|171709
NWB|ACCLN|'Q9'|'CBFM BUSINESS CURRENT'|2013-08-12|171709
NWB|ACCLN|'S7'|'PRIMARY SAVINGS'|2013-08-12|171709
NWB|ACCLN|'ZG'|'BASIC ACCOUNT'|2013-08-12|171709
NWB|ACCLN|'MQ'|'BUSINESS CURRENT ACCOUNT'|2013-08-12|171709
NWB|ACCLN|'WC'|'CORP CASH MANAGER PLUS'|2013-08-12|171709
NWB|ACCLN|'30'|'PRIVATE BANKING DEPOS'|2013-08-12|171709
NWB|ACCLN|'90'|'SUSP - CUSTOMER FUNDS'|2013-08-12|171709
NWB|ACCLN|'22'|'ENDOWMENT HPL -SPECIAL'|2013-08-12|171709
NWB|ACCLN|'Z7'|'ADVANTAGE RESERVE'|2013-08-12|171709
NWB|ACCLN|'04'|'30 DAY SAVINGS ANNUAL'|2013-08-12|171709
NWB|ACCLN|'N2'|'E-ISA'|2013-08-12|171709
NWB|ACCLN|'WF'|'CORP CASH MANAGER PLUS'|2013-08-12|171709
NWB|ACCLN|'01'|'CURRENT (GOLD PLUS)'|2013-08-12|171709
NWB|ACCLN|'X5'|'BALANCE BUILDER'|2013-08-12|171709
NWB|ACCLN|'89'|'RBIS TRAVEL INSURANCE'|2013-08-12|171709
NWB|ACCLN|'12'|'PERSONAL BRIDGING'|2013-08-12|171709
NWB|ACCLN|'X3'|'REGULAR SAVER'|2013-08-12|171709
NWB|ACCLN|'ZM'|'SELECT SILVER ACCOUNT'|2013-08-12|171709
NWB|ACCLN|'MT'|'CORP CASH MANAGER PLUS'|2013-08-12|171709
NWB|ACCLN|'T3'|'E-SAVINGS PLUS'|2013-08-12|171709
NWB|ACCLN|'47'|'HOMEOWNER LOAN ENDOWMENT'|2013-08-12|171709
NWB|ACCLN|'L2'|'NATWEST SMALL BUSINESS L'|2013-08-12|171709
NWB|ACCLN|'Q0'|'CBFM SME'|2013-08-12|171709
NWB|ACCLN|'29'|'FIXED RATE BOND ANNUAL'|2013-08-12|171709
NWB|ACCLN|'W7'|'LIQUIDITY MANAGER 7 DAY'|2013-08-12|171709
NWB|ACCLN|'33'|'RAINBOW SAVINGS'|2013-08-12|171709
NWB|ACCSH|'U1'|'INSARS'|2013-08-12|171734
NWB|ACCSH|'50'|'BTRMLN'|2013-08-12|171734
NWB|ACCSH|'01'|'GOLDPL'|2013-08-12|171734
NWB|ACCSH|'14'|'CSHMGT'|2013-08-12|171734
NWB|ACCSH|'94'|'SUS IN'|2013-08-12|171734
NWB|ACCSH|'Q4'|'PRVSAV'|2013-08-12|171734
NWB|ACCSH|'48'|'EQ.REV'|2013-08-12|171734
NWB|ACCSH|'Q6'|'HOMSAV'|2013-08-12|171734
NWB|ACCSH|'76'|'SHIP'|2013-08-12|171734
NWB|ACCSH|'WP'|'CCMPP'|2013-08-12|171734
NWB|ACCSH|'19'|'ED.EXP'|2013-08-12|171734
NWB|ACCSH|'22'|'END.HP'|2013-08-12|171734
NWB|ACCSH|'Z7'|'ADVRS3'|2013-08-12|171734
NWB|ACCSH|'S7'|'PRYSAV'|2013-08-12|171734
NWB|ACCSH|'ZG'|'BASIC'|2013-08-12|171734
NWB|ACCSH|'30'|'PBKDEP'|2013-08-12|171734
NWB|ACCSH|'WC'|'CCMPC'|2013-08-12|171734
NWB|ACCSH|'25'|'ROYRWA'|2013-08-12|171734
NWB|ACCSH|'02'|'TESSA'|2013-08-12|171734
NWB|ACCSH|'V9'|'TAXSAV'|2013-08-12|171734
NWB|ACCSH|'67'|'STHPBS'|2013-08-12|171734
NWB|ACCSH|'74'|'ECGD'|2013-08-12|171734
NWB|ACCSH|'WJ'|'CCMPJ'|2013-08-12|171734
NWB|ACCSH|'WV'|'CCMPV'|2013-08-12|171734
NWB|ACCSH|'18'|'PTLNCI'|2013-08-12|171734
NWB|ACCSH|'U7'|'P60DAY'|2013-08-12|171734
NWB|ACCSH|'71'|'ISA60D'|2013-08-12|171734
NWB|ACCSH|'ZP'|'ADGLD2'|2013-08-12|171734
NWB|ACCSH|'N6'|'TSAVPL'|2013-08-12|171734
NWB|ACCSH|'WE'|'CCMPE'|2013-08-12|171734
NWB|ACCSH|'W5'|'N60DAY'|2013-08-12|171734
NWB|ACCSH|'U6'|'P30DAY'|2013-08-12|171734
NWB|ACCSH|'MC'|'FRDANN'|2013-08-12|171734
NWB|ACCSH|'Q2'|'CAPRES'|2013-08-12|171734
NWB|ACCSH|'MR'|'SMECA'|2013-08-12|171734
NWB|ACCSH|'ZQ'|'BLACK'|2013-08-12|171734
NWB|ACCSH|'Q9'|'CBBCA'|2013-08-12|171734
NWB|ACCSH|'WR'|'CCMPR'|2013-08-12|171734
NWB|ACCSH|'WX'|'PLTGLD'|2013-08-12|171734
NWB|ACCSH|'31'|'IND.CL'|2013-08-12|171734
NWB|ACCSH|'X8'|'14DLQS'|2013-08-12|171734
NWB|ACCSH|'20'|'CST.HP'|2013-08-12|171734
NWB|ACCSH|'MQ'|'BUSCAC'|2013-08-12|171734
NWB|ACCSH|'42'|'BUSRES'|2013-08-12|171734
NWB|ACCSH|'86'|'CLIQ'|2013-08-12|171734
NWB|ACCSH|'90'|'SUS CF'|2013-08-12|171734
NWB|ACCSH|'78'|'VIRMTA'|2013-08-12|171734
NWB|ACCSH|'Z2'|'INSSAV'|2013-08-12|171734
NWB|ACCSH|'55'|'CLIHY'|2013-08-12|171734
NWB|ACCSH|'T4'|'CASH'|2013-08-12|171734
NWB|ACCSH|'W3'|'CDMGR'|2013-08-12|171734
NWB|ACCSH|'ZF'|'REWRS3'|2013-08-12|171734
NWB|ACCSH|'ZD'|'REWRS1'|2013-08-12|171734
NWB|ACCSH|'ZV'|'CCM E'|2013-08-12|171734
NWB|ACCSH|'65'|'ST.HP'|2013-08-12|171734
NWB|PCARD|'1'|'CCD'|2013-08-12|174018
NWB|PCARD|'2'|'CCD'|2013-08-12|174018
NWB|PCARD|'3'|'CHQ'|2013-08-12|174018
NWB|PCARD|'4'|'S/C'|2013-08-12|174019
NWB|PCARD|'5'|'S/C'|2013-08-12|174019
NWB|PRBFM|9999999998.| 9999999999.99|2014-04-28|164834
NWB|PRBFM|-9999999998.|-9999999999.99|2014-04-28|164835
NWB|PRBFM|-9999999997.|-9999999998.98|2014-04-28|164836
NWB|PRBFM|-9999999996.|-9999999997.97|2014-04-28|164836
NWB|SCARD|'SC00'|'CAC'|2014-06-30|134403
NWB|SCARD|'SC85'|'BUS'|2014-06-30|134403
NWB|SCARD|'SC88'|'FRL'|2014-06-30|134403
NWB|SCARD|'SC89'|'CAC'|2014-06-30|134403
NWB|SCARD|'SC90'|'CAC'|2014-06-30|134403
NWB|SCARD|'SC92'|'FRL'|2014-06-30|134403
NWB|RCARD|'B'|'7/10 CHANCE OF ACCEPT'|2015-01-29|132825
NWB|RCARD|'C'|'CERTAIN DECLINE DO NOT PROCESS CARD'|2015-01-29|132825
NWB|RCARD|'2'|'CERTAIN DECLINE DO NOT PROCESS CARD'|2015-01-29|132826
NWB|RCARD|'Y'|'CONTINUOUS OVERDRAFT'|2015-01-29|132828
NWB|RCARD|'Z'|'Z-FLAG ON ACCOUNT'|2015-01-29|132828
NWB|RCARD|'3'|'7/10 CHANCE OF ACCEPT'|2015-01-29|132828
NWB|RCARD|'7'|'7/10 CHANCE OF ACCEPT'|2015-01-29|132828
NWB|CCARD|'A'|'NONE'|2015-01-29|132831
NWB|CCARD|'B'|'NONE'|2015-01-29|132832
NWB|CCARD|'C'|''|2015-01-29|132832
NWB|CCARD|'D'|''|2015-01-29|132832
NWB|CCARD|'2'|''|2015-01-29|132832
NWB|CCARD|'J'|'NONE'|2015-01-29|132832
NWB|CCARD|'K'|'NONE'|2015-01-29|132832
NWB|CCARD|'L'|'NONE'|2015-01-29|132832
NWB|CCARD|'M'|'NONE'|2015-01-29|132833
NWB|CCARD|'N'|'NONE'|2015-01-29|132833
NWB|CCARD|'P'|'NONE'|2015-01-29|132833
NWB|CCARD|'R'|'NONE'|2015-01-29|132833
NWB|CCARD|'S'|'NONE'|2015-01-29|132833
NWB|CCARD|'T'|'NONE'|2015-01-29|132833
NWB|CCARD|'U'|''|2015-01-29|132833
NWB|CCARD|'W'|''|2015-01-29|132833
NWB|CCARD|'X'|''|2015-01-29|132833
NWB|CCARD|'Y'|''|2015-01-29|132834
NWB|CCARD|'Z'|''|2015-01-29|132834
NWB|CCARD|'3'|'DORMANT'|2015-01-29|132834
NWB|CCARD|'7'|'ACTIVE'|2015-01-29|132834
NWB|CCARD|'8'|''|2015-01-29|132834
NWB|CCARD|'9'|''|2015-01-29|132834
NWB|RCARD|'A'|'9/10 CHANCE OF ACCEPT - A'|2015-04-30|100844
NWB|RCARD|'M'|'9/10 CHANCE OF ACCEPT - M'|2015-04-30|100844
UBS|MORT|'1'|'YES'|2012-11-14|110731
UBS|MORT|'2'|'CAM'|2012-11-14|110731
UBS|MORT|''|'NONE'|2012-11-14|110731
UBS|PCARD|'00'|'NONE'|2012-11-14|110731
UBS|PCARD|'01'|'ATM'|2012-11-14|110731
UBS|PCARD|'02'|'CCD'|2012-11-14|110731
UBS|PCARD|'04'|'S/C'|2012-11-14|110731
UBS|PCARD|'05'|'S/C'|2012-11-14|110731
UBS|CCARD|'2'|'HELD'|2012-11-14|110731
UBS|CCARD|'3'|'DORMANT'|2012-11-14|110731
UBS|CCARD|'4'|'HELD'|2012-11-14|110731
UBS|CCARD|'5'|'HELD'|2012-11-14|110731
UBS|CCARD|'6'|'HELD'|2012-11-14|110731
UBS|CCARD|'7'|'ACTIVE'|2012-11-14|110731
UBS|CCARD|'8'|'DORMANT'|2012-11-14|110731
UBS|CCARD|'9'|'ACTIVE'|2012-11-14|110731
UBS|CCARD|'A'|'NONE'|2012-11-14|110731
UBS|CCARD|'B'|'NONE'|2012-11-14|110731
UBS|CCARD|'C'|'HELD'|2012-11-14|110731
UBS|CCARD|'D'|'NONE'|2012-11-14|110731
UBS|CCARD|'E'|'NONE'|2012-11-14|110731
UBS|CCARD|'F'|'NONE'|2012-11-14|110731
UBS|CCARD|'G'|''|2012-11-14|110731
UBS|CCARD|'H'|'NONE'|2012-11-14|110731
UBS|CCARD|'J'|'NONE'|2012-11-14|110731
UBS|CCARD|'K'|'NONE'|2012-11-14|110731
UBS|CCARD|'L'|'NONE'|2012-11-14|110731
UBS|CCARD|'M'|'NONE'|2012-11-14|110731
UBS|CCARD|'N'|'NONE'|2012-11-14|110731
UBS|CCARD|'P'|'NONE'|2012-11-14|110731
UBS|CCARD|'R'|'NONE'|2012-11-14|110731
UBS|CCARD|'S'|'NONE'|2012-11-14|110731
UBS|CCARD|'T'|'NONE'|2012-11-14|110731
UBS|CCARD|'U'|'NONE'|2012-11-14|110731
UBS|CCARD|'V'|'NONE'|2012-11-14|110731
UBS|CCARD|'W'|'NONE'|2012-11-14|110731
UBS|CCARD|'X'|'NONE'|2012-11-14|110731
UBS|CCARD|'Y'|'NONE'|2012-11-14|110731
UBS|CCARD|'Z'|'NONE'|2012-11-14|110731
UBS|RCARD|'2'|'75% ACCEPT'|2012-11-14|110731
UBS|RCARD|'3'|'75% ACCEPT'|2012-11-14|110731
UBS|RCARD|'4'|'25% ACCEPT'|2012-11-14|110731
UBS|RCARD|'5'|'CERTAIN DECLINE. DO NOT PROCESS CARD'|2012-11-14|110731
UBS|RCARD|'6'|'CERTAIN DECLINE. DO NOT PROCESS CARD'|2012-11-14|110731
UBS|RCARD|'7'|'75% ACCEPT'|2012-11-14|110731
UBS|RCARD|'8'|'25% ACCEPT'|2012-11-14|110731
UBS|RCARD|'9'|'25% ACCEPT'|2012-11-14|110731
UBS|RCARD|'A'|'95% ACCEPT'|2012-11-14|110731
UBS|RCARD|'B'|'75% ACCEPT'|2012-11-14|110731
UBS|RCARD|'C'|''|2012-11-14|110731
UBS|RCARD|'D'|'25% ACCEPT'|2012-11-14|110731
UBS|RCARD|'E'|'CERTAIN DECLINE. DO NOT PROCESS CARD'|2012-11-14|110731
UBS|RCARD|'F'|'CERTAIN DECLINE. DO NOT PROCESS CARD'|2012-11-14|110731
UBS|RCARD|'G'|''|2012-11-14|110731
UBS|RCARD|'H'|'95% ACCEPT / GUIDE LIMIT 500'|2012-11-14|110731
UBS|RCARD|'J'|'95% ACCEPT / GUIDE LIMIT 1000'|2012-11-14|110731
UBS|RCARD|'K'|'95% ACCEPT / GUIDE LIMIT 1000'|2012-11-14|110731
UBS|RCARD|'L'|'95% ACCEPT / GUIDE LIMIT 1500'|2012-11-14|110731
UBS|RCARD|'M'|'95% ACCEPT / GUIDE LIMIT 1500'|2012-11-14|110731
UBS|RCARD|'N'|'95% ACCEPT / GUIDE LIMIT 1500'|2012-11-14|110731
UBS|RCARD|'P'|'95% ACCEPT / GUIDE LIMIT 2000'|2012-11-14|110731
UBS|RCARD|'R'|'95% ACCEPT / GUIDE LIMIT 2000'|2012-11-14|110731
UBS|RCARD|'S'|'95% ACCEPT / GUIDE LIMIT 2000'|2012-11-14|110731
UBS|RCARD|'T'|'95% ACCEPT / GUIDE LIMIT 3000'|2012-11-14|110731
UBS|RCARD|'U'|'95% ACCEPT / GUIDE LIMIT 6000'|2012-11-14|110731
UBS|RCARD|'V'|'USE CART FOR % CHANCE OF ACCEPT'|2012-11-14|110731
UBS|RCARD|'W'|'95% ACCEPT / GUIDE LIMIT 8000'|2012-11-14|110731
UBS|RCARD|'X'|'95% ACCEPT / GUIDE LIMIT 9000'|2012-11-14|110731
UBS|RCARD|'Y'|'95% ACCEPT / GUIDE LIMIT 10000'|2012-11-14|110731
UBS|RCARD|'Z'|'GUARANTEED IF INCOME > 500/MTH'|2012-11-14|110731
UBS|SCARD|'SC62'|'MGE'|2012-11-14|110731
UBS|SCARD|'SC80'|'CAC'|2012-11-14|110731
UBS|SCARD|'SC86'|'CAC'|2012-11-14|110731
UBS|SCARD|'SC66'|'BUS'|2012-11-14|110731
UBS|SCARD|'SC68'|'MGE'|2012-11-14|110731
UBS|SCARD|'SC69'|'DIR'|2012-11-14|110731
UBS|SCARD|'SC74'|'FRL'|2012-11-14|110731
UBS|SCARD|'SC75'|'FRL'|2012-11-14|110731
UBS|SCARD|'SC83'|'MGE'|2012-11-14|110731
UBS|SCARD|'SC84'|'MGE'|2012-11-14|110731
UBS|RMORT|''|''|2012-11-14|110731
UBS|RMORT|'1'|'PASS 95%'|2012-11-14|110731
UBS|RMORT|'2'|'PASS 95%'|2012-11-14|110731
UBS|RMORT|'3'|'PASS 90%'|2012-11-14|110731
UBS|RMORT|'4'|'APS'|2012-11-14|110731
UBS|RMORT|'5'|'APS'|2012-11-14|110731
UBS|RMORT|'80'|'CAM'|2012-11-14|110731
UBS|PCARD|'0'|'NONE'|2013-08-12|162631
UBS|ACCSH|'P1'|'UFPRIV'|2013-08-12|171856
UBS|ACCSH|'Q3'|'REWRES'|2013-08-12|171856
UBS|ACCSH|'N3'|'FRB-G'|2013-08-12|171856
UBS|ACCSH|'47'|'HOLEND'|2013-08-12|171856
UBS|ACCSH|'ZG'|'STNACC'|2013-08-12|171856
UBS|ACCSH|'65'|'ST.HP'|2013-08-12|171856
UBS|ACCSH|'24'|'ROYRWM'|2013-08-12|171856
UBS|ACCSH|'Q6'|'INSVTK'|2013-08-12|171856
UBS|ACCSH|'21'|'FOUNDN'|2013-08-12|171856
UBS|ACCSH|'93'|'SUS IC'|2013-08-12|171856
UBS|ACCSH|'T6'|'1MTHPF'|2013-08-12|171856
UBS|ACCSH|'N8'|'LIQMGR'|2013-08-12|171856
UBS|ACCSH|'N7'|'LIQSEL'|2013-08-12|171856
UBS|ACCSH|'62'|'ST.BUD'|2013-08-12|171856
UBS|ACCSH|'L1'|'PLN'|2013-08-12|171856
UBS|ACCSH|'59'|'BUSDIR'|2013-08-12|171856
UBS|ACCSH|'X7'|'7DLIQS'|2013-08-12|171856
UBS|ACCSH|'14'|'CSHMGT'|2013-08-12|171856
UBS|ACCSH|'09'|'CHI.CA'|2013-08-12|171856
UBS|ACCSH|'Q7'|'BONSAV'|2013-08-12|171856
UBS|ACCSH|'26'|'UFIRST'|2013-08-12|171856
UBS|ACCSH|'W8'|'14DLQM'|2013-08-12|171856
UBS|ACCSH|'12'|'PBRIDG'|2013-08-12|171856
UBS|ACCSH|'63'|'STF.CI'|2013-08-12|171856
UBS|ACCSH|'JC'|'BUSSRV'|2013-08-12|171856
UBS|ACCSH|'33'|'RBOWSV'|2013-08-12|171856
UBS|ACCSH|'41'|'BDCURR'|2013-08-12|171856
UBS|ACCSH|'54'|'BON90M'|2013-08-12|171856
UBS|ACCSH|'86'|'SOLRES'|2013-08-12|171856
UBS|ACCSH|'39'|'EASACC'|2013-08-12|171856
UBS|ACCSH|'N6'|'TELSAV'|2013-08-12|171856
UBS|ACCSH|'X6'|'LOYSAV'|2013-08-12|171856
UBS|ACCSH|'55'|'CLIHY'|2013-08-12|171856
UBS|ACCSH|'Z8'|'CASH'|2013-08-12|171856
UBS|ACCSH|'84'|'R&R'|2013-08-12|171856
UBS|ACCSH|'T7'|'3MTHPF'|2013-08-12|171856
UBS|ACCSH|'M1'|'OFFMOR'|2013-08-12|171856
UBS|ACCSH|'08'|'CURRPL'|2013-08-12|171856
UBS|ACCSH|'37'|'S60DAY'|2013-08-12|171856
UBS|ACCSH|'S4'|'BONACC'|2013-08-12|171856
UBS|ACCSH|'07'|'U1GOLD'|2013-08-12|171856
UBS|ACCSH|'30'|'PBKDEP'|2013-08-12|171856
UBS|ACCSH|'23'|'TESOIS'|2013-08-12|171856
UBS|ACCSH|'91'|'SUS IF'|2013-08-12|171856
UBS|ACCSH|'15'|'RTNPER'|2013-08-12|171856
UBS|ACCSH|'81'|'FI.GEN'|2013-08-12|171856
UBS|ACCSH|'38'|'ESAVE'|2013-08-12|171856
UBS|ACCSH|'79'|'VIRMIR'|2013-08-12|171856
UBS|ACCSH|'X0'|'BUSRRV'|2013-08-12|171856
UBS|ACCSH|'90'|'SUS CF'|2013-08-12|171856
UBS|ACCSH|'85'|'SIBA'|2013-08-12|171856
UBS|ACCSH|'R5'|'ELEVP'|2013-08-12|171856
UBS|ACCSH|'ZJ'|'SELCTB'|2013-08-12|171856
UBS|ACCSH|'51'|'BTLNCI'|2013-08-12|171856
UBS|ACCSH|'06'|'CDU16'|2013-08-12|171856
UBS|ACCSH|'92'|'SUS FC'|2013-08-12|171856
UBS|ACCSH|'13'|'T.LOAN'|2013-08-12|171856
UBS|ACCSH|'19'|'ED.EXP'|2013-08-12|171856
UBS|ACCSH|'58'|'CLI.M'|2013-08-12|171856
UBS|ACCSH|'34'|'RES90'|2013-08-12|171856
UBS|ACCSH|'L2'|'BUSLN'|2013-08-12|171856
UBS|ACCSH|'31'|'IND.CL'|2013-08-12|171856
UBS|ACCSH|'T5'|'FCILTY'|2013-08-12|171856
UBS|ACCSH|'67'|'STHPBS'|2013-08-12|171856
UBS|ACCSH|'78'|'VIRMTA'|2013-08-12|171856
UBS|ACCSH|'72'|'PRBNKC'|2013-08-12|171856
UBS|ACCSH|'Q0'|'SMEBCA'|2013-08-12|171856
UBS|ACCSH|'17'|'STUDNT'|2013-08-12|171856
UBS|ACCSH|'05'|'CSHCLB'|2013-08-12|171856