DLYTSYSECF|EM013|100.0|PERCENTAGE|2011-01-01|9999-12-31|RECORD FLAG ? BUT NO LEGACY RECORD|2013-08-08|133809
DLYTSYSECF|EM014|100.0|PERCENTAGE|2011-01-01|9999-12-31|INVALID VALUE IN RECORD LEVEL FLAG|2013-08-08|133809
DLYTSYSECF|EM010|100.0|PERCENTAGE|2011-01-01|9999-12-31|RECORD FLAG T BUT INSERT NOT ALLOWED|2013-08-08|133808
DLYTSYSECF|EM020|100.0|PERCENTAGE|2011-01-01|9999-12-31|PERSONAL RECORD NOT IN EDW FILE|2013-08-08|133809
POWERCRCD|PW001|100.0|PERCENTAGE|2011-01-01|9999-12-31|Incorrect column count found 132 expecte|2019-01-25|84718
DLYTSYSECF|EM018|100.0|PERCENTAGE|2011-01-01|9999-12-31|RECORD FLAG ? ALL FLD FLG F OR SPACES|2013-08-08|133809
DLYTSYSECF|EM016|100.0|PERCENTAGE|2011-01-01|9999-12-31|RECORD FLAG ? BUT FIELD FLAG INVALID|2013-08-08|133809
DLYTSYSECF|EM022|100.0|PERCENTAGE|2011-01-01|9999-12-31|FIELD VALIDATION FAILED|2013-08-08|133809
DLYTSYSECF|EM019|100.0|PERCENTAGE|2011-01-01|9999-12-31|RECORD FLAG IS F|2013-08-08|133809