FINLIMPERC|X|SH|\N|.0250|SOLE TRADER HIGH T/O FINANCIAL LIMITS %|2016-12-01|9999-12-31|2017-01-23|60200
FINLIMPERC|X|LH|\N|.0250|LTD/PARTNER HIGH T/O FINANCIAL LIMITS %|2016-12-01|9999-12-31|2017-02-17|120646
FINLIMPERC|X|SM|\N|.0250|SOLE TRADER MEDIUM T/O FINANCIAL LIMITS %|2016-12-01|9999-12-31|2017-06-02|121033
FINLIMPERC|X|SL|\N|.0250|SOLE TRADER LOW T/O FINANCIAL LIMITS %|2016-12-01|9999-12-31|2017-06-02|121318
FINLIMPERC|X|LM|\N|.0250|LTD/PARTNER MEDIUM T/O FINANCIAL LIMITS %|2016-12-01|9999-12-31|2017-06-02|121416
FINLIMPERC|X|LL|\N|.0250|LTD/PARTNER LOW T/O FINANCIAL LIMITS %|2016-12-01|9999-12-31|2017-06-02|121442
FINLIMPERC|X|SU|\N|.0250|SOLE TRADER ULTRA-HIGH T/O FINANCIAL LIMITS %|2018-10-01|9999-12-31|2018-09-24|130352
FINLIMPERC|X|LU|\N|.0250|LTD/PARTNER ULTRA-HIGH T/O FINANCIAL LIMITS %|2018-10-01|9999-12-31|2018-09-24|130353
FINLIMPERC|K|AG|\N|.7300|FINANCIAL LIMITS %|2019-01-18|9999-12-31|2019-03-28|82411
FINLIMPERC|K|OT|\N|.7300|FINANCIAL LIMITS %|2019-01-18|9999-12-31|2019-03-28|82412
FINLIMPERC|O|SH|\N|0.0300|SOLE TRADER HIGH T/O FINANCIAL LIMITS %|2020-06-29|9999-12-31|2020-07-01|60200
FINLIMPERC|O|LH|\N|0.0300|LTD/PARTNER HIGH T/O FINANCIAL LIMITS %|2020-06-29|9999-12-31|2020-07-01|120646
FINLIMPERC|O|SM|\N|0.0300|SOLE TRADER MEDIUM T/O FINANCIAL LIMITS %|2020-06-29|9999-12-31|2020-07-01|121033
FINLIMPERC|O|SL|\N|0.0300|SOLE TRADER LOW T/O FINANCIAL LIMITS %|2020-06-29|9999-12-31|2020-07-01|121318
FINLIMPERC|O|LM|\N|0.0300|LTD/PARTNER MEDIUM T/O FINANCIAL LIMITS %|2020-06-29|9999-12-31|2020-07-01|121416
FINLIMPERC|O|LL|\N|0.0300|LTD/PARTNER LOW T/O FINANCIAL LIMITS %|2020-06-29|9999-12-31|2020-07-01|121442
FINLIMPERC|O|SU|\N|0.0300|SOLE TRADER ULTRA-HIGH T/O FINANCIAL LIMITS %|2020-06-29|9999-12-31|2020-07-01|130352
FINLIMPERC|O|LU|\N|0.0300|LTD/PARTNER ULTRA-HIGH T/O FINANCIAL LIMITS %|2020-06-29|9999-12-31|2020-07-01|130353
MIN_FINLIM|K|AG|\N|19500.0000|MINIMUM FINANCIAL LIMITS|2019-01-18|9999-12-31|2019-03-28|82411
MIN_FINLIM|K|OT|\N|19500.0000|MINIMUM FINANCIAL LIMITS|2019-01-18|9999-12-31|2019-03-28|82412
CONSTANT|K|AG|\N|100.0000|CONSTANT|2019-01-18|9999-12-31|2019-03-28|82411
CONSTANT|K|OT|\N|100.0000|CONSTANT|2019-01-18|9999-12-31|2019-03-28|82412
MIN_LIMIT|X|SH|\N|2500.0000|SOLE TRADER HIGH T/O MIN LIMITS|2016-12-01|9999-12-31|2017-01-23|60200
MIN_LIMIT|X|LH|\N|2500.0000|LTD/PARTNER HIGH T/O MIN LIMITS|2016-12-01|9999-12-31|2017-02-17|120646
MIN_LIMIT|X|SM|\N|2500.0000|SOLE TRADER MEDIUM T/O MIN LIMITS|2016-12-01|9999-12-31|2017-06-02|121033
MIN_LIMIT|X|SL|\N|2500.0000|SOLE TRADER LOW T/O MIN LIMITS|2016-12-01|9999-12-31|2017-06-02|121318
MIN_LIMIT|X|LM|\N|2500.0000|LTD/PARTNER MEDIUM T/O MIN LIMITS|2016-12-01|9999-12-31|2017-06-02|121416
MIN_LIMIT|X|LL|\N|2500.0000|LTD/PARTNER LOW T/O MIN LIMITS|2016-12-01|9999-12-31|2017-06-02|121442
MIN_LIMIT|X|SU|\N|2500.0000|SOLE TRADER ULTRA-HIGH T/O MIN LIMITS|2018-10-01|9999-12-31|2018-09-24|130352
MIN_LIMIT|X|LU|\N|2500.0000|LTD/PARTNER ULTRA-HIGH T/O MIN LIMITS|2018-10-01|9999-12-31|2018-09-24|130353
MIN_LIMIT|K|AG|\N|500.0000|MIN LIMITS|2019-01-18|9999-12-31|2019-03-28|82411
MIN_LIMIT|K|OT|\N|500.0000|MIN LIMITS|2019-01-18|9999-12-31|2019-03-28|82412
MIN_LIMIT|O|SH|\N|500.0000|SOLE TRADER HIGH T/O MIN LIMITS|2020-06-29|9999-12-31|2020-07-01|60200
MIN_LIMIT|O|LH|\N|500.0000|LTD/PARTNER HIGH T/O MIN LIMITS|2020-06-29|9999-12-31|2020-07-01|120646
MIN_LIMIT|O|SM|\N|500.0000|SOLE TRADER MEDIUM T/O MIN LIMITS|2020-06-29|9999-12-31|2020-07-01|121033
MIN_LIMIT|O|SL|\N|500.0000|SOLE TRADER LOW T/O MIN LIMITS|2020-06-29|9999-12-31|2020-07-01|121318
MIN_LIMIT|O|LM|\N|500.0000|LTD/PARTNER MEDIUM T/O MIN LIMITS|2020-06-29|9999-12-31|2020-07-01|121416
MIN_LIMIT|O|LL|\N|500.0000|LTD/PARTNER LOW T/O MIN LIMITS|2020-06-29|9999-12-31|2020-07-01|121442
MIN_LIMIT|O|SU|\N|500.0000|SOLE TRADER ULTRA-HIGH T/O MIN LIMITS|2020-06-29|9999-12-31|2020-07-01|130352
MIN_LIMIT|O|LU|\N|500.0000|LTD/PARTNER ULTRA-HIGH T/O MIN LIMITS|2020-06-29|9999-12-31|2020-07-01|130353
SCALE|X|SH|\N|3.3000|SOLE TRADER HIGH T/O SCALE|2016-12-01|9999-12-31|2017-01-23|60159
SCALE|X|LH|\N|3.3000|LTD/PARTNER HIGH T/O SCALE|2016-12-01|9999-12-31|2017-02-17|120645
SCALE|X|SM|\N|3.3000|SOLE TRADER MEDIUM T/O SCALE|2016-12-01|9999-12-31|2017-06-02|121032
SCALE|X|SL|\N|3.3000|SOLE TRADER LOW T/O SCALE|2016-12-01|9999-12-31|2017-06-02|121317
SCALE|X|LM|\N|3.3000|LTD/PARTNER MEDIUM T/O SCALE|2016-12-01|9999-12-31|2017-06-02|121416
SCALE|X|LL|\N|3.3000|LTD/PARTNER LOW T/O SCALE|2016-12-01|9999-12-31|2017-06-02|121442
SCALE|X|SU|\N|3.3000|SOLE TRADER ULTRA-HIGH T/O SCALE|2018-10-01|9999-12-31|2018-09-24|130352
SCALE|X|LU|\N|3.3000|LTD/PARTNER ULTRA-HIGH T/O SCALE|2018-10-01|9999-12-31|2018-09-24|130354
SCALE|K|AG|\N|2.6000|SCALE|2019-01-18|9999-12-31|2019-03-28|82411
SCALE|K|OT|\N|2.6000|SCALE|2019-01-18|9999-12-31|2019-03-28|82412
SCALE|O|SH|\N|4.5000|SOLE TRADER HIGH T/O SCALE|2020-06-29|9999-12-31|2020-07-01|60159
SCALE|O|LH|\N|4.5000|LTD/PARTNER HIGH T/O SCALE|2020-06-29|9999-12-31|2020-07-01|120645
SCALE|O|SM|\N|4.5000|SOLE TRADER MEDIUM T/O SCALE|2020-06-29|9999-12-31|2020-07-01|121032
SCALE|O|SL|\N|4.5000|SOLE TRADER LOW T/O SCALE|2020-06-29|9999-12-31|2020-07-01|121317
SCALE|O|LM|\N|4.5000|LTD/PARTNER MEDIUM T/O SCALE|2020-06-29|9999-12-31|2020-07-01|121416
SCALE|O|LL|\N|4.5000|LTD/PARTNER LOW T/O SCALE|2020-06-29|9999-12-31|2020-07-01|121442
SCALE|O|SU|\N|4.5000|SOLE TRADER ULTRA-HIGH T/O SCALE|2020-06-29|9999-12-31|2020-07-01|130352
SCALE|O|LU|\N|4.5000|LTD/PARTNER ULTRA-HIGH T/O SCALE|2020-06-29|9999-12-31|2020-07-01|130354
MAX_LIMIT|X|SH|\N|18000.0000|SOLE TRADER HIGH T/O MAX_LIMITS|2016-12-01|9999-12-31|2017-01-23|60200
MAX_LIMIT|X|LH|\N|18000.0000|LTD/PARTNER HIGH T/O MAX_LIMITS|2016-12-01|9999-12-31|2017-02-17|120646
MAX_LIMIT|X|SM|\N|18000.0000|SOLE TRADER MEDIUM T/O MAX_LIMITS|2016-12-01|9999-12-31|2017-06-02|121033
MAX_LIMIT|X|SL|\N|18000.0000|SOLE TRADER LOW T/O MAX_LIMITS|2016-12-01|9999-12-31|2017-06-02|121318
MAX_LIMIT|X|LM|\N|18000.0000|LTD/PARTNER MEDIUM T/O MAX_LIMITS|2016-12-01|9999-12-31|2017-06-02|121416
MAX_LIMIT|X|LL|\N|18000.0000|LTD/PARTNER LOW T/O MAX_LIMITS|2016-12-01|9999-12-31|2017-06-02|121442
MAX_LIMIT|X|SU|\N|50000.0000|SOLE TRADER ULTRA-HIGH T/O MAX_LIMITS|2018-10-01|9999-12-31|2018-09-24|130352
MAX_LIMIT|X|LU|\N|50000.0000|LTD/PARTNER ULTRA-HIGH T/O MAX_LIMITS|2018-10-01|9999-12-31|2018-09-24|130353
MAX_LIMIT|K|AG|\N|50000.0000|MAX_LIMITS|2019-01-18|9999-12-31|2019-03-28|82411
MAX_LIMIT|K|OT|\N|50000.0000|MAX_LIMITS|2019-01-18|9999-12-31|2019-03-28|82412
MAX_LIMIT|O|SH|\N|25000.0000|SOLE TRADER HIGH T/O MAX_LIMITS|2020-06-29|9999-12-31|2020-07-01|60200
MAX_LIMIT|O|LH|\N|25000.0000|LTD/PARTNER HIGH T/O MAX_LIMITS|2020-06-29|9999-12-31|2020-07-01|120646
MAX_LIMIT|O|SM|\N|25000.0000|SOLE TRADER MEDIUM T/O MAX_LIMITS|2020-06-29|9999-12-31|2020-07-01|121033
MAX_LIMIT|O|SL|\N|25000.0000|SOLE TRADER LOW T/O MAX_LIMITS|2020-06-29|9999-12-31|2020-07-01|121318
MAX_LIMIT|O|LM|\N|25000.0000|LTD/PARTNER MEDIUM T/O MAX_LIMITS|2020-06-29|9999-12-31|2020-07-01|121416
MAX_LIMIT|O|LL|\N|25000.0000|LTD/PARTNER LOW T/O MAX_LIMITS|2020-06-29|9999-12-31|2020-07-01|121442
MAX_LIMIT|O|SU|\N|50000.0000|SOLE TRADER ULTRA-HIGH T/O MAX_LIMITS|2020-06-29|9999-12-31|2020-07-01|130352
MAX_LIMIT|O|LU|\N|50000.0000|LTD/PARTNER ULTRA-HIGH T/O MAX_LIMITS|2020-06-29|9999-12-31|2020-07-01|130353
OUTPERC|X|SH|\N|.7000|SOLE TRADER HIGH T/O OUTGOINGS %|2016-12-01|9999-12-31|2017-01-23|60159
OUTPERC|X|LH|\N|.7000|LTD/PARTNER HIGH T/O OUTGOINGS %|2016-12-01|9999-12-31|2017-02-17|120645
OUTPERC|X|SM|\N|.7000|SOLE TRADER MEDIUM T/O OUTGOINGS %|2016-12-01|9999-12-31|2017-06-02|121032
OUTPERC|X|SL|\N|.7000|SOLE TRADER LOW T/O OUTGOINGS %|2016-12-01|9999-12-31|2017-06-02|121318
OUTPERC|X|LM|\N|.7000|LTD/PARTNER MEDIUM T/O OUTGOINGS %|2016-12-01|9999-12-31|2017-06-02|121416
OUTPERC|X|LL|\N|.7000|LTD/PARTNER LOW T/O OUTGOINGS %|2016-12-01|9999-12-31|2017-06-02|121442
OUTPERC|X|SU|\N|.7000|SOLE TRADER ULTRA-HIGH T/O OUTGOINGS %|2018-10-01|9999-12-31|2018-09-24|130352
OUTPERC|X|LU|\N|.7000|LTD/PARTNER ULTRA-HIGH T/O OUTGOINGS %|2018-10-01|9999-12-31|2018-09-24|130353
OUTPERC|O|SH|\N|0.7000|SOLE TRADER HIGH T/O OUTGOINGS %|2020-06-29|9999-12-31|2020-07-01|60159
OUTPERC|O|LH|\N|0.7000|LTD/PARTNER HIGH T/O OUTGOINGS %|2020-06-29|9999-12-31|2020-07-01|120645
OUTPERC|O|SM|\N|0.7000|SOLE TRADER MEDIUM T/O OUTGOINGS %|2020-06-29|9999-12-31|2020-07-01|121032
OUTPERC|O|SL|\N|0.7000|SOLE TRADER LOW T/O OUTGOINGS %|2020-06-29|9999-12-31|2020-07-01|121318
OUTPERC|O|LM|\N|0.7000|LTD/PARTNER MEDIUM T/O OUTGOINGS %|2020-06-29|9999-12-31|2020-07-01|121416
OUTPERC|O|LL|\N|0.7000|LTD/PARTNER LOW T/O OUTGOINGS %|2020-06-29|9999-12-31|2020-07-01|121442
OUTPERC|O|SU|\N|0.7000|SOLE TRADER ULTRA-HIGH T/O OUTGOINGS %|2020-06-29|9999-12-31|2020-07-01|130352
OUTPERC|O|LU|\N|0.7000|LTD/PARTNER ULTRA-HIGH T/O OUTGOINGS %|2020-06-29|9999-12-31|2020-07-01|130353
SECT|X|SH|A|.2400|SOLE TRADER HIGH T/O AGRICULTURE|2016-12-01|9999-12-31|2017-01-23|60158
SECT|X|SH|C|.2400|SOLE TRADER HIGH T/O CONSTRUCTION|2016-12-01|9999-12-31|2017-01-23|60158
SECT|X|SH|E|.2400|SOLE TRADER HIGH T/O COMM REAL ESTATE|2016-12-01|9999-12-31|2017-01-23|60158
SECT|X|SH|H|.2400|SOLE TRADER HIGH T/O HEALTH|2016-12-01|9999-12-31|2017-01-23|60158
SECT|X|SH|L|.2400|SOLE TRADER HIGH T/O LEISURE|2016-12-01|9999-12-31|2017-01-23|60158
SECT|X|SH|R|.2400|SOLE TRADER HIGH T/O RETAIL|2016-12-01|9999-12-31|2017-01-23|60158
SECT|X|SH|S|.2400|SOLE TRADER HIGH T/O OTHER SERVICES|2016-12-01|9999-12-31|2017-01-23|60158
SECT|X|SH|U|.2400|SOLE TRADER HIGH T/O UNKNOWN|2016-12-01|9999-12-31|2017-01-23|60159
SECT|X|SH|X|.2400|SOLE TRADER HIGH T/O ALL OTHER SECTORS|2016-12-01|9999-12-31|2017-01-23|60159
SECT|X|LH|A|.2400|LTD/PARTNER HIGH T/O AGRICULTURE|2016-12-01|9999-12-31|2017-02-17|120641
SECT|X|LH|C|.2400|LTD/PARTNER HIGH T/O CONSTRUCTION|2016-12-01|9999-12-31|2017-02-17|120642
SECT|X|LH|E|.2400|LTD/PARTNER HIGH T/O COMM REAL ESTATE|2016-12-01|9999-12-31|2017-02-17|120642
SECT|X|LH|H|.2400|LTD/PARTNER HIGH T/O HEALTH|2016-12-01|9999-12-31|2017-02-17|120642
SECT|X|LH|L|.2400|LTD/PARTNER HIGH T/O LEISURE|2016-12-01|9999-12-31|2017-02-17|120642
SECT|X|LH|R|.2400|LTD/PARTNER HIGH T/O RETAIL|2016-12-01|9999-12-31|2017-02-17|120642
SECT|X|LH|S|.2400|LTD/PARTNER HIGH T/O OTHER SERVICES|2016-12-01|9999-12-31|2017-01-17|120642
SECT|X|LH|U|.2400|LTD/PARTNER HIGH T/O UNKNOWN|2016-12-01|9999-12-31|2017-02-17|120642
SECT|X|LH|X|.2400|LTD/PARTNER HIGH T/O ALL OTHER SECTORS|2016-12-01|9999-12-31|2017-02-17|120642
SECT|X|SM|A|.2400|SOLE TRADER MEDIUM T/O AGRICULTURE|2016-12-01|9999-12-31|2017-06-02|121030
SECT|X|SM|C|.2400|SOLE TRADER MEDIUM T/O CONSTRUCTION|2016-12-01|9999-12-31|2017-06-02|121030
SECT|X|SM|E|.2400|SOLE TRADER MEDIUM T/O COMM REAL ESTATE|2016-12-01|9999-12-31|2017-06-02|121030
SECT|X|SM|H|.2400|SOLE TRADER MEDIUM T/O HEALTH|2016-12-01|9999-12-31|2017-06-02|121030
SECT|X|SM|L|.2400|SOLE TRADER MEDIUM T/O LEISURE|2016-12-01|9999-12-31|2017-06-02|121031
SECT|X|SM|R|.2400|SOLE TRADER MEDIUM T/O RETAIL|2016-12-01|9999-12-31|2017-06-02|121031
SECT|X|SM|S|.2400|SOLE TRADER MEDIUM T/O OTHER SERVICES|2016-12-01|9999-12-31|2017-01-17|121031
SECT|X|SM|U|.2400|SOLE TRADER MEDIUM T/O UNKNOWN|2016-12-01|9999-12-31|2017-06-02|121031
SECT|X|SM|X|.2400|SOLE TRADER MEDIUM T/O ALL OTHER SECTORS|2016-12-01|9999-12-31|2017-06-02|121031
SECT|X|SL|A|.2400|SOLE TRADER LOW T/O AGRICULTURE|2016-12-01|9999-12-31|2017-06-02|121315
SECT|X|SL|C|.2400|SOLE TRADER LOW T/O CONSTRUCTION|2016-12-01|9999-12-31|2017-06-02|121316
SECT|X|SL|E|.2400|SOLE TRADER LOW T/O COMM REAL ESTATE|2016-12-01|9999-12-31|2017-06-02|121316
SECT|X|SL|H|.2400|SOLE TRADER LOW T/O HEALTH|2016-12-01|9999-12-31|2017-06-02|121316
SECT|X|SL|L|.2400|SOLE TRADER LOW T/O LEISURE|2016-12-01|9999-12-31|2017-06-02|121316
SECT|X|SL|R|.2400|SOLE TRADER LOW T/O RETAIL|2016-12-01|9999-12-31|2017-06-02|121316
SECT|X|SL|S|.2400|SOLE TRADER LOW T/O OTHER SERVICES|2016-12-01|9999-12-31|2017-01-17|121316
SECT|X|SL|U|.2400|SOLE TRADER LOW T/O UNKNOWN|2016-12-01|9999-12-31|2017-06-02|121316
SECT|X|SL|X|.2400|SOLE TRADER LOW T/O ALL OTHER SECTORS|2016-12-01|9999-12-31|2017-06-02|121317
SECT|X|LM|A|.2400|LTD/PARTNER MEDIUM T/O AGRICULTURE|2016-12-01|9999-12-31|2017-06-02|121415
SECT|X|LM|C|.2400|LTD/PARTNER MEDIUM T/O CONSTRUCTION|2016-12-01|9999-12-31|2017-06-02|121415
SECT|X|LM|E|.2400|LTD/PARTNER MEDIUM T/O COMM REAL ESTATE|2016-12-01|9999-12-31|2017-06-02|121415
SECT|X|LM|H|.2400|LTD/PARTNER MEDIUM T/O HEALTH|2016-12-01|9999-12-31|2017-06-02|121415
SECT|X|LM|L|.2400|LTD/PARTNER MEDIUM T/O LEISURE|2016-12-01|9999-12-31|2017-06-02|121415
SECT|X|LM|R|.2400|LTD/PARTNER MEDIUM T/O RETAIL|2016-12-01|9999-12-31|2017-06-02|121415
SECT|X|LM|S|.2400|LTD/PARTNER MEDIUM T/O OTHER SERVICES|2016-12-01|9999-12-31|2017-01-17|121415
SECT|X|LM|U|.2400|LTD/PARTNER MEDIUM T/O UNKNOWN|2016-12-01|9999-12-31|2017-06-02|121415
SECT|X|LM|X|.2400|LTD/PARTNER MEDIUM T/O ALL OTHER SECTORS|2016-12-01|9999-12-31|2017-06-02|121415
SECT|X|LL|A|.2400|LTD/PARTNER LOW T/O AGRICULTURE|2016-12-01|9999-12-31|2017-06-02|121441
SECT|X|LL|C|.2400|LTD/PARTNER LOW T/O CONSTRUCTION|2016-12-01|9999-12-31|2017-06-02|121441
SECT|X|LL|E|.2400|LTD/PARTNER LOW T/O COMM REAL ESTATE|2016-12-01|9999-12-31|2017-06-02|121441
SECT|X|LL|H|.2400|LTD/PARTNER LOW T/O HEALTH|2016-12-01|9999-12-31|2017-06-02|121441
SECT|X|LL|L|.2400|LTD/PARTNER LOW T/O LEISURE|2016-12-01|9999-12-31|2017-06-02|121441
SECT|X|LL|R|.2400|LTD/PARTNER LOW T/O RETAIL|2016-12-01|9999-12-31|2017-06-02|121441
SECT|X|LL|S|.2400|LTD/PARTNER LOW T/O OTHER SERVICES|2016-12-01|9999-12-31|2017-01-17|121441
SECT|X|LL|U|.2400|LTD/PARTNER LOW T/O UNKNOWN|2016-12-01|9999-12-31|2017-06-02|121441
SECT|X|LL|X|.2400|LTD/PARTNER LOW T/O ALL OTHER SECTORS|2016-12-01|9999-12-31|2017-06-02|121441
SECT|X|SU|A|.1300|SOLE TRADER ULTRA-HIGH T/O AGRICULTURE|2018-10-01|9999-12-31|2018-09-24|130353
SECT|X|SU|C|.1300|SOLE TRADER ULTRA-HIGH T/O CONSTRUCTION|2018-10-01|9999-12-31|2018-09-24|130353
SECT|X|SU|E|.1300|SOLE TRADER ULTRA-HIGH T/O COMM REAL ESTATE|2018-10-01|9999-12-31|2018-09-24|130353
SECT|X|SU|H|.1300|SOLE TRADER ULTRA-HIGH T/O HEALTH|2018-10-01|9999-12-31|2018-09-24|130353
SECT|X|SU|L|.1300|SOLE TRADER ULTRA-HIGH T/O LEISURE|2018-10-01|9999-12-31|2018-09-24|130353
SECT|X|SU|R|.1300|SOLE TRADER ULTRA-HIGH T/O RETAIL|2018-10-01|9999-12-31|2018-09-24|130353
SECT|X|SU|S|.1300|SOLE TRADER ULTRA-HIGH T/O OTHER SERVICES|2018-10-01|9999-12-31|2018-09-24|130353
SECT|X|SU|U|.1300|SOLE TRADER ULTRA-HIGH T/O UNKNOWN|2018-10-01|9999-12-31|2018-09-24|130353
SECT|X|SU|X|.1300|SOLE TRADER ULTRA-HIGH T/O ALL OTHER SECTORS|2018-10-01|9999-12-31|2018-09-24|130353
SECT|X|LU|A|.1300|LTD/PARTNER ULTRA-HIGH T/O AGRICULTURE|2018-10-01|9999-12-31|2018-09-24|130354
SECT|X|LU|C|.1300|LTD/PARTNER ULTRA-HIGH T/O CONSTRUCTION|2018-10-01|9999-12-31|2018-09-24|130354
SECT|X|LU|E|.1300|LTD/PARTNER ULTRA-HIGH T/O COMM REAL ESTATE|2018-10-01|9999-12-31|2018-09-24|130354
SECT|X|LU|H|.1300|LTD/PARTNER ULTRA-HIGH T/O HEALTH|2018-10-01|9999-12-31|2018-09-24|130355
SECT|X|LU|L|.1300|LTD/PARTNER ULTRA-HIGH T/O LEISURE|2018-10-01|9999-12-31|2018-09-24|130355
SECT|X|LU|R|.1300|LTD/PARTNER ULTRA-HIGH T/O RETAIL|2018-10-01|9999-12-31|2018-09-24|130355
SECT|X|LU|S|.1300|LTD/PARTNER ULTRA-HIGH T/O OTHER SERVICES|2018-10-01|9999-12-31|2018-09-24|130355
SECT|X|LU|U|.1300|LTD/PARTNER ULTRA-HIGH T/O UNKNOWN|2018-10-01|9999-12-31|2018-09-24|130355
SECT|X|LU|X|.1300|LTD/PARTNER ULTRA-HIGH T/O ALL OTHER SECTORS|2018-10-01|9999-12-31|2018-09-24|130355
SECT|K|AG|A|.3000|AGRICULTURE|2019-01-18|9999-12-31|2019-03-28|82410
SECT|K|OT|O|.2000|NON-AGRICULTURE|2019-01-18|9999-12-31|2019-03-28|82412
SECT|K|OT|U|.2000|UN-ASSIGNED|2019-01-18|9999-12-31|2019-03-28|101938
SECT|O|LH|A|0.3000|LTD/PARTNER HIGH T/O AGRICULTURE|2020-06-29|9999-12-31|2020-07-01|120641
SECT|O|LH|C|0.3000|LTD/PARTNER HIGH T/O CONSTRUCTION|2020-06-29|9999-12-31|2020-07-01|120642
SECT|O|LH|E|0.3000|LTD/PARTNER HIGH T/O COMM REAL ESTATE|2020-06-29|9999-12-31|2020-07-01|120642
SECT|O|LH|H|0.3000|LTD/PARTNER HIGH T/O HEALTH|2020-06-29|9999-12-31|2020-07-01|120642
SECT|O|LH|L|0.3000|LTD/PARTNER HIGH T/O LEISURE|2020-06-29|9999-12-31|2020-07-01|120642
SECT|O|LH|R|0.3000|LTD/PARTNER HIGH T/O RETAIL|2020-06-29|9999-12-31|2020-07-01|120642
SECT|O|LH|S|0.3000|LTD/PARTNER HIGH T/O OTHER SERVICES|2020-06-29|9999-12-31|2020-07-01|120642
SECT|O|LH|U|0.3000|LTD/PARTNER HIGH T/O UNKNOWN|2020-06-29|9999-12-31|2020-07-01|120642
SECT|O|LH|X|0.3000|LTD/PARTNER HIGH T/O ALL OTHER SECTORS|2020-06-29|9999-12-31|2020-07-01|120642
SECT|O|LL|A|0.3000|LTD/PARTNER LOW T/O AGRICULTURE|2020-06-29|9999-12-31|2020-07-01|121441
SECT|O|LL|C|0.3000|LTD/PARTNER LOW T/O CONSTRUCTION|2020-06-29|9999-12-31|2020-07-01|121441
SECT|O|LL|E|0.3000|LTD/PARTNER LOW T/O COMM REAL ESTATE|2020-06-29|9999-12-31|2020-07-01|121441
SECT|O|LL|H|0.3000|LTD/PARTNER LOW T/O HEALTH|2020-06-29|9999-12-31|2020-07-01|121441
SECT|O|LL|L|0.3000|LTD/PARTNER LOW T/O LEISURE|2020-06-29|9999-12-31|2020-07-01|121441
SECT|O|LL|R|0.3000|LTD/PARTNER LOW T/O RETAIL|2020-06-29|9999-12-31|2020-07-01|121441
SECT|O|LL|S|0.3000|LTD/PARTNER LOW T/O OTHER SERVICES|2020-06-29|9999-12-31|2020-07-01|121441
SECT|O|LL|U|0.3000|LTD/PARTNER LOW T/O UNKNOWN|2020-06-29|9999-12-31|2020-07-01|121441
SECT|O|LL|X|0.3000|LTD/PARTNER LOW T/O ALL OTHER SECTORS|2020-06-29|9999-12-31|2020-07-01|121441
SECT|O|LM|A|0.3000|LTD/PARTNER MEDIUM T/O AGRICULTURE|2020-06-29|9999-12-31|2020-07-01|121415
SECT|O|LM|C|0.3000|LTD/PARTNER MEDIUM T/O CONSTRUCTION|2020-06-29|9999-12-31|2020-07-01|121415
SECT|O|LM|E|0.3000|LTD/PARTNER MEDIUM T/O COMM REAL ESTATE|2020-06-29|9999-12-31|2020-07-01|121415
SECT|O|LM|H|0.3000|LTD/PARTNER MEDIUM T/O HEALTH|2020-06-29|9999-12-31|2020-07-01|121415
SECT|O|LM|L|0.3000|LTD/PARTNER MEDIUM T/O LEISURE|2020-06-29|9999-12-31|2020-07-01|121415
SECT|O|LM|R|0.3000|LTD/PARTNER MEDIUM T/O RETAIL|2020-06-29|9999-12-31|2020-07-01|121415
SECT|O|LM|S|0.3000|LTD/PARTNER MEDIUM T/O OTHER SERVICES|2020-06-29|9999-12-31|2020-07-01|121415
SECT|O|LM|U|0.3000|LTD/PARTNER MEDIUM T/O UNKNOWN|2020-06-29|9999-12-31|2020-07-01|121415
SECT|O|LM|X|0.3000|LTD/PARTNER MEDIUM T/O ALL OTHER SECTORS|2020-06-29|9999-12-31|2020-07-01|121415
SECT|O|LU|A|0.1500|LTD/PARTNER ULTRA-HIGH T/O AGRICULTURE|2020-06-29|9999-12-31|2020-07-01|130354
SECT|O|LU|C|0.1500|LTD/PARTNER ULTRA-HIGH T/O CONSTRUCTION|2020-06-29|9999-12-31|2020-07-01|130354
SECT|O|LU|E|0.1500|LTD/PARTNER ULTRA-HIGH T/O COMM REAL ESTATE|2020-06-29|9999-12-31|2020-07-01|130354
SECT|O|LU|H|0.1500|LTD/PARTNER ULTRA-HIGH T/O HEALTH|2020-06-29|9999-12-31|2020-07-01|130355
SECT|O|LU|L|0.1500|LTD/PARTNER ULTRA-HIGH T/O LEISURE|2020-06-29|9999-12-31|2020-07-01|130355
SECT|O|LU|R|0.1500|LTD/PARTNER ULTRA-HIGH T/O RETAIL|2020-06-29|9999-12-31|2020-07-01|130355
SECT|O|LU|S|0.1500|LTD/PARTNER ULTRA-HIGH T/O OTHER SERVICES|2020-06-29|9999-12-31|2020-07-01|130355
SECT|O|LU|U|0.1500|LTD/PARTNER ULTRA-HIGH T/O UNKNOWN|2020-06-29|9999-12-31|2020-07-01|130355
SECT|O|LU|X|0.1500|LTD/PARTNER ULTRA-HIGH T/O ALL OTHER SECTORS|2020-06-29|9999-12-31|2020-07-01|130355
SECT|O|SH|A|0.3000|SOLE TRADER HIGH T/O AGRICULTURE|2020-06-29|9999-12-31|2020-07-01|60158
SECT|O|SH|C|0.3000|SOLE TRADER HIGH T/O CONSTRUCTION|2020-06-29|9999-12-31|2020-07-01|60158
SECT|O|SH|E|0.3000|SOLE TRADER HIGH T/O COMM REAL ESTATE|2020-06-29|9999-12-31|2020-07-01|60158
SECT|O|SH|H|0.3000|SOLE TRADER HIGH T/O HEALTH|2020-06-29|9999-12-31|2020-07-01|60158
SECT|O|SH|L|0.3000|SOLE TRADER HIGH T/O LEISURE|2020-06-29|9999-12-31|2020-07-01|60158
SECT|O|SH|R|0.3000|SOLE TRADER HIGH T/O RETAIL|2020-06-29|9999-12-31|2020-07-01|60158
SECT|O|SH|S|0.3000|SOLE TRADER HIGH T/O OTHER SERVICES|2020-06-29|9999-12-31|2020-07-01|60158
SECT|O|SH|U|0.3000|SOLE TRADER HIGH T/O UNKNOWN|2020-06-29|9999-12-31|2020-07-01|60159
SECT|O|SH|X|0.3000|SOLE TRADER HIGH T/O ALL OTHER SECTORS|2020-06-29|9999-12-31|2020-07-01|60159
SECT|O|SL|A|0.3000|SOLE TRADER LOW T/O AGRICULTURE|2020-06-29|9999-12-31|2020-07-01|121315
SECT|O|SL|C|0.3000|SOLE TRADER LOW T/O CONSTRUCTION|2020-06-29|9999-12-31|2020-07-01|121316
SECT|O|SL|E|0.3000|SOLE TRADER LOW T/O COMM REAL ESTATE|2020-06-29|9999-12-31|2020-07-01|121316
SECT|O|SL|H|0.3000|SOLE TRADER LOW T/O HEALTH|2020-06-29|9999-12-31|2020-07-01|121316
SECT|O|SL|L|0.3000|SOLE TRADER LOW T/O LEISURE|2020-06-29|9999-12-31|2020-07-01|121316
SECT|O|SL|R|0.3000|SOLE TRADER LOW T/O RETAIL|2020-06-29|9999-12-31|2020-07-01|121316
SECT|O|SL|S|0.3000|SOLE TRADER LOW T/O OTHER SERVICES|2020-06-29|9999-12-31|2020-07-01|121316
SECT|O|SL|U|0.3000|SOLE TRADER LOW T/O UNKNOWN|2020-06-29|9999-12-31|2020-07-01|121316
SECT|O|SL|X|0.3000|SOLE TRADER LOW T/O ALL OTHER SECTORS|2020-06-29|9999-12-31|2020-07-01|121317
SECT|O|SM|A|0.3000|SOLE TRADER MEDIUM T/O AGRICULTURE|2020-06-29|9999-12-31|2020-07-01|121030
SECT|O|SM|C|0.3000|SOLE TRADER MEDIUM T/O CONSTRUCTION|2020-06-29|9999-12-31|2020-07-01|121030
SECT|O|SM|E|0.3000|SOLE TRADER MEDIUM T/O COMM REAL ESTATE|2020-06-29|9999-12-31|2020-07-01|121030
SECT|O|SM|H|0.3000|SOLE TRADER MEDIUM T/O HEALTH|2020-06-29|9999-12-31|2020-07-01|121030
SECT|O|SM|L|0.3000|SOLE TRADER MEDIUM T/O LEISURE|2020-06-29|9999-12-31|2020-07-01|121031
SECT|O|SM|R|0.3000|SOLE TRADER MEDIUM T/O RETAIL|2020-06-29|9999-12-31|2020-07-01|121031
SECT|O|SM|S|0.3000|SOLE TRADER MEDIUM T/O OTHER SERVICES|2020-06-29|9999-12-31|2020-07-01|121031
SECT|O|SM|U|0.3000|SOLE TRADER MEDIUM T/O UNKNOWN|2020-06-29|9999-12-31|2020-07-01|121031
SECT|O|SM|X|0.3000|SOLE TRADER MEDIUM T/O ALL OTHER SECTORS|2020-06-29|9999-12-31|2020-07-01|121031
SECT|O|SU|A|0.1500|SOLE TRADER ULTRA-HIGH T/O AGRICULTURE|2020-06-29|9999-12-31|2020-07-01|130353
SECT|O|SU|C|0.1500|SOLE TRADER ULTRA-HIGH T/O CONSTRUCTION|2020-06-29|9999-12-31|2020-07-01|130353
SECT|O|SU|E|0.1500|SOLE TRADER ULTRA-HIGH T/O COMM REAL ESTATE|2020-06-29|9999-12-31|2020-07-01|130353
SECT|O|SU|H|0.1500|SOLE TRADER ULTRA-HIGH T/O HEALTH|2020-06-29|9999-12-31|2020-07-01|130353
SECT|O|SU|L|0.1500|SOLE TRADER ULTRA-HIGH T/O LEISURE|2020-06-29|9999-12-31|2020-07-01|130353
SECT|O|SU|R|0.1500|SOLE TRADER ULTRA-HIGH T/O RETAIL|2020-06-29|9999-12-31|2020-07-01|130353
SECT|O|SU|S|0.1500|SOLE TRADER ULTRA-HIGH T/O OTHER SERVICES|2020-06-29|9999-12-31|2020-07-01|130353
SECT|O|SU|U|0.1500|SOLE TRADER ULTRA-HIGH T/O UNKNOWN|2020-06-29|9999-12-31|2020-07-01|130353
SECT|O|SU|X|0.1500|SOLE TRADER ULTRA-HIGH T/O ALL OTHER SECTORS|2020-06-29|9999-12-31|2020-07-01|130353
RB|X|SH|1|.5700|SOLE TRADER HIGH T/O RISK BAND 1|2016-12-01|9999-12-31|2017-01-23|60159
RB|X|SH|2|.5700|SOLE TRADER HIGH T/O RISK BAND 2|2016-12-01|9999-12-31|2017-01-23|60159
RB|X|SH|3|.5700|SOLE TRADER HIGH T/O RISK BAND 3|2016-12-01|9999-12-31|2017-01-23|60159
RB|X|SH|4|.5000|SOLE TRADER HIGH T/O RISK BAND 4|2016-12-01|9999-12-31|2017-01-23|60159
RB|X|SH|5|.4400|SOLE TRADER HIGH T/O RISK BAND 5|2016-12-01|9999-12-31|2017-01-23|60159
RB|X|SH|6|.4000|SOLE TRADER HIGH T/O RISK BAND 6|2016-12-01|9999-12-31|2017-01-23|60159
RB|X|SH|7|.3600|SOLE TRADER HIGH T/O RISK BAND 7|2016-12-01|9999-12-31|2017-01-23|60159
RB|X|SH|8|.0000|SOLE TRADER HIGH T/O RISK BAND 8|2016-12-01|9999-12-31|2017-01-23|60159
RB|X|SH|9|.0000|SOLE TRADER HIGH T/O RISK BAND 9|2016-12-01|9999-12-31|2017-01-23|60159
RB|X|SH|10|.0000|SOLE TRADER HIGH T/O RISK BAND 10|2016-12-01|9999-12-31|2017-01-23|60159
RB|X|LH|1|.5700|LTD/PARTNER HIGH T/O RISK BAND 1|2016-12-01|9999-12-31|2017-02-17|120642
RB|X|LH|2|.5700|LTD/PARTNER HIGH T/O RISK BAND 2|2016-12-01|9999-12-31|2017-02-17|120642
RB|X|LH|3|.5700|LTD/PARTNER HIGH T/O RISK BAND 3|2016-12-01|9999-12-31|2017-02-17|120642
RB|X|LH|4|.5000|LTD/PARTNER HIGH T/O RISK BAND 4|2016-12-01|9999-12-31|2017-02-17|120643
RB|X|LH|5|.4400|LTD/PARTNER HIGH T/O RISK BAND 5|2016-12-01|9999-12-31|2017-02-17|120644
RB|X|LH|6|.4000|LTD/PARTNER HIGH T/O RISK BAND 6|2016-12-01|9999-12-31|2017-02-17|120644
RB|X|LH|7|.3600|LTD/PARTNER HIGH T/O RISK BAND 7|2016-12-01|9999-12-31|2017-02-17|120644
RB|X|LH|8|.0000|LTD/PARTNER HIGH T/O RISK BAND 8|2016-12-01|9999-12-31|2017-02-17|120644
RB|X|LH|9|.0000|LTD/PARTNER HIGH T/O RISK BAND 9|2016-12-01|9999-12-31|2017-02-17|120644
RB|X|LH|10|.0000|LTD/PARTNER HIGH T/O RISK BAND 10|2016-12-01|9999-12-31|2017-02-17|120644
RB|X|SM|1|.5700|SOLE TRADER MEDIUM T/O RISK BAND 1|2016-12-01|9999-12-31|2017-06-02|121031
RB|X|SM|2|.5700|SOLE TRADER MEDIUM T/O RISK BAND 2|2016-12-01|9999-12-31|2017-06-02|121032
RB|X|SM|3|.5700|SOLE TRADER MEDIUM T/O RISK BAND 3|2016-12-01|9999-12-31|2017-06-02|121032
RB|X|SM|4|.5000|SOLE TRADER MEDIUM T/O RISK BAND 4|2016-12-01|9999-12-31|2017-06-02|121032
RB|X|SM|5|.4400|SOLE TRADER MEDIUM T/O RISK BAND 5|2016-12-01|9999-12-31|2017-06-02|121032
RB|X|SM|6|.4000|SOLE TRADER MEDIUM T/O RISK BAND 6|2016-12-01|9999-12-31|2017-06-02|121032
RB|X|SM|7|.3600|SOLE TRADER MEDIUM T/O RISK BAND 7|2016-12-01|9999-12-31|2017-06-02|121032
RB|X|SM|8|.0000|SOLE TRADER MEDIUM T/O RISK BAND 8|2016-12-01|9999-12-31|2017-06-02|121032
RB|X|SM|9|.0000|SOLE TRADER MEDIUM T/O RISK BAND 9|2016-12-01|9999-12-31|2017-06-02|121032
RB|X|SM|10|.0000|SOLE TRADER MEDIUM T/O RISK BAND 10|2016-12-01|9999-12-31|2017-06-02|121032
RB|X|SL|1|.5700|SOLE TRADER LOW T/O RISK BAND 1|2016-12-01|9999-12-31|2017-06-02|121317
RB|X|SL|2|.5700|SOLE TRADER LOW T/O RISK BAND 2|2016-12-01|9999-12-31|2017-06-02|121317
RB|X|SL|3|.5700|SOLE TRADER LOW T/O RISK BAND 3|2016-12-01|9999-12-31|2017-06-02|121317
RB|X|SL|4|.5000|SOLE TRADER LOW T/O RISK BAND 4|2016-12-01|9999-12-31|2017-06-02|121317
RB|X|SL|5|.4400|SOLE TRADER LOW T/O RISK BAND 5|2016-12-01|9999-12-31|2017-06-02|121317
RB|X|SL|6|.4000|SOLE TRADER LOW T/O RISK BAND 6|2016-12-01|9999-12-31|2017-06-02|121317
RB|X|SL|7|.3600|SOLE TRADER LOW T/O RISK BAND 7|2016-12-01|9999-12-31|2017-06-02|121317
RB|X|SL|8|.0000|SOLE TRADER LOW T/O RISK BAND 8|2016-12-01|9999-12-31|2017-06-02|121317
RB|X|SL|9|.0000|SOLE TRADER LOW T/O RISK BAND 9|2016-12-01|9999-12-31|2017-06-02|121317
RB|X|SL|10|.0000|SOLE TRADER LOW T/O RISK BAND 10|2016-12-01|9999-12-31|2017-06-02|121317
RB|X|LM|1|.5700|LTD/PARTNER MEDIUM T/O RISK BAND 1|2016-12-01|9999-12-31|2017-06-02|121416
RB|X|LM|2|.5700|LTD/PARTNER MEDIUM T/O RISK BAND 2|2016-12-01|9999-12-31|2017-06-02|121416
RB|X|LM|3|.5700|LTD/PARTNER MEDIUM T/O RISK BAND 3|2016-12-01|9999-12-31|2017-06-02|121416
RB|X|LM|4|.5000|LTD/PARTNER MEDIUM T/O RISK BAND 4|2016-12-01|9999-12-31|2017-06-02|121416
RB|X|LM|5|.4400|LTD/PARTNER MEDIUM T/O RISK BAND 5|2016-12-01|9999-12-31|2017-06-02|121416
RB|X|LM|6|.4000|LTD/PARTNER MEDIUM T/O RISK BAND 6|2016-12-01|9999-12-31|2017-06-02|121416
RB|X|LM|7|.3600|LTD/PARTNER MEDIUM T/O RISK BAND 7|2016-12-01|9999-12-31|2017-06-02|121416
RB|X|LM|8|.0000|LTD/PARTNER MEDIUM T/O RISK BAND 8|2016-12-01|9999-12-31|2017-06-02|121416
RB|X|LM|9|.0000|LTD/PARTNER MEDIUM T/O RISK BAND 9|2016-12-01|9999-12-31|2017-06-02|121416
RB|X|LM|10|.0000|LTD/PARTNER MEDIUM T/O RISK BAND 10|2016-12-01|9999-12-31|2017-06-02|121416
RB|X|LL|1|.5700|LTD/PARTNER LOW T/O RISK BAND 1|2016-12-01|9999-12-31|2017-06-02|121441
RB|X|LL|2|.5700|LTD/PARTNER LOW T/O RISK BAND 2|2016-12-01|9999-12-31|2017-06-02|121441
RB|X|LL|3|.5700|LTD/PARTNER LOW T/O RISK BAND 3|2016-12-01|9999-12-31|2017-06-02|121441
RB|X|LL|4|.5000|LTD/PARTNER LOW T/O RISK BAND 4|2016-12-01|9999-12-31|2017-06-02|121442
RB|X|LL|5|.4400|LTD/PARTNER LOW T/O RISK BAND 5|2016-12-01|9999-12-31|2017-06-02|121442
RB|X|LL|6|.4000|LTD/PARTNER LOW T/O RISK BAND 6|2016-12-01|9999-12-31|2017-06-02|121442
RB|X|LL|7|.3600|LTD/PARTNER LOW T/O RISK BAND 7|2016-12-01|9999-12-31|2017-06-02|121442
RB|X|LL|8|.0000|LTD/PARTNER LOW T/O RISK BAND 8|2016-12-01|9999-12-31|2017-06-02|121442
RB|X|LL|9|.0000|LTD/PARTNER LOW T/O RISK BAND 9|2016-12-01|9999-12-31|2017-06-02|121442
RB|X|LL|10|.0000|LTD/PARTNER LOW T/O RISK BAND 10|2016-12-01|9999-12-31|2017-06-02|121442
RB|X|SU|1|.5000|SOLE TRADER ULTRA-HIGH T/O RISK BAND 1|2018-10-01|9999-12-31|2018-09-24|130352
RB|X|SU|10|.0000|SOLE TRADER ULTRA-HIGH T/O RISK BAND 10|2018-10-01|9999-12-31|2018-09-24|130352
RB|X|SU|2|.5000|SOLE TRADER ULTRA-HIGH T/O RISK BAND 2|2018-10-01|9999-12-31|2018-09-24|130352
RB|X|SU|3|.5000|SOLE TRADER ULTRA-HIGH T/O RISK BAND 3|2018-10-01|9999-12-31|2018-09-24|130352
RB|X|SU|4|.4400|SOLE TRADER ULTRA-HIGH T/O RISK BAND 4|2018-10-01|9999-12-31|2018-09-24|130352
RB|X|SU|5|.4000|SOLE TRADER ULTRA-HIGH T/O RISK BAND 5|2018-10-01|9999-12-31|2018-09-24|130352
RB|X|SU|6|.3600|SOLE TRADER ULTRA-HIGH T/O RISK BAND 6|2018-10-01|9999-12-31|2018-09-24|130352
RB|X|SU|7|.3300|SOLE TRADER ULTRA-HIGH T/O RISK BAND 7|2018-10-01|9999-12-31|2018-09-24|130352
RB|X|SU|8|.0000|SOLE TRADER ULTRA-HIGH T/O RISK BAND 8|2018-10-01|9999-12-31|2018-09-24|130352
RB|X|SU|9|.0000|SOLE TRADER ULTRA-HIGH T/O RISK BAND 9|2018-10-01|9999-12-31|2018-09-24|130352
RB|X|LU|1|.5000|LTD/PARTNER ULTRA-HIGH T/O RISK BAND 1|2018-10-01|9999-12-31|2018-09-24|130354
RB|X|LU|10|.0000|LTD/PARTNER ULTRA-HIGH T/O RISK BAND 10|2018-10-01|9999-12-31|2018-09-24|130354
RB|X|LU|2|.5000|LTD/PARTNER ULTRA-HIGH T/O RISK BAND 2|2018-10-01|9999-12-31|2018-09-24|130354
RB|X|LU|3|.5000|LTD/PARTNER ULTRA-HIGH T/O RISK BAND 3|2018-10-01|9999-12-31|2018-09-24|130354
RB|X|LU|4|.4400|LTD/PARTNER ULTRA-HIGH T/O RISK BAND 4|2018-10-01|9999-12-31|2018-09-24|130354
RB|X|LU|5|.4000|LTD/PARTNER ULTRA-HIGH T/O RISK BAND 5|2018-10-01|9999-12-31|2018-09-24|130354
RB|X|LU|6|.3600|LTD/PARTNER ULTRA-HIGH T/O RISK BAND 6|2018-10-01|9999-12-31|2018-09-24|130354
RB|X|LU|7|.3300|LTD/PARTNER ULTRA-HIGH T/O RISK BAND 7|2018-10-01|9999-12-31|2018-09-24|130354
RB|X|LU|8|.0000|LTD/PARTNER ULTRA-HIGH T/O RISK BAND 8|2018-10-01|9999-12-31|2018-09-24|130354
RB|X|LU|9|.0000|LTD/PARTNER ULTRA-HIGH T/O RISK BAND 9|2018-10-01|9999-12-31|2018-09-24|130354
RB|K|AG|1|.9000|RISK BAND 1|2019-01-18|9999-12-31|2019-03-28|82411
RB|K|AG|2|.8800|RISK BAND 2|2019-01-18|9999-12-31|2019-03-28|82411
RB|K|AG|3|.8500|RISK BAND 3|2019-01-18|9999-12-31|2019-03-28|82411
RB|K|AG|4|.8200|RISK BAND 4|2019-01-18|9999-12-31|2019-03-28|82411
RB|K|AG|5|.8000|RISK BAND 5|2019-01-18|9999-12-31|2019-03-28|82411
RB|K|AG|6|.7500|RISK BAND 6|2019-01-18|9999-12-31|2019-03-28|82411
RB|K|AG|7|.7500|RISK BAND 7|2019-01-18|9999-12-31|2019-03-28|82411
RB|K|AG|8|.0000|RISK BAND 8|2019-01-18|9999-12-31|2019-03-28|82411
RB|K|AG|9|.0000|RISK BAND 9|2019-01-18|9999-12-31|2019-03-28|82411
RB|K|AG|10|.0000|RISK BAND 10|2019-01-18|9999-12-31|2019-03-28|82411
RB|K|OT|1|.7500|RISK BAND 1|2019-01-18|9999-12-31|2019-03-28|82412
RB|K|OT|2|.7300|RISK BAND 2|2019-01-18|9999-12-31|2019-03-28|82412
RB|K|OT|3|.7000|RISK BAND 3|2019-01-18|9999-12-31|2019-03-28|82412
RB|K|OT|4|.6800|RISK BAND 4|2019-01-18|9999-12-31|2019-03-28|82412
RB|K|OT|5|.6500|RISK BAND 5|2019-01-18|9999-12-31|2019-03-28|82412
RB|K|OT|6|.6000|RISK BAND 6|2019-01-18|9999-12-31|2019-03-28|82412
RB|K|OT|7|.6000|RISK BAND 7|2019-01-18|9999-12-31|2019-03-28|82412
RB|K|OT|8|.0000|RISK BAND 8|2019-01-18|9999-12-31|2019-03-28|82412
RB|K|OT|9|.0000|RISK BAND 9|2019-01-18|9999-12-31|2019-03-28|82412
RB|K|OT|10|.0000|RISK BAND 10|2019-01-18|9999-12-31|2019-03-28|82412
RB|O|SH|1|0.5700|SOLE TRADER HIGH T/O RISK BAND 1|2020-06-29|9999-12-31|2020-07-01|60159
RB|O|SH|2|0.5700|SOLE TRADER HIGH T/O RISK BAND 2|2020-06-29|9999-12-31|2020-07-01|60159
RB|O|SH|3|0.5700|SOLE TRADER HIGH T/O RISK BAND 3|2020-06-29|9999-12-31|2020-07-01|60159
RB|O|SH|4|0.5000|SOLE TRADER HIGH T/O RISK BAND 4|2020-06-29|9999-12-31|2020-07-01|60159
RB|O|SH|5|0.4400|SOLE TRADER HIGH T/O RISK BAND 5|2020-06-29|9999-12-31|2020-07-01|60159
RB|O|SH|6|0.4000|SOLE TRADER HIGH T/O RISK BAND 6|2020-06-29|9999-12-31|2020-07-01|60159
RB|O|SH|7|0.3600|SOLE TRADER HIGH T/O RISK BAND 7|2020-06-29|9999-12-31|2020-07-01|60159
RB|O|SH|8|0.0000|SOLE TRADER HIGH T/O RISK BAND 8|2020-06-29|9999-12-31|2020-07-01|60159
RB|O|SH|9|0.0000|SOLE TRADER HIGH T/O RISK BAND 9|2020-06-29|9999-12-31|2020-07-01|60159
RB|O|SH|10|0.0000|SOLE TRADER HIGH T/O RISK BAND 10|2020-06-29|9999-12-31|2020-07-01|60159
RB|O|LH|1|0.5700|LTD/PARTNER HIGH T/O RISK BAND 1|2020-06-29|9999-12-31|2020-07-01|120642
RB|O|LH|2|0.5700|LTD/PARTNER HIGH T/O RISK BAND 2|2020-06-29|9999-12-31|2020-07-01|120642
RB|O|LH|3|0.5700|LTD/PARTNER HIGH T/O RISK BAND 3|2020-06-29|9999-12-31|2020-07-01|120642
RB|O|LH|4|0.5000|LTD/PARTNER HIGH T/O RISK BAND 4|2020-06-29|9999-12-31|2020-07-01|120643
RB|O|LH|5|0.4400|LTD/PARTNER HIGH T/O RISK BAND 5|2020-06-29|9999-12-31|2020-07-01|120644
RB|O|LH|6|0.4000|LTD/PARTNER HIGH T/O RISK BAND 6|2020-06-29|9999-12-31|2020-07-01|120644
RB|O|LH|7|0.3600|LTD/PARTNER HIGH T/O RISK BAND 7|2020-06-29|9999-12-31|2020-07-01|120644
RB|O|LH|8|0.0000|LTD/PARTNER HIGH T/O RISK BAND 8|2020-06-29|9999-12-31|2020-07-01|120644
RB|O|LH|9|0.0000|LTD/PARTNER HIGH T/O RISK BAND 9|2020-06-29|9999-12-31|2020-07-01|120644
RB|O|LH|10|0.0000|LTD/PARTNER HIGH T/O RISK BAND 10|2020-06-29|9999-12-31|2020-07-01|120644
RB|O|SM|1|0.5700|SOLE TRADER MEDIUM T/O RISK BAND 1|2020-06-29|9999-12-31|2020-07-01|121031
RB|O|SM|2|0.5700|SOLE TRADER MEDIUM T/O RISK BAND 2|2020-06-29|9999-12-31|2020-07-01|121032
RB|O|SM|3|0.5700|SOLE TRADER MEDIUM T/O RISK BAND 3|2020-06-29|9999-12-31|2020-07-01|121032
RB|O|SM|4|0.5000|SOLE TRADER MEDIUM T/O RISK BAND 4|2020-06-29|9999-12-31|2020-07-01|121032
RB|O|SM|5|0.4400|SOLE TRADER MEDIUM T/O RISK BAND 5|2020-06-29|9999-12-31|2020-07-01|121032
RB|O|SM|6|0.4000|SOLE TRADER MEDIUM T/O RISK BAND 6|2020-06-29|9999-12-31|2020-07-01|121032
RB|O|SM|7|0.3600|SOLE TRADER MEDIUM T/O RISK BAND 7|2020-06-29|9999-12-31|2020-07-01|121032
RB|O|SM|8|0.0000|SOLE TRADER MEDIUM T/O RISK BAND 8|2020-06-29|9999-12-31|2020-07-01|121032
RB|O|SM|9|0.0000|SOLE TRADER MEDIUM T/O RISK BAND 9|2020-06-29|9999-12-31|2020-07-01|121032
RB|O|SM|10|0.0000|SOLE TRADER MEDIUM T/O RISK BAND 10|2020-06-29|9999-12-31|2020-07-01|121032
RB|O|SL|1|0.5700|SOLE TRADER LOW T/O RISK BAND 1|2020-06-29|9999-12-31|2020-07-01|121317
RB|O|SL|2|0.5700|SOLE TRADER LOW T/O RISK BAND 2|2020-06-29|9999-12-31|2020-07-01|121317
RB|O|SL|3|0.5700|SOLE TRADER LOW T/O RISK BAND 3|2020-06-29|9999-12-31|2020-07-01|121317
RB|O|SL|4|0.5000|SOLE TRADER LOW T/O RISK BAND 4|2020-06-29|9999-12-31|2020-07-01|121317
RB|O|SL|5|0.4400|SOLE TRADER LOW T/O RISK BAND 5|2020-06-29|9999-12-31|2020-07-01|121317
RB|O|SL|6|0.4000|SOLE TRADER LOW T/O RISK BAND 6|2020-06-29|9999-12-31|2020-07-01|121317
RB|O|SL|7|0.3600|SOLE TRADER LOW T/O RISK BAND 7|2020-06-29|9999-12-31|2020-07-01|121317
RB|O|SL|8|0.0000|SOLE TRADER LOW T/O RISK BAND 8|2020-06-29|9999-12-31|2020-07-01|121317
RB|O|SL|9|0.0000|SOLE TRADER LOW T/O RISK BAND 9|2020-06-29|9999-12-31|2020-07-01|121317
RB|O|SL|10|0.0000|SOLE TRADER LOW T/O RISK BAND 10|2020-06-29|9999-12-31|2020-07-01|121317
RB|O|LM|1|0.5700|LTD/PARTNER MEDIUM T/O RISK BAND 1|2020-06-29|9999-12-31|2020-07-01|121416
RB|O|LM|2|0.5700|LTD/PARTNER MEDIUM T/O RISK BAND 2|2020-06-29|9999-12-31|2020-07-01|121416
RB|O|LM|3|0.5700|LTD/PARTNER MEDIUM T/O RISK BAND 3|2020-06-29|9999-12-31|2020-07-01|121416
RB|O|LM|4|0.5000|LTD/PARTNER MEDIUM T/O RISK BAND 4|2020-06-29|9999-12-31|2020-07-01|121416
RB|O|LM|5|0.4400|LTD/PARTNER MEDIUM T/O RISK BAND 5|2020-06-29|9999-12-31|2020-07-01|121416
RB|O|LM|6|0.4000|LTD/PARTNER MEDIUM T/O RISK BAND 6|2020-06-29|9999-12-31|2020-07-01|121416
RB|O|LM|7|0.3600|LTD/PARTNER MEDIUM T/O RISK BAND 7|2020-06-29|9999-12-31|2020-07-01|121416
RB|O|LM|8|0.0000|LTD/PARTNER MEDIUM T/O RISK BAND 8|2020-06-29|9999-12-31|2020-07-01|121416
RB|O|LM|9|0.0000|LTD/PARTNER MEDIUM T/O RISK BAND 9|2020-06-29|9999-12-31|2020-07-01|121416
RB|O|LM|10|0.0000|LTD/PARTNER MEDIUM T/O RISK BAND 10|2020-06-29|9999-12-31|2020-07-01|121416
RB|O|LL|1|0.5700|LTD/PARTNER LOW T/O RISK BAND 1|2020-06-29|9999-12-31|2020-07-01|121441
RB|O|LL|2|0.5700|LTD/PARTNER LOW T/O RISK BAND 2|2020-06-29|9999-12-31|2020-07-01|121441
RB|O|LL|3|0.5700|LTD/PARTNER LOW T/O RISK BAND 3|2020-06-29|9999-12-31|2020-07-01|121441
RB|O|LL|4|0.5000|LTD/PARTNER LOW T/O RISK BAND 4|2020-06-29|9999-12-31|2020-07-01|121442
RB|O|LL|5|0.4400|LTD/PARTNER LOW T/O RISK BAND 5|2020-06-29|9999-12-31|2020-07-01|121442
RB|O|LL|6|0.4000|LTD/PARTNER LOW T/O RISK BAND 6|2020-06-29|9999-12-31|2020-07-01|121442
RB|O|LL|7|0.3600|LTD/PARTNER LOW T/O RISK BAND 7|2020-06-29|9999-12-31|2020-07-01|121442
RB|O|LL|8|0.0000|LTD/PARTNER LOW T/O RISK BAND 8|2020-06-29|9999-12-31|2020-07-01|121442
RB|O|LL|9|0.0000|LTD/PARTNER LOW T/O RISK BAND 9|2020-06-29|9999-12-31|2020-07-01|121442
RB|O|LL|10|0.0000|LTD/PARTNER LOW T/O RISK BAND 10|2020-06-29|9999-12-31|2020-07-01|121442
RB|O|SU|1|0.5000|SOLE TRADER ULTRA-HIGH T/O RISK BAND 1|2020-06-29|9999-12-31|2020-07-01|130352
RB|O|SU|10|0.0000|SOLE TRADER ULTRA-HIGH T/O RISK BAND 10|2020-06-29|9999-12-31|2020-07-01|130352
RB|O|SU|2|0.5000|SOLE TRADER ULTRA-HIGH T/O RISK BAND 2|2020-06-29|9999-12-31|2020-07-01|130352
RB|O|SU|3|0.5000|SOLE TRADER ULTRA-HIGH T/O RISK BAND 3|2020-06-29|9999-12-31|2020-07-01|130352
RB|O|SU|4|0.4400|SOLE TRADER ULTRA-HIGH T/O RISK BAND 4|2020-06-29|9999-12-31|2020-07-01|130352
RB|O|SU|5|0.4000|SOLE TRADER ULTRA-HIGH T/O RISK BAND 5|2020-06-29|9999-12-31|2020-07-01|130352
RB|O|SU|6|0.3600|SOLE TRADER ULTRA-HIGH T/O RISK BAND 6|2020-06-29|9999-12-31|2020-07-01|130352
RB|O|SU|7|0.3300|SOLE TRADER ULTRA-HIGH T/O RISK BAND 7|2020-06-29|9999-12-31|2020-07-01|130352
RB|O|SU|8|0.0000|SOLE TRADER ULTRA-HIGH T/O RISK BAND 8|2020-06-29|9999-12-31|2020-07-01|130352
RB|O|SU|9|0.0000|SOLE TRADER ULTRA-HIGH T/O RISK BAND 9|2020-06-29|9999-12-31|2020-07-01|130352
RB|O|LU|1|0.5000|LTD/PARTNER ULTRA-HIGH T/O RISK BAND 1|2020-06-29|9999-12-31|2020-07-01|130354
RB|O|LU|10|0.0000|LTD/PARTNER ULTRA-HIGH T/O RISK BAND 10|2020-06-29|9999-12-31|2020-07-01|130354
RB|O|LU|2|0.5000|LTD/PARTNER ULTRA-HIGH T/O RISK BAND 2|2020-06-29|9999-12-31|2020-07-01|130354
RB|O|LU|3|0.5000|LTD/PARTNER ULTRA-HIGH T/O RISK BAND 3|2020-06-29|9999-12-31|2020-07-01|130354
RB|O|LU|4|0.4400|LTD/PARTNER ULTRA-HIGH T/O RISK BAND 4|2020-06-29|9999-12-31|2020-07-01|130354
RB|O|LU|5|0.4000|LTD/PARTNER ULTRA-HIGH T/O RISK BAND 5|2020-06-29|9999-12-31|2020-07-01|130354
RB|O|LU|6|0.3600|LTD/PARTNER ULTRA-HIGH T/O RISK BAND 6|2020-06-29|9999-12-31|2020-07-01|130354
RB|O|LU|7|0.3300|LTD/PARTNER ULTRA-HIGH T/O RISK BAND 7|2020-06-29|9999-12-31|2020-07-01|130354
RB|O|LU|8|0.0000|LTD/PARTNER ULTRA-HIGH T/O RISK BAND 8|2020-06-29|9999-12-31|2020-07-01|130354
RB|O|LU|9|0.0000|LTD/PARTNER ULTRA-HIGH T/O RISK BAND 9|2020-06-29|9999-12-31|2020-07-01|130354
OUTMAX|X|SH|\N|25000.0000|SOLE TRADER HIGH T/O OUTGOINGS MAX|2016-12-01|9999-12-31|2017-01-23|60159
OUTMAX|X|LH|\N|25000.0000|LTD/PARTNER HIGH T/O OUTGOINGS MAX|2016-12-01|9999-12-31|2017-02-17|120646
OUTMAX|X|SM|\N|25000.0000|SOLE TRADER MEDIUM T/O OUTGOINGS MAX|2016-12-01|9999-12-31|2017-06-02|121033
OUTMAX|X|SL|\N|25000.0000|SOLE TRADER LOW T/O OUTGOINGS MAX|2016-12-01|9999-12-31|2017-06-02|121318
OUTMAX|X|LM|\N|25000.0000|LTD/PARTNER MEDIUM T/O OUTGOINGS MAX|2016-12-01|9999-12-31|2017-06-02|121416
OUTMAX|X|LL|\N|25000.0000|LTD/PARTNER LOW T/O OUTGOINGS MAX|2016-12-01|9999-12-31|2017-06-02|121442
OUTMAX|X|SU|\N|25000.0000|SOLE TRADER ULTRA-HIGH T/O OUTGOINGS MAX|2018-10-01|9999-12-31|2018-09-24|130352
OUTMAX|X|LU|\N|25000.0000|LTD/PARTNER ULTRA-HIGH T/O OUTGOINGS MAX|2018-10-01|9999-12-31|2018-09-24|130353
OUTMAX|O|SH|\N|25000.0000|SOLE TRADER HIGH T/O OUTGOINGS MAX|2020-06-29|9999-12-31|2020-07-01|60159
OUTMAX|O|LH|\N|25000.0000|LTD/PARTNER HIGH T/O OUTGOINGS MAX|2020-06-29|9999-12-31|2020-07-01|120646
OUTMAX|O|SM|\N|25000.0000|SOLE TRADER MEDIUM T/O OUTGOINGS MAX|2020-06-29|9999-12-31|2020-07-01|121033
OUTMAX|O|SL|\N|25000.0000|SOLE TRADER LOW T/O OUTGOINGS MAX|2020-06-29|9999-12-31|2020-07-01|121318
OUTMAX|O|LM|\N|25000.0000|LTD/PARTNER MEDIUM T/O OUTGOINGS MAX|2020-06-29|9999-12-31|2020-07-01|121416
OUTMAX|O|LL|\N|25000.0000|LTD/PARTNER LOW T/O OUTGOINGS MAX|2020-06-29|9999-12-31|2020-07-01|121442
OUTMAX|O|SU|\N|25000.0000|SOLE TRADER ULTRA-HIGH T/O OUTGOINGS MAX|2020-06-29|9999-12-31|2020-07-01|130352
OUTMAX|O|LU|\N|25000.0000|LTD/PARTNER ULTRA-HIGH T/O OUTGOINGS MAX|2020-06-29|9999-12-31|2020-07-01|130353
ROUND_LIMIT|X|SH|\N|50.0000|SOLE TRADER HIGH T/O ROUND LIMITS|2016-12-01|9999-12-31|2017-01-23|60200
ROUND_LIMIT|X|LH|\N|50.0000|LTD/PARTNER HIGH T/O ROUND LIMITS|2016-12-01|9999-12-31|2017-02-17|120646
ROUND_LIMIT|X|SM|\N|50.0000|SOLE TRADER MEDIUM T/O ROUND LIMITS|2016-12-01|9999-12-31|2017-06-02|121033
ROUND_LIMIT|X|SL|\N|50.0000|SOLE TRADER LOW T/O ROUND LIMITS|2016-12-01|9999-12-31|2017-06-02|121318
ROUND_LIMIT|X|LM|\N|50.0000|LTD/PARTNER MEDIUM T/O ROUND LIMITS|2016-12-01|9999-12-31|2017-06-02|121417
ROUND_LIMIT|X|LL|\N|50.0000|LTD/PARTNER LOW T/O ROUND LIMITS|2016-12-01|9999-12-31|2017-06-02|121443
ROUND_LIMIT|X|SU|\N|50.0000|SOLE TRADER ULTRA-HIGH T/O ROUND LIMITS|2018-10-01|9999-12-31|2018-09-24|130352
ROUND_LIMIT|X|LU|\N|50.0000|LTD/PARTNER ULTRA-HIGH T/O ROUND LIMITS|2018-10-01|9999-12-31|2018-09-24|130354
ROUND_LIMIT|K|AG|\N|50.0000|ROUND_LIMIT|2019-01-18|9999-12-31|2019-03-28|82412
ROUND_LIMIT|K|OT|\N|50.0000|ROUND_LIMIT|2019-01-18|9999-12-31|2019-03-28|82412
ROUND_LIMIT|O|SH|\N|50.0000|SOLE TRADER HIGH T/O ROUND LIMITS|2020-06-29|9999-12-31|2020-07-01|60200
ROUND_LIMIT|O|LH|\N|50.0000|LTD/PARTNER HIGH T/O ROUND LIMITS|2020-06-29|9999-12-31|2020-07-01|120646
ROUND_LIMIT|O|SM|\N|50.0000|SOLE TRADER MEDIUM T/O ROUND LIMITS|2020-06-29|9999-12-31|2020-07-01|121033
ROUND_LIMIT|O|SL|\N|50.0000|SOLE TRADER LOW T/O ROUND LIMITS|2020-06-29|9999-12-31|2020-07-01|121318
ROUND_LIMIT|O|LM|\N|50.0000|LTD/PARTNER MEDIUM T/O ROUND LIMITS|2020-06-29|9999-12-31|2020-07-01|121417
ROUND_LIMIT|O|LL|\N|50.0000|LTD/PARTNER LOW T/O ROUND LIMITS|2020-06-29|9999-12-31|2020-07-01|121443
ROUND_LIMIT|O|SU|\N|50.0000|SOLE TRADER ULTRA-HIGH T/O ROUND LIMITS|2020-06-29|9999-12-31|2020-07-01|130352
ROUND_LIMIT|O|LU|\N|50.0000|LTD/PARTNER ULTRA-HIGH T/O ROUND LIMITS|2020-06-29|9999-12-31|2020-07-01|130354
INTERCEPT|K|AG|\N|2.0000|INTERCEPT|2019-01-18|9999-12-31|2019-03-28|82412
INTERCEPT|K|OT|\N|2.0000|INTERCEPT|2019-01-18|9999-12-31|2019-03-28|82412