MNYRCMRBCT|EM013|10000.0|ABSOLUTE|2017-10-20|9999-12-31|INVALID RELATED CUSTOMER TYPE|2017-11-13|105030
MTYFBTPROB|EM015|100.0|PERCENTAGE|2011-01-01|9999-12-31|RECORD FLAG T BUT REPLACE NOT ALLOWED|2013-08-08|133739
DLYRCMCLMT|EM010|10000.0|ABSOLUTE|2017-10-20|9999-12-31|INVALID RECORD FLAG|2017-11-13|105026
DLYCUSTPER|EM045|100.0|PERCENTAGE|2011-01-01|9999-12-31|INVALID INPUT CIN|2013-08-08|133730
MTYPALSCR|EM014|100.0|PERCENTAGE|2011-01-01|9999-12-31|INVALID VALUE IN RECORD LEVEL FLAG|2013-08-08|133739
DLYCUSTPER|EM034|100.0|PERCENTAGE|2011-01-01|9999-12-31|DATA SUPPLIED - INVALID UPDATE VALUE CR|2013-08-08|133727
DLYRSTPROB|EM013|101.0|PERCENTAGE|2011-01-01|9999-12-31|RECORD FLAG ? BUT NO LEGACY RECORD|2013-08-08|133739
MTYFBTPROB|EM025|100.0|PERCENTAGE|2011-01-01|9999-12-31|NOT CDE OWNED HAS LEGACY DATA RECORD F|2013-11-13|110413
DLYRSTPROB|EM005|101.0|PERCENTAGE|2011-01-01|9999-12-31|CDE OWN ACCOUNT BUT NO EDW RESULT DATA|2013-08-08|133729
DLYFBTPROB|EM022|101.0|PERCENTAGE|2011-01-01|9999-12-31|FIELD VALIDATION FAILED|2013-08-08|133731
DLYPREPAL|EM012|50000.0|ABSOLUTE|2011-01-01|9999-12-31|RECORD FLAG F BUT IGNORE NOT ALLOWED|2013-08-08|133728
DLYRSTPROB|EM015|101.0|PERCENTAGE|2011-01-01|9999-12-31|RECORD FLAG T BUT REPLACE NOT ALLOWED|2013-08-08|133728
DLYPREPAL|EM010|50000.0|ABSOLUTE|2011-01-01|9999-12-31|RECORD FLAG T BUT INSERT NOT ALLOWED|2013-08-08|133740
DLYRCMCLMT|EM016|10000.0|ABSOLUTE|2017-10-20|9999-12-31|INVALID EXPIRY OR REVIEW DATE|2017-11-13|105027
DLYFBTPROB|EM021|101.0|PERCENTAGE|2011-01-01|9999-12-31|RECORD NOT IN PREVIOUS DAY MAPPED FILE|2013-08-08|133736
MTYFBTPROB|EM001|100.0|PERCENTAGE|2011-01-01|9999-12-31|CDE OWN ACCOUNT - NO DATA FROM EDW|2013-08-08|133728
MTYRSTPROB|EM006|1.0E8|ABSOLUTE|2011-01-01|9999-12-31|CDE OWN ACCOUNT BUT RECORD LEVEL FLAG F|2013-08-08|133739
MNYRCMRBCT|EM011|10000.0|ABSOLUTE|2017-10-20|9999-12-31|INVALID RELATED ID|2017-11-13|105029
DLYCUSTPER|EM048|100.0|PERCENTAGE|2011-01-01|9999-12-31|INVALID SEGMENT CODE|2014-01-13|131630
MNYRCMCLMT|EM016|10000.0|ABSOLUTE|2017-10-20|9999-12-31|INVALID EXPIRY OR REVIEW DATE|2017-11-13|105028
MNYRCMCLMT|EM013|10000.0|ABSOLUTE|2017-10-20|9999-12-31|INVALID LIMIT TYPE|2017-11-13|105028
DLYFBTPROB|EM002|101.0|PERCENTAGE|2011-01-01|9999-12-31|NO FEEDBACK RECORD FROM EDW|2013-08-08|133739
DLYPREPAL|EM013|50000.0|ABSOLUTE|2011-01-01|9999-12-31|RECORD FLAG ? BUT NO LEGACY RECORD|2013-08-08|133740
DLYFBTPROB|EM013|101.0|PERCENTAGE|2011-01-01|9999-12-31|RECORD FLAG ? BUT NO LEGACY RECORD|2013-08-08|133737
DLYFBTPROB|EM005|101.0|PERCENTAGE|2011-01-01|9999-12-31|CDE OWN ACCOUNT BUT NO EDW RESULT DATA|2013-08-08|133738
DLYFBTPROB|EM014|101.0|PERCENTAGE|2011-01-01|9999-12-31|INVALID VALUE IN RECORD LEVEL FLAG|2013-08-08|133729
DLYPALSCR|EM015|50000.0|ABSOLUTE|2011-01-01|9999-12-31|RECORD FLAG T BUT REPLACE NOT ALLOWED|2013-08-08|133733
MNYRCMCLMT|EM012|10000.0|ABSOLUTE|2017-10-20|9999-12-31|INVALID ARRGMT ID|2017-11-13|105027
MTYRSTPROB|EM017|1.0E8|ABSOLUTE|2011-01-01|9999-12-31|RECORD FLAG ? BUT UPDATE NOT ALLOWED|2013-08-08|133739
MTYPALSCR|EM022|100.0|PERCENTAGE|2011-01-01|9999-12-31|FIELD VALIDATION FAILED|2013-08-08|133737
MTYPALSCR|EM012|100.0|PERCENTAGE|2011-01-01|9999-12-31|RECORD FLAG F BUT IGNORE NOT ALLOWED|2013-08-08|133741
MNYRCMRBCN|EM012|10000.0|ABSOLUTE|2017-10-20|9999-12-31|INVALID LEAD CUSTOMER TYPE|2017-11-13|105029
DLYCUSTPER|EM039|100.0|PERCENTAGE|2011-01-01|9999-12-31|OLD VALUE NOT MATCHING WITH DB VALUE SH|2013-08-08|133727
MTYPALSCR|EM018|100.0|PERCENTAGE|2011-01-01|9999-12-31|RECORD FLAG ? ALL FLD FLG F OR SPACES|2013-08-08|133728
DLYCUSTPER|EM026|100.0|PERCENTAGE|2011-01-01|9999-12-31|DATA SUPPLIED - INVALID UPDATE IND   SP|2013-08-08|133740
DLYCUSTPER|EM014|100.0|PERCENTAGE|2011-01-01|9999-12-31|INVALID VALUE IN RECORD LEVEL FLAG|2014-01-13|131630
MNYRCMCLMT|EM015|10000.0|ABSOLUTE|2017-10-20|9999-12-31|INVALID LAST UPDATE USER|2017-11-13|105028
MNYRCMRBCT|EM016|10000.0|ABSOLUTE|2017-10-20|9999-12-31|FIELD VALIDATION FAILED|2017-11-13|105030
DLYPALSCR|EM010|50000.0|ABSOLUTE|2011-01-01|9999-12-31|RECORD FLAG T BUT INSERT NOT ALLOWED|2013-08-08|133739
DLYPALSCR|EM012|50000.0|ABSOLUTE|2011-01-01|9999-12-31|RECORD FLAG F BUT IGNORE NOT ALLOWED|2013-08-08|133738
DLYRCMCLMT|EM017|10000.0|ABSOLUTE|2017-10-20|9999-12-31|RECORD FLAG F BUT NO LEGACY RECORD|2017-11-13|105027
MTYFBTPROB|EM016|100.0|PERCENTAGE|2011-01-01|9999-12-31|RECORD FLAG ? BUT FIELD FLAG INVALID|2013-08-08|133736
DLYRSTPROB|EM021|101.0|PERCENTAGE|2011-01-01|9999-12-31|RECORD NOT IN PREVIOUS DAY MAPPED FILE|2013-08-08|133740
MTYRSTPROB|EM025|100.0|PERCENTAGE|2011-01-01|9999-12-31|NOT CDE OWNED HAS LEGACY DATA RECORD F|2013-11-13|110413
DLYCUSTPER|EM042|100.0|PERCENTAGE|2011-01-01|9999-12-31|OLD VALUE NOT MATCHING WITH DB VALUE SE|2013-08-08|133735
DLYFBTPROB|EM003|101.0|PERCENTAGE|2011-01-01|9999-12-31|NO RESULT RECORD FROM EDW|2013-08-08|133727
DLYPREPAL|EM014|50000.0|ABSOLUTE|2011-01-01|9999-12-31|INVALID VALUE IN RECORD LEVEL FLAG|2013-08-08|133733
DLYPREPAL|EM016|50000.0|ABSOLUTE|2011-01-01|9999-12-31|RECORD FLAG ? BUT FIELD FLAG INVALID|2013-08-08|133727
DLYFBTPROB|EM025|101.0|PERCENTAGE|2011-01-01|9999-12-31|NOT CDE OWNED HAS LEGACY DATA RECORD F|2013-11-13|110413
DLYFBTPROB|EM016|101.0|PERCENTAGE|2011-01-01|9999-12-31|RECORD FLAG ? BUT FIELD FLAG INVALID|2013-08-08|133740
DLYRSTPROB|EM006|101.0|PERCENTAGE|2011-01-01|9999-12-31|CDE OWN ACCOUNT BUT RECORD LEVEL FLAG F|2013-08-08|133739
MTYFBTPROB|EM014|100.0|PERCENTAGE|2011-01-01|9999-12-31|INVALID VALUE IN RECORD LEVEL FLAG|2013-08-08|133727
MTYFBTPROB|EM007|100.0|PERCENTAGE|2011-01-01|9999-12-31|CDE OWN ACCOUNT - NO EDW RSLT,FDBAK DATA|2013-08-08|133728
MTYFBTPROB|EM011|100.0|PERCENTAGE|2011-01-01|9999-12-31|RECORD FLAG F BUT NO LEGACY RECORD|2013-08-08|133740
MTYRSTPROB|EM015|1.0E8|ABSOLUTE|2011-01-01|9999-12-31|RECORD FLAG T BUT REPLACE NOT ALLOWED|2013-08-08|133741
DLYRSTPROB|EM017|101.0|PERCENTAGE|2011-01-01|9999-12-31|RECORD FLAG ? BUT UPDATE NOT ALLOWED|2013-08-08|133741
DLYRCMCLMT|EM013|10000.0|ABSOLUTE|2017-10-20|9999-12-31|INVALID LIMIT TYPE|2017-11-13|105026
MNYRCMCLMT|EM011|10000.0|ABSOLUTE|2017-10-20|9999-12-31|INVALID CUSTOMER ID|2017-11-13|105027
MNYRCMCLMT|EM017|10000.0|ABSOLUTE|2017-10-20|9999-12-31|RECORD FLAG F BUT NO LEGACY RECORD|2017-11-13|105028
MTYFBTPROB|EM005|100.0|PERCENTAGE|2011-01-01|9999-12-31|CDE OWN ACCOUNT BUT NO EDW RESULT DATA|2013-08-08|133731
DLYRSTPROB|EM004|101.0|PERCENTAGE|2011-01-01|9999-12-31|CDE OWN ACCOUNT BUT NO EDW FEEDBACK DATA|2013-08-08|133740
MTYRSTPROB|EM022|1.0E8|ABSOLUTE|2011-01-01|9999-12-31|FIELD VALIDATION FAILED|2013-08-08|133741
DLYPREPAL|EM018|50000.0|ABSOLUTE|2011-01-01|9999-12-31|RECORD FLAG ? ALL FLD FLG F OR SPACES|2013-08-08|133731
DLYCUSTPER|EM030|100.0|PERCENTAGE|2011-01-01|9999-12-31|DATA SUPPLIED - INVALID UPDATE IND   SE|2013-08-08|133741
MNYRCMRBCN|EM014|10000.0|ABSOLUTE|2017-10-20|9999-12-31|INVALID RECORD LEVEL FLAG|2017-11-13|105029
DLYPREPAL|EM023|50000.0|ABSOLUTE|2011-01-01|9999-12-31|RECORD LEVEL FLAG F FOR EXISTING DATA|2013-08-08|133727
MTYRSTPROB|EM008|1.0E8|ABSOLUTE|2011-01-01|9999-12-31|ERROR ACCOUNT NOT IN FULL RESULT FILE|2013-08-08|133728
MTYRSTPROB|EM014|1.0E8|ABSOLUTE|2011-01-01|9999-12-31|INVALID VALUE IN RECORD LEVEL FLAG|2013-08-08|133740
MTYFBTPROB|EM008|100.0|PERCENTAGE|2011-01-01|9999-12-31|ERROR ACCOUNT NOT IN FULL RESULT FILE|2013-08-08|133728
DLYFBTPROB|EM017|101.0|PERCENTAGE|2011-01-01|9999-12-31|RECORD FLAG ? BUT UPDATE NOT ALLOWED|2013-08-08|133727
MNYRCMCLMT|EM010|10000.0|ABSOLUTE|2017-10-20|9999-12-31|INVALID RECORD FLAG|2017-11-13|105027
DLYFBTPROB|EM012|101.0|PERCENTAGE|2011-01-01|9999-12-31|RECORD FLAG F BUT IGNORE NOT ALLOWED|2013-08-08|133740
DLYCUSTPER|EM028|100.0|PERCENTAGE|2011-01-01|9999-12-31|DATA SUPPLIED - INVALID UPDATE IND   CG|2013-08-08|133728
DLYCUSTPER|EM036|100.0|PERCENTAGE|2011-01-01|9999-12-31|DATA SUPPLIED - INVALID UPDATE VALUE SE|2013-08-08|133738
MNYRCMRBCT|EM015|10000.0|ABSOLUTE|2017-10-20|9999-12-31|NONE OF THE FIELD FLAGS IS TRUE|2017-11-13|105030
DLYPALSCR|EM018|50000.0|ABSOLUTE|2011-01-01|9999-12-31|RECORD FLAG ? ALL FLD FLG F OR SPACES|2013-08-08|133739
MNYRCMRBCT|EM017|10000.0|ABSOLUTE|2017-10-20|9999-12-31|RECORD FLAG F OR ? BUT NO LEGACY RECORD|2017-11-13|105030
DLYRSTPROB|EM008|101.0|PERCENTAGE|2011-01-01|9999-12-31|ERROR ACCOUNT NOT IN FULL RESULT FILE|2013-08-08|133738
MNYRCMRBCN|EM017|10000.0|ABSOLUTE|2017-10-20|9999-12-31|RECORD FLAG F OR ? BUT NO LEGACY RECORD|2017-11-13|105029
DLYCUSTPER|EM037|100.0|PERCENTAGE|2011-01-01|9999-12-31|DATA SUPPLIED - INVALID UPDATE VALUE PO|2013-08-08|133739
DLYRSTPROB|EM012|101.0|PERCENTAGE|2011-01-01|9999-12-31|RECORD FLAG F BUT IGNORE NOT ALLOWED|2013-08-08|133737
DLYFBTPROB|EM006|101.0|PERCENTAGE|2011-01-01|9999-12-31|CDE OWN ACCOUNT BUT RECORD LEVEL FLAG F|2013-08-08|133727
DLYPALSCR|EM014|50000.0|ABSOLUTE|2011-01-01|9999-12-31|INVALID VALUE IN RECORD LEVEL FLAG|2013-08-08|133729
MTYFBTPROB|EM017|100.0|PERCENTAGE|2011-01-01|9999-12-31|RECORD FLAG ? BUT UPDATE NOT ALLOWED|2013-08-08|133730
DLYRCMCLMT|EM015|10000.0|ABSOLUTE|2017-10-20|9999-12-31|INVALID LAST UPDATE USER|2017-11-13|105027
MTYFBTPROB|EM021|100.0|PERCENTAGE|2011-01-01|9999-12-31|RECORD NOT IN PREVIOUS DAY MAPPED FILE|2013-08-08|133727
DLYCUSTPER|EM038|100.0|PERCENTAGE|2011-01-01|9999-12-31|OLD VALUE NOT MATCHING WITH DB VALUE SP|2013-08-08|133739
MTYFBTPROB|EM002|100.0|PERCENTAGE|2011-01-01|9999-12-31|NO FEEDBACK RECORD FROM EDW|2013-08-08|133739
DLYCUSTPER|EM031|100.0|PERCENTAGE|2011-01-01|9999-12-31|DATA SUPPLIED - INVALID UPDATE IND   PO|2013-08-08|133730
DLYCUSTPER|EM043|100.0|PERCENTAGE|2011-01-01|9999-12-31|OLD VALUE NOT MATCHING WITH DB VALUE PO|2013-08-08|133737
DLYFBTPROB|EM007|101.0|PERCENTAGE|2011-01-01|9999-12-31|CDE OWN ACCOUNT - NO EDW RSLT,FDBAK DATA|2013-08-08|133740
DLYFBTPROB|EM015|101.0|PERCENTAGE|2011-01-01|9999-12-31|RECORD FLAG T BUT REPLACE NOT ALLOWED|2013-08-08|133741
MTYRSTPROB|EM001|1.0E8|ABSOLUTE|2011-01-01|9999-12-31|CDE OWN ACCOUNT - NO DATA FROM EDW|2013-08-08|133730
MNYRCMRBCT|EM010|10000.0|ABSOLUTE|2017-10-20|9999-12-31|INVALID LEAD ID|2017-11-13|105029
DLYRCMCLMT|EM011|10000.0|ABSOLUTE|2017-10-20|9999-12-31|INVALID CUSTOMER ID|2017-11-13|105026
MNYRCMRBCT|EM012|10000.0|ABSOLUTE|2017-10-20|9999-12-31|INVALID LEAD CUSTOMER TYPE|2017-11-13|105030
DLYCUSTPER|EM044|100.0|PERCENTAGE|2011-01-01|9999-12-31|FILE NOT PROCESSED|2013-08-08|133740
MTYRSTPROB|EM009|1.0E8|ABSOLUTE|2011-01-01|9999-12-31|ERROR ACCOUNT NOT IN FULL FEEDBACK FILE|2013-08-08|133741
MNYRCMCLMT|EM014|10000.0|ABSOLUTE|2017-10-20|9999-12-31|INVALID CURRENT INDICATOR|2017-11-13|105028
MTYFBTPROB|EM022|1.0E8|ABSOLUTE|2011-01-01|9999-12-31|FIELD VALIDATION FAILED|2013-08-08|133740
DLYCUSTPER|EM029|100.0|PERCENTAGE|2011-01-01|9999-12-31|DATA SUPPLIED - INVALID UPDATE IND   CR|2013-08-08|133740
DLYCUSTPER|EM035|100.0|PERCENTAGE|2011-01-01|9999-12-31|DATA SUPPLIED - INVALID UPDATE VALUE CG|2013-08-08|133733
MNYRCMRBCN|EM015|10000.0|ABSOLUTE|2017-10-20|9999-12-31|NONE OF THE FIELD FLAGS IS TRUE|2017-11-13|105029
DLYCUSTPER|EM027|100.0|PERCENTAGE|2011-01-01|9999-12-31|DATA SUPPLIED - INVALID UPDATE IND   SH|2013-08-08|133740
MNYRCMRBCN|EM011|10000.0|ABSOLUTE|2017-10-20|9999-12-31|INVALID RELATED ID|2017-11-13|105029
MTYRSTPROB|EM018|1.0E8|ABSOLUTE|2011-01-01|9999-12-31|RECORD FLAG ? ALL FLD FLG F OR SPACES|2013-08-08|133731
DLYRSTPROB|EM014|101.0|PERCENTAGE|2011-01-01|9999-12-31|INVALID VALUE IN RECORD LEVEL FLAG|2013-08-08|133740
DLYRSTPROB|EM002|101.0|PERCENTAGE|2011-01-01|9999-12-31|NO FEEDBACK RECORD FROM EDW|2013-08-08|133740
DLYPREPAL|EM022|50000.0|ABSOLUTE|2011-01-01|9999-12-31|FIELD VALIDATION FAILED|2013-08-08|133733
MTYRSTPROB|EM010|1.0E8|ABSOLUTE|2011-01-01|9999-12-31|RECORD FLAG T BUT INSERT NOT ALLOWED|2013-08-08|133739
DLYRCMCLMT|EM018|10000.0|ABSOLUTE|2017-10-20|9999-12-31|INVALID LIMIT VALUE|2017-11-13|105027
DLYRSTPROB|EM003|101.0|PERCENTAGE|2011-01-01|9999-12-31|NO RESULT RECORD FROM EDW|2013-08-08|133739
DLYRCMCLMT|EM014|10000.0|ABSOLUTE|2017-10-20|9999-12-31|INVALID CURRENT INDICATOR|2017-11-13|105026
DLYRSTPROB|EM025|101.0|PERCENTAGE|2011-01-01|9999-12-31|NOT CDE OWNED HAS LEGACY DATA RECORD F|2013-11-13|110413
MTYRSTPROB|EM012|1.0E8|ABSOLUTE|2011-01-01|9999-12-31|RECORD FLAG F BUT IGNORE NOT ALLOWED|2013-08-08|133741
MTYRSTPROB|EM016|1.0E8|ABSOLUTE|2011-01-01|9999-12-31|RECORD FLAG ? BUT FIELD FLAG INVALID|2013-08-08|133727
DLYRSTPROB|EM007|101.0|PERCENTAGE|2011-01-01|9999-12-31|CDE OWN ACCOUNT - NO EDW RSLT,FDBAK DATA|2013-08-08|133727
MTYRSTPROB|EM004|1.0E8|ABSOLUTE|2011-01-01|9999-12-31|CDE OWN ACCOUNT BUT NO EDW FEEDBACK DATA|2013-08-08|133727
DLYFBTPROB|EM001|101.0|PERCENTAGE|2011-01-01|9999-12-31|CDE OWN ACCOUNT - NO DATA FROM EDW|2013-08-08|133727
MTYFBTPROB|EM012|100.0|PERCENTAGE|2011-01-01|9999-12-31|RECORD FLAG F BUT IGNORE NOT ALLOWED|2013-08-08|133740
DLYCUSTPER|CNTRL|0.0|A|2011-01-01|9999-12-31||2013-08-08|133734
MNYRCMRBCN|EM013|10000.0|ABSOLUTE|2017-10-20|9999-12-31|INVALID RELATED CUSTOMER TYPE|2017-11-13|105029
MTYRSTPROB|EM005|1.0E8|ABSOLUTE|2011-01-01|9999-12-31|CDE OWN ACCOUNT BUT NO EDW RESULT DATA|2013-08-08|133735
MTYRSTPROB|EM013|1.0E8|ABSOLUTE|2011-01-01|9999-12-31|RECORD FLAG ? BUT NO LEGACY RECORD|2013-08-08|133741
DLYRSTPROB|EM010|101.0|PERCENTAGE|2011-01-01|9999-12-31|RECORD FLAG T BUT INSERT NOT ALLOWED|2013-08-08|133727
MNYRCMRBCN|EM016|10000.0|ABSOLUTE|2017-10-20|9999-12-31|FIELD VALIDATION FAILED|2017-11-13|105029
MTYFBTPROB|EM009|100.0|PERCENTAGE|2011-01-01|9999-12-31|ERROR ACCOUNT NOT IN FULL FEEDBACK FILE|2013-08-08|133731
MNYRCMCLMT|EM018|10000.0|ABSOLUTE|2017-10-20|9999-12-31|INVALID LIMIT VALUE|2017-11-13|105029
DLYRSTPROB|EM016|101.0|PERCENTAGE|2011-01-01|9999-12-31|RECORD FLAG ? BUT FIELD FLAG INVALID|2013-08-08|133731
DLYFBTPROB|EM018|101.0|PERCENTAGE|2011-01-01|9999-12-31|RECORD FLAG ? ALL FLD FLG F OR SPACES|2013-08-08|133740
MTYFBTPROB|EM013|100.0|PERCENTAGE|2011-01-01|9999-12-31|RECORD FLAG ? BUT NO LEGACY RECORD|2013-08-08|133740
MTYRSTPROB|EM002|1.0E8|ABSOLUTE|2011-01-01|9999-12-31|NO FEEDBACK RECORD FROM EDW|2013-08-08|133740
MTYFBTPROB|EM006|100.0|PERCENTAGE|2011-01-01|9999-12-31|CDE OWN ACCOUNT BUT RECORD LEVEL FLAG F|2013-08-08|133728
MTYFBTPROB|EM018|100.0|PERCENTAGE|2011-01-01|9999-12-31|RECORD FLAG ? ALL FLD FLG F OR SPACES|2013-08-08|133739
MTYFBTPROB|EM004|100.0|PERCENTAGE|2011-01-01|9999-12-31|CDE OWN ACCOUNT BUT NO EDW FEEDBACK DATA|2013-08-08|133739
DLYCUSTPER|EM040|100.0|PERCENTAGE|2011-01-01|9999-12-31|OLD VALUE NOT MATCHING WITH DB VALUE CG|2013-08-08|133730
DLYFBTPROB|EM004|101.0|PERCENTAGE|2011-01-01|9999-12-31|CDE OWN ACCOUNT BUT NO EDW FEEDBACK DATA|2013-08-08|133728
DLYCUSTPER|EM041|100.0|PERCENTAGE|2011-01-01|9999-12-31|OLD VALUE NOT MATCHING WITH DB VALUE CR|2013-08-08|133739
DLYFBTPROB|EM009|101.0|PERCENTAGE|2011-01-01|9999-12-31|ERROR ACCOUNT NOT IN FULL FEEDBACK FILE|2013-08-08|133730
DLYRCMCLMT|EM012|10000.0|ABSOLUTE|2017-10-20|9999-12-31|INVALID ARRGMT ID|2017-11-13|105026
DLYRSTPROB|EM018|101.0|PERCENTAGE|2011-01-01|9999-12-31|RECORD FLAG ? ALL FLD FLG F OR SPACES|2013-08-08|133738
DLYFBTPROB|EM011|101.0|PERCENTAGE|2011-01-01|9999-12-31|RECORD FLAG F BUT NO LEGACY RECORD|2013-08-08|133738
DLYCUSTPER|EM047|100.0|PERCENTAGE|2011-01-01|9999-12-31|INVALID PORTFOLIO CODE|2014-01-13|131630
MTYFBTPROB|EM010|100.0|PERCENTAGE|2011-01-01|9999-12-31|RECORD FLAG T BUT INSERT NOT ALLOWED|2013-08-08|133728
MTYPALSCR|EM015|100.0|PERCENTAGE|2011-01-01|9999-12-31|RECORD FLAG T BUT REPLACE NOT ALLOWED|2013-08-08|133738
MNYRCMRBCN|EM010|10000.0|ABSOLUTE|2017-10-20|9999-12-31|INVALID LEAD ID|2017-11-13|105029
MTYRSTPROB|EM007|1.0E8|ABSOLUTE|2011-01-01|9999-12-31|CDE OWN ACCOUNT - NO EDW RSLT,FDBAK DATA|2013-08-08|133740
MTYRSTPROB|EM003|1.0E8|ABSOLUTE|2011-01-01|9999-12-31|NO RESULT RECORD FROM EDW|2013-08-08|133734
MNYRCMRBCT|EM014|10000.0|ABSOLUTE|2017-10-20|9999-12-31|INVALID RECORD LEVEL FLAG|2017-11-13|105030
MTYRSTPROB|EM021|100.0|PERCENTAGE|2011-01-01|9999-12-31|RECORD NOT IN PREVIOUS DAY MAPPED FILE|2013-08-08|133732
DLYRSTPROB|EM022|101.0|PERCENTAGE|2011-01-01|9999-12-31|FIELD VALIDATION FAILED|2013-08-08|133737
DLYPREPAL|EM024|50000.0|ABSOLUTE|2011-01-01|9999-12-31|RECORD FLAG F BUT NO LEGACY RECORD|2013-08-08|133738
DLYFBTPROB|EM008|101.0|PERCENTAGE|2011-01-01|9999-12-31|ERROR ACCOUNT NOT IN FULL RESULT FILE|2013-08-08|133739
DLYPREPAL|EM017|50000.0|ABSOLUTE|2011-01-01|9999-12-31|RECORD FLAG ? BUT UPDATE NOT ALLOWED|2013-08-08|133739
MTYRSTPROB|EM011|1.0E8|ABSOLUTE|2011-01-01|9999-12-31|RECORD FLAG F BUT NO LEGACY RECORD|2013-08-08|133740
DLYRSTPROB|EM009|101.0|PERCENTAGE|2011-01-01|9999-12-31|ERROR ACCOUNT NOT IN FULL FEEDBACK FILE|2013-08-08|133740
DLYRSTPROB|EM011|101.0|PERCENTAGE|2011-01-01|9999-12-31|RECORD FLAG F BUT NO LEGACY RECORD|2013-08-08|133738
DLYCUSTPER|EM046|100.0|PERCENTAGE|2011-01-01|9999-12-31|EMPTY FILE - NO DATA RECORD|2013-08-08|133728
DLYPREPAL|EM015|50000.0|ABSOLUTE|2011-01-01|9999-12-31|RECORD FLAG T BUT REPLACE NOT ALLOWED|2013-08-08|133739
MTYPALSCR|EM010|100.0|PERCENTAGE|2011-01-01|9999-12-31|RECORD FLAG T BUT INSERT NOT ALLOWED|2013-08-08|133728
DLYCUSTPER|EM032|100.0|PERCENTAGE|2011-01-01|9999-12-31|DATA SUPPLIED - INVALID UPDATE VALUE SP|2013-08-08|133739
DLYCUSTPER|EM033|100.0|PERCENTAGE|2011-01-01|9999-12-31|DATA SUPPLIED - INVALID UPDATE VALUE SH|2013-08-08|133736
MTYFBTPROB|EM003|100.0|PERCENTAGE|2011-01-01|9999-12-31|NO RESULT RECORD FROM EDW|2013-08-08|133728
DLYFBTPROB|EM010|101.0|PERCENTAGE|2011-01-01|9999-12-31|RECORD FLAG T BUT INSERT NOT ALLOWED|2013-08-08|133740
DLYPALSCR|EM022|50000.0|ABSOLUTE|2011-01-01|9999-12-31|FIELD VALIDATION FAILED|2013-08-08|133740
DLYRSTPROB|EM001|101.0|PERCENTAGE|2011-01-01|9999-12-31|CDE OWN ACCOUNT - NO DATA FROM EDW|2013-08-08|133739