RBS_KYC_PERS_PRTY.CSV,RBS_KYC_PERS_PRTY,R,RBS,RBS_KYC_PERS_PRTY.CSV,cde_mainframe_feed_staging_load_dynamic.py,cde_mainframe_direct_feed_process_load_dynamic.py,0,TS,NA,30 02 * * 2-6,Y,Y,MDF,02:30,N
JUBUK_KYC_PERS_PRTY.CSV,JUBUK_KYC_PERS_PRTY,J,UBN,JUBUK_KYC_PERS_PRTY.CSV,cde_mainframe_feed_staging_load_dynamic.py,cde_mainframe_direct_feed_process_load_dynamic.py,0,TS,NA,30 02 * * 2-6,Y,Y,MDF,02:30,N
KUBIE_KYC_PERS_PRTY.CSV,KUBIE_KYC_PERS_PRTY,K,UBS,KUBIE_KYC_PERS_PRTY.CSV,cde_mainframe_feed_staging_load_dynamic.py,cde_mainframe_direct_feed_process_load_dynamic.py,0,TS,NA,30 02 * * 2-6,Y,Y,MDF,02:30,N
NWB_KYC_PERS_PRTY.CSV,NWB_KYC_PERS_PRTY,N,NWB,NWB_KYC_PERS_PRTY.CSV,cde_mainframe_feed_staging_load_dynamic.py,cde_mainframe_direct_feed_process_load_dynamic.py,0,TS,NA,30 02 * * 2-6,Y,Y,MDF,02:30,N
RBS_KYC_REVS_STATS.CSV,RBS_KYC_REVS_STATS,R,RBS,RBS_KYC_REVS_STATS.CSV,cde_mainframe_feed_staging_load_dynamic.py,cde_mainframe_direct_feed_process_load_dynamic.py,0,TS,NA,30 02 * * 2-6,Y,Y,MDF,02:30,N
NWB_KYC_REVS_STATS.CSV,NWB_KYC_REVS_STATS,N,NWB,NWB_KYC_REVS_STATS.CSV,cde_mainframe_feed_staging_load_dynamic.py,cde_mainframe_direct_feed_process_load_dynamic.py,0,TS,NA,30 02 * * 2-6,Y,Y,MDF,02:30,N
JUBUK_KYC_REVS_STATS.CSV,JUBUK_KYC_REVS_STATS,J,UBS,JUBUK_KYC_REVS_STATS.CSV,cde_mainframe_feed_staging_load_dynamic.py,cde_mainframe_direct_feed_process_load_dynamic.py,0,TS,NA,30 02 * * 2-6,Y,Y,MDF,02:30,N
KUBIE_KYC_REVS_STATS.CSV,KUBIE_KYC_REVS_STATS,K,UBN,KUBIE_KYC_REVS_STATS.CSV,cde_mainframe_feed_staging_load_dynamic.py,cde_mainframe_direct_feed_process_load_dynamic.py,0,TS,NA,30 02 * * 2-6,Y,Y,MDF,02:30,N
RBS_RCM_CRDT_LIM.CSV,RBS_RCM_CRDT_LIM,R,RBS,RBS_RCM_CRDT_LIM.CSV,cde_mainframe_feed_staging_load_dynamic.py,cde_mainframe_direct_feed_process_load_dynamic.py,60,DA,NA,00 01 * * 1-7,Y,Y,MDF,01:00,Y
NWB_RCM_CRDT_LIM.CSV,NWB_RCM_CRDT_LIM,N,NWB,NWB_RCM_CRDT_LIM.CSV,cde_mainframe_feed_staging_load_dynamic.py,cde_mainframe_direct_feed_process_load_dynamic.py,60,DA,NA,00 01 * * 1-7,Y,Y,MDF,01:00,Y
JUBUK_RCM_CRDT_LIM.CSV,JUBUK_RCM_CRDT_LIM,J,UBN,JUBUK_RCM_CRDT_LIM.CSV,cde_mainframe_feed_staging_load_dynamic.py,cde_mainframe_direct_feed_process_load_dynamic.py,60,DA,NA,00 01 * * 1-7,Y,Y,MDF,01:00,Y
KUBIE_RCM_CRDT_LIM.CSV,KUBIE_RCM_CRDT_LIM,K,UBS,KUBIE_RCM_CRDT_LIM.CSV,cde_mainframe_feed_staging_load_dynamic.py,cde_mainframe_direct_feed_process_load_dynamic.py,60,DA,NA,00 01 * * 1-7,Y,Y,MDF,01:00,Y
RBS_ACCDB_CUST_ACCT.CSV,RBS_ACCDB_CUST_ACCT,R,RBS,RBS_ACCDB_CUST_ACCT.CSV,cde_mainframe_feed_staging_load_dynamic.py,cde_mainframe_direct_feed_process_load_dynamic.py,60,DA,NA,30 22 * * 1-7,Y,Y,MDF,22:30,Y
NWB_ACCDB_CUST_ACCT.CSV,NWB_ACCDB_CUST_ACCT,N,NWB,NWB_ACCDB_CUST_ACCT.CSV,cde_mainframe_feed_staging_load_dynamic.py,cde_mainframe_direct_feed_process_load_dynamic.py,60,DA,NA,30 22 * * 1-7,Y,Y,MDF,22:30,Y
JUBUK_ACCDB_CUST_ACCT.CSV,JUBUK_ACCDB_CUST_ACCT,J,UBN,JUBUK_ACCDB_CUST_ACCT.CSV,cde_mainframe_feed_staging_load_dynamic.py,cde_mainframe_direct_feed_process_load_dynamic.py,60,DA,NA,30 22 * * 1-7,Y,Y,MDF,22:30,Y
KUBIE_ACCDB_CUST_ACCT.CSV,KUBIE_ACCDB_CUST_ACCT,K,UBS,KUBIE_ACCDB_CUST_ACCT.CSV,cde_mainframe_feed_staging_load_dynamic.py,cde_mainframe_direct_feed_process_load_dynamic.py,60,DA,NA,30 22 * * 1-7,Y,Y,MDF,22:30,Y
RBS_APS_ACC_RULS.CSV,RBS_APS_ACC_RULS,R,RBS,RBS_APS_ACC_RULS.CSV,cde_mainframe_feed_staging_load_dynamic.py,cde_mainframe_direct_feed_process_load_dynamic.py,60,DA,NA,00 01 * * 1-7,Y,N,MDF,01:00,Y
NWB_APS_ACC_RULS.CSV,NWB_APS_ACC_RULS,N,NWB,NWB_APS_ACC_RULS.CSV,cde_mainframe_feed_staging_load_dynamic.py,cde_mainframe_direct_feed_process_load_dynamic.py,60,DA,NA,00 02 * * 1-7,Y,N,MDF,02:00,Y
JUBUK_APS_ACC_RULS.CSV,JUBUK_APS_ACC_RULS,J,UBN,JUBUK_APS_ACC_RULS.CSV,cde_mainframe_feed_staging_load_dynamic.py,cde_mainframe_direct_feed_process_load_dynamic.py,60,DA,NA,00 02 * * 1-7,Y,N,MDF,02:00,Y
KUBIE_APS_ACC_RULS.CSV,KUBIE_APS_ACC_RULS,K,UBS,KUBIE_APS_ACC_RULS.CSV,cde_mainframe_feed_staging_load_dynamic.py,cde_mainframe_direct_feed_process_load_dynamic.py,60,DA,NA,00 02 * * 1-7,Y,N,MDF,02:00,Y
RBS_ACCDB_VBRMAS.CSV,RBS_ACCDB_VBRMAS,R,RBS,RBS_ACCDB_VBRMAS.CSV,cde_mainframe_feed_staging_load_dynamic.py,cde_mainframe_direct_feed_process_load_dynamic.py,60,MF,NA,45 22 * * 1-5,Y,Y,MDF,22:45,N
NWB_ACCDB_VBRMAS.CSV,NWB_ACCDB_VBRMAS,N,NWB,NWB_ACCDB_VBRMAS.CSV,cde_mainframe_feed_staging_load_dynamic.py,cde_mainframe_direct_feed_process_load_dynamic.py,60,MF,NA,45 22 * * 1-5,Y,Y,MDF,22:45,N
JUBUK_ACCDB_VBRMAS.CSV,JUBUK_ACCDB_VBRMAS,J,UBN,JUBUK_ACCDB_VBRMAS.CSV,cde_mainframe_feed_staging_load_dynamic.py,cde_mainframe_direct_feed_process_load_dynamic.py,60,MF,NA,45 20 * * 1-5,Y,Y,MDF,20:45,N
KUBIE_ACCDB_VBRMAS.CSV,KUBIE_ACCDB_VBRMAS,K,UBS,KUBIE_ACCDB_VBRMAS.CSV,cde_mainframe_feed_staging_load_dynamic.py,cde_mainframe_direct_feed_process_load_dynamic.py,60,MF,NA,45 20 * * 1-5,Y,Y,MDF,20:45,N
RBS_CAR_PV2ACC.CSV,RBS_CAR_PV2ACC,R,RBS,RBS_CAR_PV2ACC.CSV,cde_mainframe_feed_staging_load_dynamic.py,cde_mainframe_direct_feed_process_load_dynamic.py,60,LBD,NA,30 2 * * 1-6,Y,N,MDF,02:30,NA
NWB_CAR_PV2ACC.CSV,NWB_CAR_PV2ACC,N,NWB,NWB_CAR_PV2ACC.CSV,cde_mainframe_feed_staging_load_dynamic.py,cde_mainframe_direct_feed_process_load_dynamic.py,60,LBD,NA,30 2 * * 1-6,Y,N,MDF,02:30,NA
JUBUK_CAR_PV2ACC.CSV,JUBUK_CAR_PV2ACC,J,UBN,JUBUK_CAR_PV2ACC.CSV,cde_mainframe_feed_staging_load_dynamic.py,cde_mainframe_direct_feed_process_load_dynamic.py,60,LBD,NA,30 2 * * 1-6,Y,N,MDF,02:30,NA
KUBIE_CAR_PV2ACC.CSV,KUBIE_CAR_PV2ACC,K,UBS,KUBIE_CAR_PV2ACC.CSV,cde_mainframe_feed_staging_load_dynamic.py,cde_mainframe_direct_feed_process_load_dynamic.py,60,LBD,NA,30 2 * * 1-6,Y,N,MDF,02:30,NA
RBS_CORCRDT_VLNDETS.CSV,RBS_CORCRDT_VLNDETS,R,RBS,RBS_CORCRDT_VLNDETS.CSV,cde_mainframe_feed_staging_load_dynamic.py,cde_mainframe_direct_feed_process_load_dynamic.py,60,MF,NA,00 22 * * 1-5,Y,N,MDF,22:00,N
NWB_CORCRDT_VLNDETS.CSV,NWB_CORCRDT_VLNDETS,N,NWB,NWB_CORCRDT_VLNDETS.CSV,cde_mainframe_feed_staging_load_dynamic.py,cde_mainframe_direct_feed_process_load_dynamic.py,60,MF,NA,00 22 * * 1-5,Y,N,MDF,22:00,N
JUBUK_CORCRDT_VLNDETS.CSV,JUBUK_CORCRDT_VLNDETS,J,UBN,JUBUK_CORCRDT_VLNDETS.CSV,cde_mainframe_feed_staging_load_dynamic.py,cde_mainframe_direct_feed_process_load_dynamic.py,60,MF,NA,00 22 * * 1-5,Y,N,MDF,22:00,N
KUBIE_CORCRDT_VLNDETS.CSV,KUBIE_CORCRDT_VLNDETS,K,UBS,KUBIE_CORCRDT_VLNDETS.CSV,cde_mainframe_feed_staging_load_dynamic.py,cde_mainframe_direct_feed_process_load_dynamic.py,60,MF,NA,00 22 * * 1-5,Y,N,MDF,22:00,N
RBS_RCP_FORMAT_APLDFEES.CSV,RBS_RCP_FORMAT_APLDFEES,R,RBS,RBS_RCP_FORMAT_APLDFEES.CSV,cde_mainframe_feed_staging_load_dynamic.py,cde_mainframe_direct_feed_process_load_dynamic.py,60,LBD,NA,30 2 * * 1-6,Y,N,MDF,02:30,NA
NWB_RCP_FORMAT_APLDFEES.CSV,NWB_RCP_FORMAT_APLDFEES,N,NWB,NWB_RCP_FORMAT_APLDFEES.CSV,cde_mainframe_feed_staging_load_dynamic.py,cde_mainframe_direct_feed_process_load_dynamic.py,60,LBD,NA,30 2 * * 1-6,Y,N,MDF,02:30,NA
JUBUK_RCP_FORMAT_APLDFEES.CSV,JUBUK_RCP_FORMAT_APLDFEES,J,UBN,JUBUK_RCP_FORMAT_APLDFEES.CSV,cde_mainframe_feed_staging_load_dynamic.py,cde_mainframe_direct_feed_process_load_dynamic.py,60,LBD,NA,30 2 * * 1-6,Y,N,MDF,02:30,NA
KUBIE_RCP_FORMAT_APLDFEES.CSV,KUBIE_RCP_FORMAT_APLDFEES,K,UBS,KUBIE_RCP_FORMAT_APLDFEES.CSV,cde_mainframe_feed_staging_load_dynamic.py,cde_mainframe_direct_feed_process_load_dynamic.py,60,LBD,NA,30 2 * * 1-6,Y,N,MDF,02:30,NA
RBS_PROBE_NPROBESM_RESULT.CSV,RBS_PROBE_NPROBESM_RESULT,R,RBS,RBS_PROBE_NPROBESM_RESULT.CSV,cde_mainframe_feed_staging_load_dynamic.py,cde_mainframe_direct_feed_process_load_dynamic.py,60,LBD,NA,30 2 * * *,Y,N,MDF,02:30,NA
NWB_PROBE_NPROBESM_RESULT.CSV,NWB_PROBE_NPROBESM_RESULT,N,NWB,NWB_PROBE_NPROBESM_RESULT.CSV,cde_mainframe_feed_staging_load_dynamic.py,cde_mainframe_direct_feed_process_load_dynamic.py,60,LBD,NA,30 2 * * *,Y,N,MDF,02:30,NA
JUBUK_PROBE_NPROBESM_RESULT.CSV,JUBUK_PROBE_NPROBESM_RESULT,J,UBN,JUBUK_PROBE_NPROBESM_RESULT.CSV,cde_mainframe_feed_staging_load_dynamic.py,cde_mainframe_direct_feed_process_load_dynamic.py,60,LBD,NA,30 2 * * *,Y,N,MDF,02:30,NA
KUBIE_PROBE_NPROBESM_RESULT.CSV,KUBIE_PROBE_NPROBESM_RESULT,K,UBS,KUBIE_PROBE_NPROBESM_RESULT.CSV,cde_mainframe_feed_staging_load_dynamic.py,cde_mainframe_direct_feed_process_load_dynamic.py,60,LBD,NA,30 13 * * 1-6,Y,N,MDF,02:30,NA
RBS_PROBE_NPROBESM_PRB_RESULT.CSV,RBS_PROBE_NPROBESM_PRB_RESULT,R,RBS,RBS_PROBE_NPROBESM_PRB_RESULT.CSV,cde_mainframe_feed_staging_load_dynamic.py,cde_mainframe_direct_feed_process_load_dynamic.py,60,LBD,NA,30 2 * * 1-6,Y,N,MDF,02:30,NA
NWB_PROBE_NPROBESM_PRB_RESULT.CSV,NWB_PROBE_NPROBESM_PRB_RESULT,N,NWB,NWB_PROBE_NPROBESM_PRB_RESULT.CSV,cde_mainframe_feed_staging_load_dynamic.py,cde_mainframe_direct_feed_process_load_dynamic.py,60,LBD,NA,30 4 * * 1-6,Y,N,MDF,04:30,NA
JUBUK_PROBE_NPROBESM_PRB_RESULT.CSV,JUBUK_PROBE_NPROBESM_PRB_RESULT,J,UBN,JUBUK_PROBE_NPROBESM_PRB_RESULT.CSV,cde_mainframe_feed_staging_load_dynamic.py,cde_mainframe_direct_feed_process_load_dynamic.py,60,LBD,NA,30 2 * * 1-6,Y,N,MDF,02:30,NA
KUBIE_PROBE_NPROBESM_PRB_RESULT.CSV,KUBIE_PROBE_NPROBESM_PRB_RESULT,K,UBS,KUBIE_PROBE_NPROBESM_PRB_RESULT.CSV,cde_mainframe_feed_staging_load_dynamic.py,cde_mainframe_direct_feed_process_load_dynamic.py,60,LBD,NA,30 2 * * 1-6,Y,N,MDF,02:30,NA
RBS_PROBE_NPROBESM_FEEDBACK.CSV,RBS_PROBE_NPROBESM_FEEDBACK,R,RBS,RBS_PROBE_NPROBESM_FEEDBACK.CSV,cde_mainframe_feed_staging_load_dynamic.py,cde_mainframe_direct_feed_process_load_dynamic.py,60,LBD,NA,30 2 * * *,Y,N,MDF,02:30,NA
NWB_PROBE_NPROBESM_FEEDBACK.CSV,NWB_PROBE_NPROBESM_FEEDBACK,N,NWB,NWB_PROBE_NPROBESM_FEEDBACK.CSV,cde_mainframe_feed_staging_load_dynamic.py,cde_mainframe_direct_feed_process_load_dynamic.py,60,LBD,NA,30 2 * * *,Y,N,MDF,02:30,NA
JUBUK_PROBE_NPROBESM_FEEDBACK.CSV,JUBUK_PROBE_NPROBESM_FEEDBACK,J,UBN,JUBUK_PROBE_NPROBESM_FEEDBACK.CSV,cde_mainframe_feed_staging_load_dynamic.py,cde_mainframe_direct_feed_process_load_dynamic.py,60,LBD,NA,30 2 * * *,Y,N,MDF,02:30,NA
KUBIE_PROBE_NPROBESM_FEEDBACK.CSV,KUBIE_PROBE_NPROBESM_FEEDBACK,K,UBS,KUBIE_PROBE_NPROBESM_FEEDBACK.CSV,cde_mainframe_feed_staging_load_dynamic.py,cde_mainframe_direct_feed_process_load_dynamic.py,60,LBD,NA,30 13 * * 1-6,Y,N,MDF,02:30,NA
GRP_RISK_GURNDLNK.CSV,GRP_RISK_GURNDLNK,G,GRP,GRP_RISK_GURNDLNK.CSV,cde_mainframe_feed_staging_load_dynamic.py,cde_mainframe_direct_feed_process_load_dynamic.py,60,MM,NA,30 2 16 * *,Y,N,MDF,00:05,NA
NWB_ACCDB_NACDLY.CSV,NWB_ACCDB_NACDLY,N,NWB,NWB_ACCDB_NACDLY.CSV,cde_mainframe_feed_staging_load_dynamic.py,cde_mainframe_direct_feed_process_load_dynamic.py,60,TS,NA,15 00 * * 2-6,Y,Y,MDF,00:15,N
NWB_ACCDB_NACMAS.CSV,NWB_ACCDB_NACMAS,N,NWB,NWB_ACCDB_NACMAS.CSV,cde_mainframe_feed_staging_load_dynamic.py,cde_mainframe_direct_feed_process_load_dynamic.py,60,TS,NA,15 00 * * 2-6,Y,Y,MDF,00:15,N
RBS_CMS_CAMN_AUD.CSV,RBS_CMS_CAMN_AUD,R,RBS,RBS_CMS_CAMN_AUD.CSV,cde_mainframe_feed_staging_load_dynamic.py,cde_mainframe_feed_process_load_V.py,60,TS,NA,15 00 * * 2-6,Y,N,MDF,00:15,Y
NWB_BCKOFFC_VRECIMS.CSV,NWB_BCKOFFC_VRECIMS,N,NWB,NWB_BCKOFFC_VRECIMS.CSV,cde_mainframe_feed_staging_load_dynamic.py,cde_mainframe_direct_feed_process_load_dynamic.py,60,MF,NA,30 23 * * 1-5,Y,N,MDF,23:30,N
NWB_HIREP_NHIMAST_LZ_F0811.CSV,NWB_HIREP_NHIMAST,N,NWB,NWB_HIREP_NHIMAST_LZ_F0811.CSV,cde_mainframe_feed_staging_load.py,cde_mainframe_feed_process_load_V.py,60,MF,NA,00 23 * * 1-5,N,N,EDW,23:00,N
NWB_HIREP_NHIMAST_SZ_F0821.CSV,NWB_HIREP_NHIMAST,N,NWB,NWB_HIREP_NHIMAST_SZ_F0821.CSV,cde_mainframe_feed_staging_load.py,cde_mainframe_feed_process_load_V.py,60,MF,NA,00 23 * * 1-5,N,N,EDW,23:00,N
NWB_HIREP_NHIMAST_WZ_F0831.CSV,NWB_HIREP_NHIMAST,N,NWB,NWB_HIREP_NHIMAST_WZ_F0831.CSV,cde_mainframe_feed_staging_load.py,cde_mainframe_feed_process_load_V.py,60,MF,NA,00 23 * * 1-5,N,N,EDW,23:00,N
RBS_HIREP_NHIMAST_AZ_F07Z1.CSV,RBS_HIREP_NHIMAST,R,RBS,RBS_HIREP_NHIMAST_AZ_F07Z1.CSV,cde_mainframe_feed_staging_load.py,cde_mainframe_feed_process_load_V.py,60,MF,NA,00 23 * * 1-5,N,N,EDW,23:00,N
RBS_HIREP_NHIMAST_HZ_F0801.CSV,RBS_HIREP_NHIMAST,R,RBS,RBS_HIREP_NHIMAST_HZ_F0801.CSV,cde_mainframe_feed_staging_load.py,cde_mainframe_feed_process_load_V.py,60,MF,NA,00 23 * * 1-5,N,N,EDW,23:00,N
JUBUK_HIREP_NHIMAST_OZ_F0841.CSV,JUBUK_HIREP_NHIMAST,J,UBN,JUBUK_HIREP_NHIMAST_OZ_F0841.CSV,cde_mainframe_feed_staging_load.py,cde_mainframe_feed_process_load_V.py,60,MF,NA,00 22 * * 1-5,N,N,EDW,22:00,N
KUBIE_HIREP_NHIMAST_QY_F0851.CSV,KUBIE_HIREP_NHIMAST,K,UBR,KUBIE_HIREP_NHIMAST_QY_F0851.CSV,cde_mainframe_feed_staging_load.py,cde_mainframe_feed_process_load_V.py,60,MF,NA,00 22 * * 1-5,N,N,EDW,22:00,N
KUBIE_HIREP_NHIMAST_QZ_F0861.CSV,KUBIE_HIREP_NHIMAST,K,UBR,KUBIE_HIREP_NHIMAST_QZ_F0861.CSV,cde_mainframe_feed_staging_load.py,cde_mainframe_feed_process_load_V.py,60,MF,NA,00 22 * * 1-5,N,N,EDW,20:45,N
NWB_AUTOTRF_AT_REFOMAT.CSV,NWB_AUTOTRF_AT_REFOMAT,N,NWB,NWB_AUTOTRF_AT_REFOMAT.CSV,cde_mainframe_feed_staging_load_dynamic.py,cde_mainframe_feed_process_load_V.py,60,MF,NA,15 22 * * 1-5,Y,N,EDW,22:15,N
RBS_AUTOTRF_AT_REFOMAT.CSV,RBS_AUTOTRF_AT_REFOMAT,R,RBS,RBS_AUTOTRF_AT_REFOMAT.CSV,cde_mainframe_feed_staging_load_dynamic.py,cde_mainframe_feed_process_load_V.py,60,MF,NA,15 22 * * 1-5,Y,N,EDW,22:15,N
JUBUK_AUTOTRF_AT_REFOMAT.CSV,JUBUK_AUTOTRF_AT_REFOMAT,J,UBN,JUBUK_AUTOTRF_AT_REFOMAT.CSV,cde_mainframe_feed_staging_load_dynamic.py,cde_mainframe_feed_process_load_V.py,60,MF,NA,15 22 * * 1-5,Y,N,EDW,22:15,N
KUBIE_AUTOTRF_AT_REFOMAT.CSV,KUBIE_AUTOTRF_AT_REFOMAT,K,UBR,KUBIE_AUTOTRF_AT_REFOMAT.CSV,cde_mainframe_feed_staging_load_dynamic.py,cde_mainframe_feed_process_load_V.py,60,MF,NA,15 22 * * 1-5,Y,N,EDW,22:15,N
NWB_AUTOTRF_MM_REFOMAT.CSV,NWB_AUTOTRF_MM_REFOMAT,N,NWB,NWB_AUTOTRF_MM_REFOMAT.CSV,cde_mainframe_feed_staging_load_dynamic.py,cde_mainframe_feed_process_load_V.py,60,MF,NA,15 22 * * 1-5,Y,N,EDW,22:15,N
RBS_AUTOTRF_MM_REFOMAT.CSV,RBS_AUTOTRF_MM_REFOMAT,R,RBS,RBS_AUTOTRF_MM_REFOMAT.CSV,cde_mainframe_feed_staging_load_dynamic.py,cde_mainframe_feed_process_load_V.py,60,MF,NA,15 22 * * 1-5,Y,N,EDW,22:15,N
JUBUK_AUTOTRF_MM_REFOMAT.CSV,JUBUK_AUTOTRF_MM_REFOMAT,J,UBN,JUBUK_AUTOTRF_MM_REFOMAT.CSV,cde_mainframe_feed_staging_load_dynamic.py,cde_mainframe_feed_process_load_V.py,60,MF,NA,15 22 * * 1-5,Y,N,EDW,22:15,N
KUBIE_AUTOTRF_MM_REFOMAT.CSV,KUBIE_AUTOTRF_MM_REFOMAT,K,UBR,KUBIE_AUTOTRF_MM_REFOMAT.CSV,cde_mainframe_feed_staging_load_dynamic.py,cde_mainframe_feed_process_load_V.py,60,MF,NA,15 22 * * 1-5,Y,N,EDW,22:15,N
NWB_AUTOTRF_OFFSET.CSV,NWB_AUTOTRF_OFFSET,N,NWB,NWB_AUTOTRF_OFFSET.CSV,cde_mainframe_feed_staging_load_dynamic.py,cde_mainframe_feed_process_load_lll.py,60,MF,NA,15 22 * * 1-5,Y,N,EDW,22:15,N
RBS_AUTOTRF_OFFSET.CSV,RBS_AUTOTRF_OFFSET,R,RBS,RBS_AUTOTRF_OFFSET.CSV,cde_mainframe_feed_staging_load_dynamic.py,cde_mainframe_feed_process_load_lll.py,60,MF,NA,15 22 * * 1-5,Y,N,EDW,22:15,N
JUBUK_AUTOTRF_OFFSET.CSV,JUBUK_AUTOTRF_OFFSET,J,UBN,JUBUK_AUTOTRF_OFFSET.CSV,cde_mainframe_feed_staging_load_dynamic.py,cde_mainframe_feed_process_load_lll.py,60,MF,NA,15 22 * * 1-5,Y,N,EDW,22:15,N
KUBIE_AUTOTRF_OFFSET.CSV,KUBIE_AUTOTRF_OFFSET,K,UBR,KUBIE_AUTOTRF_OFFSET.CSV,cde_mainframe_feed_staging_load_dynamic.py,cde_mainframe_feed_process_load_lll.py,60,MF,NA,15 22 * * 1-5,Y,N,EDW,22:15,N
NWB_DEBITCARD_NPCB006_PARTEXTR.CSV,NWB_DEBITCARD_NPCB006_PARTEXTR,N,NWB,NWB_DEBITCARD_NPCB006_PARTEXTR.CSV,cde_mainframe_feed_staging_load_dynamic.py,cde_mainframe_feed_process_load_ll.py,60,DA,NA,00 1 * * 1-7,Y,N,EDW,01:00,Y
RBS_DEBITCARD_NPCB006_PARTEXTR.CSV,RBS_DEBITCARD_NPCB006_PARTEXTR,R,RBS,RBS_DEBITCARD_NPCB006_PARTEXTR.CSV,cde_mainframe_feed_staging_load_dynamic.py,cde_mainframe_feed_process_load_ll.py,60,DA,NA,00 1 * * 1-7,Y,N,EDW,01:00,Y
JUBUK_DEBITCARD_NPCB006_PARTEXTR.CSV,JUBUK_DEBITCARD_NPCB006_PARTEXTR,J,UBN,JUBUK_DEBITCARD_NPCB006_PARTEXTR.CSV,cde_mainframe_feed_staging_load_dynamic.py,cde_mainframe_feed_process_load_ll.py,60,DA,NA,00 1 * * 1-7,Y,N,EDW,01:00,Y
KUBIE_DEBITCARD_NPCB006_PARTEXTR.CSV,KUBIE_DEBITCARD_NPCB006_PARTEXTR,K,UBR,KUBIE_DEBITCARD_NPCB006_PARTEXTR.CSV,cde_mainframe_feed_staging_load_dynamic.py,cde_mainframe_feed_process_load_ll.py,60,DA,NA,00 1 * * 1-7,Y,N,EDW,01:00,Y
NWB_GMS_NWB_ACCT_EXT.CSV,NWB_GMS_NWB_ACCT_EXT,N,NWB,NWB_GMS_NWB_ACCT_EXT.CSV,cde_mainframe_feed_staging_load_dynamic.py,cde_mainframe_feed_process_load_ll.py,60,TS,NA,30 0 * * 2-6,Y,Y,EDW,00:30,N
RBS_GMS_RBS_ACCT_EXT.CSV,RBS_GMS_RBS_ACCT_EXT,R,RBS,RBS_GMS_RBS_ACCT_EXT.CSV,cde_mainframe_feed_staging_load_dynamic.py,cde_mainframe_feed_process_load_ll.py,60,MF,NA,00 23 * * 1-5,Y,Y,EDW,23:00,N
JUBUK_GMS_UBN_ACCT_EXT.CSV,JUBUK_GMS_UBN_ACCT_EXT,J,UBN,JUBUK_GMS_UBN_ACCT_EXT.CSV,cde_mainframe_feed_staging_load_dynamic.py,cde_mainframe_feed_process_load_ll.py,60,MF,NA,00 23 * * 1-5,Y,Y,EDW,23:00,N
KUBIE_GMS_UBR_ACCT_EXT.CSV,KUBIE_GMS_UBR_ACCT_EXT,K,UBR,KUBIE_GMS_UBR_ACCT_EXT.CSV,cde_mainframe_feed_staging_load_dynamic.py,cde_mainframe_feed_process_load_ll.py,60,MF,NA,00 23 * * 1-5,Y,Y,EDW,23:00,N
NWB_CORCRDT_NEVENT_ACM.CSV,NWB_CORCRDT_NEVENT_ACM,N,NWB,NWB_CORCRDT_NEVENT_ACM.CSV,cde_mainframe_feed_staging_load_dynamic.py,cde_mainframe_feed_process_load_lll.py,60,TS,NA,15 0 * * 2-6,Y,N,EDW,00:15,N
RBS_CORCRDT_NEVENT_ACM.CSV,RBS_CORCRDT_NEVENT_ACM,R,RBS,RBS_CORCRDT_NEVENT_ACM.CSV,cde_mainframe_feed_staging_load_dynamic.py,cde_mainframe_feed_process_load_lll.py,60,TS,NA,15 0 * * 2-6,Y,N,EDW,00:15,N
JUBUK_CORCRDT_NEVENT_ACM.CSV,JUBUK_CORCRDT_NEVENT_ACM,J,UBN,JUBUK_CORCRDT_NEVENT_ACM.CSV,cde_mainframe_feed_staging_load_dynamic.py,cde_mainframe_feed_process_load_lll.py,60,TS,NA,15 0 * * 2-6,Y,N,EDW,00:15,N
KUBIE_CORCRDT_NEVENT_ACM.CSV,KUBIE_CORCRDT_NEVENT_ACM,K,UBR,KUBIE_CORCRDT_NEVENT_ACM.CSV,cde_mainframe_feed_staging_load_dynamic.py,cde_mainframe_feed_process_load_lll.py,60,TS,NA,15 0 * * 2-6,Y,N,EDW,00:15,N
GRP_CAR_NCAR_SVCDATA.CSV,GRP_CAR_NCAR_SVCDATA,G,GRP,GRP_CAR_NCAR_SVCDATA.CSV,cde_mainframe_feed_staging_load_dynamic.py,cde_mainframe_feed_process_load_lll.py,60,DA,NA,45 2 * * 1-7,Y,N,EDW,02:45,Y
GRP_TSYS_NCARDS_BALS.CSV,GRP_TSYS_NCARDS_BALS,G,GRP,GRP_TSYS_NCARDS_BALS.CSV,cde_mainframe_feed_staging_load_dynamic.py,cde_mainframe_feed_process_load_lll.py,60,TS,NA,30 2 * * 2-6,Y,N,EDW,02:30,Y
NWB_CMS_OACREDIT.CSV,NWB_CMS_OACREDIT,N,NWB,NWB_CMS_OACREDIT.CSV,cde_mainframe_feed_staging_load_dynamic.py,cde_mainframe_feed_process_load_l_dynamic.py,60,MM,NA,30 20 1 * *,Y,N,EDW,20:30,NA
RBS_CMS_OACREDIT.CSV,RBS_CMS_OACREDIT,R,RBS,RBS_CMS_OACREDIT.CSV,cde_mainframe_feed_staging_load_dynamic.py,cde_mainframe_feed_process_load_l_dynamic.py,60,MM,NA,30 20 1 * *,Y,N,EDW,20:30,NA
NWB_PROBE_NMTBSEXM_F0DQ.CSV,NWB_PROBE_NMTBSEXM_F0DQ,N,NWB,NWB_PROBE_NMTBSEXM_F0DQ.CSV,cde_mainframe_feed_staging_load_dynamic.py,cde_mainframe_feed_process_load_l_dynamic.py,60,LBD,NA,30 2 * * 1-6,Y,N,EDW,02:30,NA
RBS_PROBE_NMTBSEXM_F0DP.CSV,RBS_PROBE_NMTBSEXM_F0DP,R,RBS,RBS_PROBE_NMTBSEXM_F0DP.CSV,cde_mainframe_feed_staging_load_dynamic.py,cde_mainframe_feed_process_load_l_dynamic.py,60,LBD,NA,30 2 * * 1-6,Y,N,EDW,02:30,NA
KUBIE_PROBE_NMTBSEXM_F0DS.CSV,KUBIE_PROBE_NMTBSEXM_F0DS,K,UBS,KUBIE_PROBE_NMTBSEXM_F0DS.CSV,cde_mainframe_feed_staging_load_dynamic.py,cde_mainframe_feed_process_load_l_dynamic.py,60,LBD,NA,30 2 * * 1-6,Y,N,EDW,02:30,NA
JUBUK_PROBE_NMTBSEXM_F0DR.CSV,JUBUK_PROBE_NMTBSEXM_F0DR,J,UBN,JUBUK_PROBE_NMTBSEXM_F0DR.CSV,cde_mainframe_feed_staging_load_dynamic.py,cde_mainframe_feed_process_load_l_dynamic.py,60,LBD,NA,30 2 * * 1-6,Y,N,EDW,02:30,NA
NWB_CAUSTC_NCAUSMLN_TRAN.CSV,NWB_CAUSTC_NCAUSMLN_TRAN,N,NWB,NWB_CAUSTC_NCAUSMLN_TRAN.CSV,cde_mainframe_feed_staging_load_uncheck_count.py,cde_mainframe_feed_process_load_l_dynamic.py,60,MF,NA,30 23 * * 1-5,Y,N,EDW,23:30,N
RBS_CAUSTC_NCAUSMLN_TRAN.CSV,RBS_CAUSTC_NCAUSMLN_TRAN,R,RBS,RBS_CAUSTC_NCAUSMLN_TRAN.CSV,cde_mainframe_feed_staging_load_dynamic.py,cde_mainframe_feed_process_load_l_dynamic.py,60,MF,NA,30 23 * * 1-5,Y,N,EDW,23:30,N
KUBIE_CAUSTC_NCAUSMLN_TRAN.CSV,KUBIE_CAUSTC_NCAUSMLN_TRAN,K,UBS,KUBIE_CAUSTC_NCAUSMLN_TRAN.CSV,cde_mainframe_feed_staging_load_dynamic.py,cde_mainframe_feed_process_load_l_dynamic.py,60,MF,NA,30 23 * * 1-5,Y,N,EDW,23:30,N
JUBUK_CAUSTC_NCAUSMLN_TRAN.CSV,JUBUK_CAUSTC_NCAUSMLN_TRAN,J,UBN,JUBUK_CAUSTC_NCAUSMLN_TRAN.CSV,cde_mainframe_feed_staging_load_dynamic.py,cde_mainframe_feed_process_load_l_dynamic.py,60,MF,NA,30 23 * * 1-5,Y,N,EDW,23:30,N
NWB_PDCHRG_NCOLL_REFERAL_F07W3.CSV,NWB_PDCHRG_NCOLL_REFERAL_F07W3,N,NWB,NWB_PDCHRG_NCOLL_REFERAL_F07W3.CSV,cde_mainframe_feed_staging_load_dynamic.py,cde_mainframe_feed_process_load_l_dynamic.py,60,MF,NA,30 23 * * 1-5,Y,N,EDW,23:30,N
RBS_PDCHRG_NCOLL_REFERAL_F07W3.CSV,RBS_PDCHRG_NCOLL_REFERAL_F07W3,R,RBS,RBS_PDCHRG_NCOLL_REFERAL_F07W3.CSV,cde_mainframe_feed_staging_load_dynamic.py,cde_mainframe_feed_process_load_l_dynamic.py,60,MF,NA,30 23 * * 1-5,Y,N,EDW,23:30,N
KUBIE_PDCHRG_NCOLL_REFERAL_F07W3.CSV,KUBIE_PDCHRG_NCOLL_REFERAL_F07W3,K,UBS,KUBIE_PDCHRG_NCOLL_REFERAL_F07W3.CSV,cde_mainframe_feed_staging_load_dynamic.py,cde_mainframe_feed_process_load_l_dynamic.py,60,MF,NA,30 23 * * 1-5,Y,N,EDW,23:30,N
JUBUK_PDCHRG_NCOLL_REFERAL_F07W3.CSV,JUBUK_PDCHRG_NCOLL_REFERAL_F07W3,J,UBN,JUBUK_PDCHRG_NCOLL_REFERAL_F07W3.CSV,cde_mainframe_feed_staging_load_dynamic.py,cde_mainframe_feed_process_load_l_dynamic.py,60,MF,NA,30 23 * * 1-5,Y,N,EDW,23:30,N
NWB_HIREP_NHIREP_TRANSLW_F0AJ2.CSV,NWB_HIREP_NHIREP_TRANSLW_F0AJ2,N,NWB,NWB_HIREP_NHIREP_TRANSLW_F0AJ2.CSV,cde_mainframe_feed_staging_load_dynamic.py,cde_mainframe_feed_process_load_l_dynamic.py,60,MF,NA,45 21 * * 1-5,Y,N,EDW,21:45,N
RBS_HIREP_NHIREP_TRANSAH_F0AI2.CSV,RBS_HIREP_NHIREP_TRANSAH_F0AI2,R,RBS,RBS_HIREP_NHIREP_TRANSAH_F0AI2.CSV,cde_mainframe_feed_staging_load_dynamic.py,cde_mainframe_feed_process_load_l_dynamic.py,60,MF,NA,45 21 * * 1-5,Y,N,EDW,21:45,N
KUBIE_HIREP_NHIREP_TRANSQQ_F0AL2.CSV,KUBIE_HIREP_NHIREP_TRANSQQ_F0AL2,K,UBS,KUBIE_HIREP_NHIREP_TRANSQQ_F0AL2.CSV,cde_mainframe_feed_staging_load_dynamic.py,cde_mainframe_feed_process_load_l_dynamic.py,60,MF,NA,45 20 * * 1-5,Y,N,EDW,20:45,N
JUBUK_HIREP_NHIREP_TRANSOO_F0AK2.CSV,JUBUK_HIREP_NHIREP_TRANSOO_F0AK2,J,UBN,JUBUK_HIREP_NHIREP_TRANSOO_F0AK2.CSV,cde_mainframe_feed_staging_load_dynamic.py,cde_mainframe_feed_process_load_l_dynamic.py,60,MF,NA,45 20 * * 1-5,Y,N,EDW,20:45,N
GRP_CALLCREDIT_RISK_OIS.CSV,GRP_CALLCREDIT_RISK_OIS,G,GRP,GRP_CALLCREDIT_RISK_OIS.CSV,cde_mainframe_feed_staging_load_dynamic.py,cde_mainframe_feed_process_load_l_dynamic.py,60,MM,NA,30 23 17 * *,Y,N,EDW,23:30,NA
GRP_CALLCREDIT_RISK_BSB14.CSV,GRP_CALLCREDIT_RISK_BSB14,G,GRP,GRP_CALLCREDIT_RISK_BSB14.CSV,cde_mainframe_feed_staging_load_dynamic.py,cde_mainframe_feed_process_load_l_dynamic.py,60,MM,NA,30 23 17 * *,Y,N,EDW,23:30,NA
GRP_EQUIFAX_RISK_QCB.CSV,GRP_EQUIFAX_RISK_QCB,G,GRP,GRP_EQUIFAX_RISK_QCB.CSV,cde_mainframe_feed_staging_load_dynamic.py,cde_mainframe_feed_process_load_l_dynamic.py,60,MM,NA,30 23 17 * *,Y,N,EDW,23:30,NA
RBS_ACCDB_NACDLY.CSV,RBS_ACCDB_NACDLY,R,RBS,RBS_ACCDB_NACDLY.CSV,cde_mainframe_feed_staging_load_dynamic.py,cde_mainframe_direct_feed_process_load_dynamic.py,60,TS,NA,15 00 * * 2-6,Y,Y,MDF,00:15,N
JUBUK_ACCDB_NACDLY.CSV,JUBUK_ACCDB_NACDLY,J,UBN,JUBUK_ACCDB_NACDLY.CSV,cde_mainframe_feed_staging_load_dynamic.py,cde_mainframe_direct_feed_process_load_dynamic.py,60,TS,NA,15 00 * * 2-6,Y,Y,MDF,00:15,N
KUBIE_ACCDB_NACDLY.CSV,KUBIE_ACCDB_NACDLY,K,UBS,KUBIE_ACCDB_NACDLY.CSV,cde_mainframe_feed_staging_load_dynamic.py,cde_mainframe_direct_feed_process_load_dynamic.py,60,TS,NA,15 00 * * 2-6,Y,Y,MDF,00:15,N
RBS_ACCDB_NACMAS.CSV,RBS_ACCDB_NACMAS,R,RBS,RBS_ACCDB_NACMAS.CSV,cde_mainframe_feed_staging_load_dynamic.py,cde_mainframe_direct_feed_process_load_dynamic.py,60,TS,NA,15 00 * * 2-6,Y,Y,MDF,00:15,N
JUBUK_ACCDB_NACMAS.CSV,JUBUK_ACCDB_NACMAS,J,UBN,JUBUK_ACCDB_NACMAS.CSV,cde_mainframe_feed_staging_load_dynamic.py,cde_mainframe_direct_feed_process_load_dynamic.py,60,TS,NA,15 00 * * 2-6,Y,Y,MDF,00:15,N
KUBIE_ACCDB_NACMAS.CSV,KUBIE_ACCDB_NACMAS,K,UBS,KUBIE_ACCDB_NACMAS.CSV,cde_mainframe_feed_staging_load_dynamic.py,cde_mainframe_direct_feed_process_load_dynamic.py,60,TS,NA,15 00 * * 2-6,Y,Y,MDF,00:15,N
NWB_ACCDB_CLOS_ACCT.CSV,NWB_ACCDB_CLOS_ACCT,N,NWB,NWB_ACCDB_CLOS_ACCT.CSV,cde_mainframe_feed_staging_load_dynamic.py,cde_mainframe_feed_process_load_V.py,60,DA,NA,15 22 * * 1-7,Y,Y,MDF,22:15,Y
RBS_ACCDB_CLOS_ACCT.CSV,RBS_ACCDB_CLOS_ACCT,R,RBS,RBS_ACCDB_CLOS_ACCT.CSV,cde_mainframe_feed_staging_load_dynamic.py,cde_mainframe_feed_process_load_V.py,60,DA,NA,15 22 * * 1-7,Y,Y,MDF,22:15,Y
JUBUK_ACCDB_CLOS_ACCT.CSV,JUBUK_ACCDB_CLOS_ACCT,J,UBN,JUBUK_ACCDB_CLOS_ACCT.CSV,cde_mainframe_feed_staging_load_dynamic.py,cde_mainframe_feed_process_load_V.py,60,DA,NA,15 22 * * 1-7,Y,Y,MDF,22:15,Y
KUBIE_ACCDB_CLOS_ACCT.CSV,KUBIE_ACCDB_CLOS_ACCT,K,UBS,KUBIE_ACCDB_CLOS_ACCT.CSV,cde_mainframe_feed_staging_load_dynamic.py,cde_mainframe_feed_process_load_V.py,60,DA,NA,15 22 * * 1-7,Y,Y,MDF,22:15,Y
RBS_ACCDB_ACC_ELEM.CSV,RBS_ACCDB_ACC_ELEM,R,RBS,RBS_ACCDB_ACC_ELEM.CSV,cde_mainframe_feed_staging_load_dynamic.py,cde_mainframe_feed_process_load_V.py,60,TS,NA,15 00 * * 2-6,Y,Y,MDF,00:15,N
NWB_ACCDB_ACC_ELEM.CSV,NWB_ACCDB_ACC_ELEM,N,NWB,NWB_ACCDB_ACC_ELEM.CSV,cde_mainframe_feed_staging_load_dynamic.py,cde_mainframe_feed_process_load_V.py,60,TS,NA,15 00 * * 2-6,Y,Y,MDF,00:15,N
JUBUK_ACCDB_ACC_ELEM.CSV,JUBUK_ACCDB_ACC_ELEM,J,UBN,JUBUK_ACCDB_ACC_ELEM.CSV,cde_mainframe_feed_staging_load_dynamic.py,cde_mainframe_feed_process_load_V.py,60,TS,NA,15 00 * * 2-6,Y,Y,MDF,00:15,N
KUBIE_ACCDB_ACC_ELEM.CSV,KUBIE_ACCDB_ACC_ELEM,K,UBS,KUBIE_ACCDB_ACC_ELEM.CSV,cde_mainframe_feed_staging_load_dynamic.py,cde_mainframe_feed_process_load_V.py,60,TS,NA,15 00 * * 2-6,Y,Y,MDF,00:15,N
RBS_ACCDB_NACLOAN.CSV,RBS_ACCDB_NACLOAN,R,RBS,RBS_ACCDB_NACLOAN.CSV,cde_mainframe_feed_staging_load_dynamic.py,cde_mainframe_direct_feed_process_load_dynamic.py,60,MF,NA,45 22 * * 1-5,Y,Y,MDF,22:45,N
NWB_ACCDB_NACLOAN.CSV,NWB_ACCDB_NACLOAN,N,NWB,NWB_ACCDB_NACLOAN.CSV,cde_mainframe_feed_staging_load_dynamic.py,cde_mainframe_direct_feed_process_load_dynamic.py,60,MF,NA,45 22 * * 1-5,Y,Y,MDF,22:45,N
JUBUK_ACCDB_NACLOAN.CSV,JUBUK_ACCDB_NACLOAN,J,UBN,JUBUK_ACCDB_NACLOAN.CSV,cde_mainframe_feed_staging_load_dynamic.py,cde_mainframe_direct_feed_process_load_dynamic.py,60,MF,NA,00 21 * * 1-5,Y,Y,MDF,21:00,N
KUBIE_ACCDB_NACLOAN.CSV,KUBIE_ACCDB_NACLOAN,K,UBS,KUBIE_ACCDB_NACLOAN.CSV,cde_mainframe_feed_staging_load_dynamic.py,cde_mainframe_direct_feed_process_load_dynamic.py,60,MF,NA,00 21 * * 1-5,Y,Y,MDF,21:00,N
RBS_CUSTDB_CUST_REL.CSV,RBS_CUSTDB_CUST_REL,R,RBS,RBS_CUSTDB_CUST_REL.CSV,cde_mainframe_feed_staging_load_dynamic.py,cde_mainframe_direct_feed_process_load_dynamic.py,60,DA,NA,15 00 * * 1-7,Y,N,MDF,00:15,Y
NWB_CUSTDB_CUST_REL.CSV,NWB_CUSTDB_CUST_REL,N,NWB,NWB_CUSTDB_CUST_REL.CSV,cde_mainframe_feed_staging_load_dynamic.py,cde_mainframe_direct_feed_process_load_dynamic.py,60,DA,NA,15 00 * * 1-7,Y,N,MDF,00:15,Y
JUBUK_CUSTDB_CUST_REL.CSV,JUBUK_CUSTDB_CUST_REL,J,UBN,JUBUK_CUSTDB_CUST_REL.CSV,cde_mainframe_feed_staging_load_dynamic.py,cde_mainframe_direct_feed_process_load_dynamic.py,60,DA,NA,15 00 * * 1-7,Y,N,MDF,00:15,Y
KUBIE_CUSTDB_CUST_REL.CSV,KUBIE_CUSTDB_CUST_REL,K,UBS,KUBIE_CUSTDB_CUST_REL.CSV,cde_mainframe_feed_staging_load_dynamic.py,cde_mainframe_direct_feed_process_load_dynamic.py,60,DA,NA,15 00 * * 1-7,Y,N,MDF,00:15,Y
GRP_PWCURVE_CDE_CUSTERRM.CSV,GRP_PWCURVE_CDE_CUSTERRM,G,GRP,GRP_PWCURVE_CDE_CUSTERRM.CSV,cde_mainframe_feed_staging_load_powercurve_errfile.py,cde_mainframe_direct_feed_process_load_dynamic.py,60,NA,NA,15 00 * * 1-6,Y,N,MDF,00:15,NA
GRP_PWCURVE_CDE_ACCTERRM.CSV,GRP_PWCURVE_CDE_ACCTERRM,G,GRP,GRP_PWCURVE_CDE_ACCTERRM.CSV,cde_mainframe_feed_staging_load_powercurve_errfile.py,cde_mainframe_direct_feed_process_load_dynamic.py,60,NA,NA,15 00 * * 1-6,Y,N,MDF,00:15,NA
NWB_ACCDB_ACCT_MAST.CSV,NWB_ACCDB_ACCT_MAST,N,NWB,NWB_ACCDB_ACCT_MAST.CSV,cde_mainframe_feed_staging_load_dynamic.py,cde_mainframe_direct_feed_process_load_dynamic.py,60,TS,NA,15 00 * * 2-6,Y,N,MDF,00:15,N
RBS_ACCDB_VTBACTY.CSV,RBS_ACCDB_VTBACTY,R,RBS,RBS_ACCDB_VTBACTY.CSV,cde_mainframe_feed_staging_load_dynamic.py,cde_mainframe_direct_feed_process_load_dynamic.py,60,MF,NA,15 22 * * 1-5,Y,N,MDF,22:15,N
NWB_ACCDB_VTBACTY.CSV,NWB_ACCDB_VTBACTY,N,NWB,NWB_ACCDB_VTBACTY.CSV,cde_mainframe_feed_staging_load_dynamic.py,cde_mainframe_direct_feed_process_load_dynamic.py,60,MF,NA,15 22 * * 1-5,Y,N,MDF,22:15,N
JUBUK_ACCDB_VTBACTY.CSV,JUBUK_ACCDB_VTBACTY,J,UBN,JUBUK_ACCDB_VTBACTY.CSV,cde_mainframe_feed_staging_load_dynamic.py,cde_mainframe_direct_feed_process_load_dynamic.py,60,MF,NA,15 22 * * 1-5,Y,N,MDF,22:15,N
KUBIE_ACCDB_VTBACTY.CSV,KUBIE_ACCDB_VTBACTY,K,UBS,KUBIE_ACCDB_VTBACTY.CSV,cde_mainframe_feed_staging_load_dynamic.py,cde_mainframe_direct_feed_process_load_dynamic.py,60,MF,NA,15 22 * * 1-5,Y,N,MDF,22:15,N
KUBIE_CMS_OACREDIT.CSV,KUBIE_CMS_OACREDIT,K,UBR,KUBIE_CMS_OACREDIT.CSV,cde_mainframe_feed_staging_load_dynamic.py,cde_mainframe_feed_process_load_l_dynamic.py,60,MM,NA,30 20 1 * *,Y,N,EDW,20:30,NA
RBS_CAUSTC_NCAUSTIC_TRANSAB.CSV,RBS_CAUSTC_NCAUSTIC_TRANS,R,RBS,RBS_CAUSTC_NCAUSTIC_TRANSAB.CSV,cde_mainframe_feed_staging_load.py,cde_mainframe_feed_process_load_l_dynamic.py,60,MF,NA,15 23 * * 1-5 ,N,N,EDW,23:15,N
RBS_CAUSTC_NCAUSTIC_TRANSCD.CSV,RBS_CAUSTC_NCAUSTIC_TRANS,R,RBS,RBS_CAUSTC_NCAUSTIC_TRANSCD.CSV,cde_mainframe_feed_staging_load.py,cde_mainframe_feed_process_load_l_dynamic.py,60,MF,NA,15 23 * * 1-5 ,N,N,EDW,23:15,N
RBS_CAUSTC_NCAUSTIC_TRANSEF.CSV,RBS_CAUSTC_NCAUSTIC_TRANS,R,RBS,RBS_CAUSTC_NCAUSTIC_TRANSEF.CSV,cde_mainframe_feed_staging_load.py,cde_mainframe_feed_process_load_l_dynamic.py,60,MF,NA,15 23 * * 1-5 ,N,N,EDW,23:15,N
RBS_CAUSTC_NCAUSTIC_TRANSGH.CSV,RBS_CAUSTC_NCAUSTIC_TRANS,R,RBS,RBS_CAUSTC_NCAUSTIC_TRANSGH.CSV,cde_mainframe_feed_staging_load.py,cde_mainframe_feed_process_load_l_dynamic.py,60,MF,NA,15 23 * * 1-5 ,N,N,EDW,23:15,N
RBS_CAUSTC_NCAUSTIC_TRANSIJ.CSV,RBS_CAUSTC_NCAUSTIC_TRANS,R,RBS,RBS_CAUSTC_NCAUSTIC_TRANSIJ.CSV,cde_mainframe_feed_staging_load.py,cde_mainframe_feed_process_load_l_dynamic.py,60,MF,NA,15 23 * * 1-5 ,N,N,EDW,23:15,N
RBS_CAUSTC_NCAUSTIC_TRANSPY.CSV,RBS_CAUSTC_NCAUSTIC_TRANS,R,RBS,RBS_CAUSTC_NCAUSTIC_TRANSPY.CSV,cde_mainframe_feed_staging_load.py,cde_mainframe_feed_process_load_l_dynamic.py,60,MF,NA,15 23 * * 1-5 ,N,N,EDW,23:15,N
RBS_CAUSTC_NCAUSTIC_TRANSZZ.CSV,RBS_CAUSTC_NCAUSTIC_TRANS,R,RBS,RBS_CAUSTC_NCAUSTIC_TRANSZZ.CSV,cde_mainframe_feed_staging_load.py,cde_mainframe_feed_process_load_l_dynamic.py,60,MF,NA,15 23 * * 1-5 ,N,N,EDW,23:15,N
NWB_CAUSTC_NCAUSTIC_TRANSMM.CSV,NWB_CAUSTC_NCAUSTIC_TRANS,N,NWB,NWB_CAUSTC_NCAUSTIC_TRANSMM.CSV,cde_mainframe_feed_staging_load.py,cde_mainframe_feed_process_load_l_dynamic.py,60,MF,NA,00 23 * * 1-5 ,N,N,EDW,23:00,N
NWB_CAUSTC_NCAUSTIC_TRANSKK.CSV,NWB_CAUSTC_NCAUSTIC_TRANS,N,NWB,NWB_CAUSTC_NCAUSTIC_TRANSKK.CSV,cde_mainframe_feed_staging_load.py,cde_mainframe_feed_process_load_l_dynamic.py,60,MF,NA,00 23 * * 1-5 ,N,N,EDW,23:00,N
NWB_CAUSTC_NCAUSTIC_TRANSLL.CSV,NWB_CAUSTC_NCAUSTIC_TRANS,N,NWB,NWB_CAUSTC_NCAUSTIC_TRANSLL.CSV,cde_mainframe_feed_staging_load.py,cde_mainframe_feed_process_load_l_dynamic.py,60,MF,NA,00 23 * * 1-5 ,N,N,EDW,23:00,N
NWB_CAUSTC_NCAUSTIC_TRANSNR.CSV,NWB_CAUSTC_NCAUSTIC_TRANS,N,NWB,NWB_CAUSTC_NCAUSTIC_TRANSNR.CSV,cde_mainframe_feed_staging_load.py,cde_mainframe_feed_process_load_l_dynamic.py,60,MF,NA,00 23 * * 1-5 ,N,N,EDW,23:00,N
NWB_CAUSTC_NCAUSTIC_TRANSST.CSV,NWB_CAUSTC_NCAUSTIC_TRANS,N,NWB,NWB_CAUSTC_NCAUSTIC_TRANSST.CSV,cde_mainframe_feed_staging_load.py,cde_mainframe_feed_process_load_l_dynamic.py,60,MF,NA,00 23 * * 1-5 ,N,N,EDW,23:00,N
NWB_CAUSTC_NCAUSTIC_TRANSUV.CSV,NWB_CAUSTC_NCAUSTIC_TRANS,N,NWB,NWB_CAUSTC_NCAUSTIC_TRANSUV.CSV,cde_mainframe_feed_staging_load.py,cde_mainframe_feed_process_load_l_dynamic.py,60,MF,NA,00 23 * * 1-5 ,N,N,EDW,23:00,N
NWB_CAUSTC_NCAUSTIC_TRANSWX.CSV,NWB_CAUSTC_NCAUSTIC_TRANS,N,NWB,NWB_CAUSTC_NCAUSTIC_TRANSWX.CSV,cde_mainframe_feed_staging_load.py,cde_mainframe_feed_process_load_l_dynamic.py,60,MF,NA,00 23 * * 1-5 ,N,N,EDW,23:00,N
JUBUK_CAUSTC_NCAUSTIC_TRANSOO.CSV,JUBUK_CAUSTC_NCAUSTIC_TRANS,J,UBN,JUBUK_CAUSTC_NCAUSTIC_TRANSOO.CSV,cde_mainframe_feed_staging_load.py,cde_mainframe_feed_process_load_l_dynamic.py,60,MF,NA,45 21 * * 1-5 ,N,N,EDW,21:45,N
KUBIE_CAUSTC_NCAUSTIC_TRANSQQ.CSV,KUBIE_CAUSTC_NCAUSTIC_TRANS,K,UBR,KUBIE_CAUSTC_NCAUSTIC_TRANSQQ.CSV,cde_mainframe_feed_staging_load.py,cde_mainframe_feed_process_load_l_dynamic.py,60,MF,NA,45 21 * * 1-5 ,N,N,EDW,21:45,N
NWB_CAUSTC_NCAMAST_SECKK_C5_REF.CSV,NWB_CAUSTC_NCAMAST_SEC_REF,N,NWB,NWB_CAUSTC_NCAMAST_SECKK_C5_REF.CSV,cde_mainframe_feed_staging_load.py,cde_mainframe_feed_process_load_V.py,60,MF,NA,45 22 * * 1-5 ,N,N,EDW,22:45,N
NWB_CAUSTC_NCAMAST_SECLL_D5_REF.CSV,NWB_CAUSTC_NCAMAST_SEC_REF,N,NWB,NWB_CAUSTC_NCAMAST_SECLL_D5_REF.CSV,cde_mainframe_feed_staging_load.py,cde_mainframe_feed_process_load_V.py,60,MF,NA,45 22 * * 1-5 ,N,N,EDW,22:45,N
NWB_CAUSTC_NCAMAST_SECMM_E5_REF.CSV,NWB_CAUSTC_NCAMAST_SEC_REF,N,NWB,NWB_CAUSTC_NCAMAST_SECMM_E5_REF.CSV,cde_mainframe_feed_staging_load.py,cde_mainframe_feed_process_load_V.py,60,MF,NA,45 22 * * 1-5 ,N,N,EDW,22:45,N
NWB_CAUSTC_NCAMAST_SECNR_F5_REF.CSV,NWB_CAUSTC_NCAMAST_SEC_REF,N,NWB,NWB_CAUSTC_NCAMAST_SECNR_F5_REF.CSV,cde_mainframe_feed_staging_load.py,cde_mainframe_feed_process_load_V.py,60,MF,NA,45 22 * * 1-5 ,N,N,EDW,22:45,N
NWB_CAUSTC_NCAMAST_SECST_G5_REF.CSV,NWB_CAUSTC_NCAMAST_SEC_REF,N,NWB,NWB_CAUSTC_NCAMAST_SECST_G5_REF.CSV,cde_mainframe_feed_staging_load.py,cde_mainframe_feed_process_load_V.py,60,MF,NA,45 22 * * 1-5 ,N,N,EDW,22:45,N
NWB_CAUSTC_NCAMAST_SECUV_H5_REF.CSV,NWB_CAUSTC_NCAMAST_SEC_REF,N,NWB,NWB_CAUSTC_NCAMAST_SECUV_H5_REF.CSV,cde_mainframe_feed_staging_load.py,cde_mainframe_feed_process_load_V.py,60,MF,NA,45 22 * * 1-5 ,N,N,EDW,22:45,N
NWB_CAUSTC_NCAMAST_SECWX_I5_REF.CSV,NWB_CAUSTC_NCAMAST_SEC_REF,N,NWB,NWB_CAUSTC_NCAMAST_SECWX_I5_REF.CSV,cde_mainframe_feed_staging_load.py,cde_mainframe_feed_process_load_V.py,60,MF,NA,45 22 * * 1-5 ,N,N,EDW,22:45,N
RBS_CAUSTC_NCAMAST_SECPY_A5_REF.CSV,RBS_CAUSTC_NCAMAST_SEC_REF,R,RBS,RBS_CAUSTC_NCAMAST_SECPY_A5_REF.CSV,cde_mainframe_feed_staging_load.py,cde_mainframe_feed_process_load_V.py,60,MF,NA,45 22 * * 1-5 ,N,N,EDW,22:45,N
RBS_CAUSTC_NCAMAST_SECZZ_B5_REF.CSV,RBS_CAUSTC_NCAMAST_SEC_REF,R,RBS,RBS_CAUSTC_NCAMAST_SECZZ_B5_REF.CSV,cde_mainframe_feed_staging_load.py,cde_mainframe_feed_process_load_V.py,60,MF,NA,45 22 * * 1-5 ,N,N,EDW,22:45,N
RBS_CAUSTC_NCAMAST_SECAB_55_REF.CSV,RBS_CAUSTC_NCAMAST_SEC_REF,R,RBS,RBS_CAUSTC_NCAMAST_SECAB_55_REF.CSV,cde_mainframe_feed_staging_load.py,cde_mainframe_feed_process_load_V.py,60,MF,NA,45 22 * * 1-5 ,N,N,EDW,22:45,N
RBS_CAUSTC_NCAMAST_SECCD_65_REF.CSV,RBS_CAUSTC_NCAMAST_SEC_REF,R,RBS,RBS_CAUSTC_NCAMAST_SECCD_65_REF.CSV,cde_mainframe_feed_staging_load.py,cde_mainframe_feed_process_load_V.py,60,MF,NA,45 22 * * 1-5 ,N,N,EDW,22:45,N
RBS_CAUSTC_NCAMAST_SECEF_75_REF.CSV,RBS_CAUSTC_NCAMAST_SEC_REF,R,RBS,RBS_CAUSTC_NCAMAST_SECEF_75_REF.CSV,cde_mainframe_feed_staging_load.py,cde_mainframe_feed_process_load_V.py,60,MF,NA,45 22 * * 1-5 ,N,N,EDW,22:45,N
RBS_CAUSTC_NCAMAST_SECGH_85_REF.CSV,RBS_CAUSTC_NCAMAST_SEC_REF,R,RBS,RBS_CAUSTC_NCAMAST_SECGH_85_REF.CSV,cde_mainframe_feed_staging_load.py,cde_mainframe_feed_process_load_V.py,60,MF,NA,45 22 * * 1-5 ,N,N,EDW,22:45,N
RBS_CAUSTC_NCAMAST_SECIJ_95_REF.CSV,RBS_CAUSTC_NCAMAST_SEC_REF,R,RBS,RBS_CAUSTC_NCAMAST_SECIJ_95_REF.CSV,cde_mainframe_feed_staging_load.py,cde_mainframe_feed_process_load_V.py,60,MF,NA,45 22 * * 1-5 ,N,N,EDW,22:45,N
JUBUK_CAUSTC_NCAMAST_SECOO_J5_REF.CSV,JUBUK_CAUSTC_NCAMAST_SEC_REF,J,UBN,JUBUK_CAUSTC_NCAMAST_SECOO_J5_REF.CSV,cde_mainframe_feed_staging_load.py,cde_mainframe_feed_process_load_V.py,60,MF,NA,30 21 * * 1-5 ,N,N,EDW,21:30,N
KUBIE_CAUSTC_NCAMAST_SECQQ_K5_REF.CSV,KUBIE_CAUSTC_NCAMAST_SEC_REF,K,UBR,KUBIE_CAUSTC_NCAMAST_SECQQ_K5_REF.CSV,cde_mainframe_feed_staging_load.py,cde_mainframe_feed_process_load_V.py,60,MF,NA,30 21 * * 1-5 ,N,N,EDW,21:30,N
RBS_CORCRDT_NACCUM.CSV,RBS_CORCRDT_NACCUM,R,RBS,RBS_CORCRDT_NACCUM.CSV,cde_mainframe_feed_staging_load_dynamic.py,cde_mainframe_direct_feed_process_load_dynamic.py,60,TS,NA,15 0 * * 2-6,Y,N,MDF,00:15,N
NWB_CORCRDT_NACCUM.CSV,NWB_CORCRDT_NACCUM,N,NWB,NWB_CORCRDT_NACCUM.CSV,cde_mainframe_feed_staging_load_dynamic.py,cde_mainframe_direct_feed_process_load_dynamic.py,60,TS,NA,15 0 * * 2-6,Y,N,MDF,00:15,N
JUBUK_CORCRDT_NACCUM.CSV,JUBUK_CORCRDT_NACCUM,J,UBN,JUBUK_CORCRDT_NACCUM.CSV,cde_mainframe_feed_staging_load_dynamic.py,cde_mainframe_direct_feed_process_load_dynamic.py,60,TS,NA,15 0 * * 2-6,Y,N,MDF,00:15,N
KUBIE_CORCRDT_NACCUM.CSV,KUBIE_CORCRDT_NACCUM,K,UBS,KUBIE_CORCRDT_NACCUM.CSV,cde_mainframe_feed_staging_load_dynamic.py,cde_mainframe_direct_feed_process_load_dynamic.py,60,TS,NA,15 0 * * 2-6,Y,N,MDF,00:15,N
RBS_CORCRDT_NACCUM_FRL.CSV,RBS_CORCRDT_NACCUM_FRL,R,RBS,RBS_CORCRDT_NACCUM_FRL.CSV,cde_mainframe_feed_staging_load_dynamic.py,cde_mainframe_direct_feed_process_load_dynamic.py,60,LBD,NA,30 2 * * 1-6,Y,N,MDF,02:30,NA
NWB_CORCRDT_NACCUM_FRL.CSV,NWB_CORCRDT_NACCUM_FRL,N,NWB,NWB_CORCRDT_NACCUM_FRL.CSV,cde_mainframe_feed_staging_load_dynamic.py,cde_mainframe_direct_feed_process_load_dynamic.py,60,LBD,NA,30 2 * * 1-6,Y,N,MDF,02:30,NA
JUBUK_CORCRDT_NACCUM_FRL.CSV,JUBUK_CORCRDT_NACCUM_FRL,J,UBN,JUBUK_CORCRDT_NACCUM_FRL.CSV,cde_mainframe_feed_staging_load_dynamic.py,cde_mainframe_direct_feed_process_load_dynamic.py,60,LBD,NA,30 2 * * 1-6,Y,N,MDF,02:30,NA
KUBIE_CORCRDT_NACCUM_FRL.CSV,KUBIE_CORCRDT_NACCUM_FRL,K,UBS,KUBIE_CORCRDT_NACCUM_FRL.CSV,cde_mainframe_feed_staging_load_dynamic.py,cde_mainframe_direct_feed_process_load_dynamic.py,60,LBD,NA,30 2 * * 1-6,Y,N,MDF,02:30,NA
NWB_ACCDB_VGPMAS.CSV,NWB_ACCDB_VGPMAS,N,NWB,NWB_ACCDB_VGPMAS.CSV,cde_mainframe_feed_staging_load_dynamic.py,cde_mainframe_direct_feed_process_load_dynamic.py,60,TS,NA,15 0 * * 2-6,Y,N,MDF,00:15,N
NWB_ACCDB_VGPDLY.CSV,NWB_ACCDB_VGPDLY,N,NWB,NWB_ACCDB_VGPDLY.CSV,cde_mainframe_feed_staging_load_dynamic.py,cde_mainframe_direct_feed_process_load_dynamic.py,60,TS,NA,15 0 * * 2-6,Y,N,MDF,00:15,N
NWB_CORCRDT_CTC_RSKBND.CSV,NWB_CORCRDT_CTC_RSKBND,N,NWB,NWB_CORCRDT_CTC_RSKBND.CSV,cde_mainframe_feed_staging_load_dynamic.py,cde_mainframe_direct_feed_process_load_dynamic.py,60,BD,1,30 2 * * 1-6,Y,N,MDF,02:30,NA
RBS_CORCRDT_CTC_RSKBND.CSV,RBS_CORCRDT_CTC_RSKBND,R,RBS,RBS_CORCRDT_CTC_RSKBND.CSV,cde_mainframe_feed_staging_load_dynamic.py,cde_mainframe_direct_feed_process_load_dynamic.py,60,BD,1,30 2 * * 1-6,Y,N,MDF,02:30,NA
JUBUK_CORCRDT_CTC_RSKBND.CSV,JUBUK_CORCRDT_CTC_RSKBND,J,UBN,JUBUK_CORCRDT_CTC_RSKBND.CSV,cde_mainframe_feed_staging_load_dynamic.py,cde_mainframe_direct_feed_process_load_dynamic.py,60,BD,1,30 2 * * 1-6,Y,N,MDF,02:30,NA
KUBIE_CORCRDT_CTC_RSKBND.CSV,KUBIE_CORCRDT_CTC_RSKBND,K,UBS,KUBIE_CORCRDT_CTC_RSKBND.CSV,cde_mainframe_feed_staging_load_dynamic.py,cde_mainframe_direct_feed_process_load_dynamic.py,60,BD,1,30 2 * * 1-6,Y,N,MDF,02:30,NA
KUBIE_UKBMIS_ACC_STATIC.CSV,KUBIE_UKBMIS_ACC_STATIC,K,UBS,KUBIE_UKBMIS_ACC_STATIC.CSV,cde_mainframe_feed_staging_load_dynamic.py,cde_mainframe_direct_feed_process_load_dynamic.py,60,LBD,NA,30 2 * * 1-6,Y,N,MDF,02:30,NA
RBS_CORCRDT_CCARD_BIS.CSV,RBS_CORCRDT_CCARD_BIS,R,RBS,RBS_CORCRDT_CCARD_BIS.CSV,cde_mainframe_feed_staging_load_dynamic.py,cde_mainframe_direct_feed_process_load_dynamic.py,60,MM,NA,30 20 1 * *,Y,N,MDF,20:30,NA
NWB_CORCRDT_CCARD_BIS.CSV,NWB_CORCRDT_CCARD_BIS,N,NWB,NWB_CORCRDT_CCARD_BIS.CSV,cde_mainframe_feed_staging_load_dynamic.py,cde_mainframe_direct_feed_process_load_dynamic.py,60,MM,NA,30 20 1 * *,Y,N,MDF,20:30,NA
JUBUK_CORCRDT_CCARD_BIS.CSV,JUBUK_CORCRDT_CCARD_BIS,J,UBN,JUBUK_CORCRDT_CCARD_BIS.CSV,cde_mainframe_feed_staging_load_dynamic.py,cde_mainframe_direct_feed_process_load_dynamic.py,60,MM,NA,30 20 1 * *,Y,N,MDF,20:30,NA
KUBIE_CORCRDT_CCARD_BIS.CSV,KUBIE_CORCRDT_CCARD_BIS,K,UBS,KUBIE_CORCRDT_CCARD_BIS.CSV,cde_mainframe_feed_staging_load_dynamic.py,cde_mainframe_direct_feed_process_load_dynamic.py,60,MM,NA,30 20 1 * *,Y,N,MDF,20:30,NA
GRP_PWCURVE_CDE_CUSTERRD.CSV,GRP_PWCURVE_CDE_CUSTERRD,G,GRP,GRP_PWCURVE_CDE_CUSTERRD.CSV,cde_mainframe_feed_staging_load_powercurve_errfile.py,cde_mainframe_direct_feed_process_load_dynamic.py,60,NA,NA,30 9 * * 1-5,Y,N,MDF,09:30,NA
GRP_PWCURVE_CDE_ACCTERRD.CSV,GRP_PWCURVE_CDE_ACCTERRD,G,GRP,GRP_PWCURVE_CDE_ACCTERRD.CSV,cde_mainframe_feed_staging_load_powercurve_errfile.py,cde_mainframe_direct_feed_process_load_dynamic.py,60,NA,NA,30 9 * * 1-5,Y,N,MDF,09:30,NA
KUBIE_GMS_NMFABEXM_F0JF_EXT.CSV,KUBIE_GMS_NMFABEXM_F0JF_EXT,K,UBS,KUBIE_GMS_NMFABEXM_F0JF_EXT.CSV,cde_mainframe_feed_staging_load_dynamic.py,cde_mainframe_feed_process_load_l_dynamic.py,60,LBD,NA,30 2 * * 1-6,Y,N,EDW,02:30,NA
RBS_PROBE_NPROBESM_ACTIVE.CSV,RBS_PROBE_NPROBESM_ACTIVE,R,RBS,RBS_PROBE_NPROBESM_ACTIVE.CSV,cde_mainframe_feed_staging_load_dynamic.py,cde_mainframe_direct_feed_process_load_dynamic.py,60,LBD,NA,30 2 * * 1-6,Y,N,MDF,02:30,NA
JUBUK_PROBE_NPROBESM_ACTIVE.CSV,JUBUK_PROBE_NPROBESM_ACTIVE,J,UBN,JUBUK_PROBE_NPROBESM_ACTIVE.CSV,cde_mainframe_feed_staging_load_dynamic.py,cde_mainframe_direct_feed_process_load_dynamic.py,60,LBD,NA,30 2 * * 1-6,Y,N,MDF,02:30,NA
KUBIE_PROBE_NPROBESM_ACTIVE.CSV,KUBIE_PROBE_NPROBESM_ACTIVE,K,UBS,KUBIE_PROBE_NPROBESM_ACTIVE.CSV,cde_mainframe_feed_staging_load_dynamic.py,cde_mainframe_direct_feed_process_load_dynamic.py,60,LBD,NA,30 2 * * 1-6,Y,N,MDF,02:30,NA
NWB_PROBE_NPROBESM_ACTIVEK.CSV,NWB_PROBE_NPROBESM_ACTIVE,N,NWB,NWB_PROBE_NPROBESM_ACTIVEK.CSV,cde_mainframe_feed_staging_load.py,cde_mainframe_direct_feed_process_load_dynamic.py,60,LBD,NA,30 11 * * 1-6,N,N,MDF,11:30,NA
NWB_PROBE_NPROBESM_ACTIVEL.CSV,NWB_PROBE_NPROBESM_ACTIVE,N,NWB,NWB_PROBE_NPROBESM_ACTIVEL.CSV,cde_mainframe_feed_staging_load.py,cde_mainframe_direct_feed_process_load_dynamic.py,60,LBD,NA,30 11 * * 1-6,N,N,MDF,11:30,NA
NWB_PROBE_NPROBESM_ACTIVEM.CSV,NWB_PROBE_NPROBESM_ACTIVE,N,NWB,NWB_PROBE_NPROBESM_ACTIVEM.CSV,cde_mainframe_feed_staging_load.py,cde_mainframe_direct_feed_process_load_dynamic.py,60,LBD,NA,30 11 * * 1-6,N,N,MDF,11:30,NA
NWB_PROBE_NPROBESM_ACTIVEN.CSV,NWB_PROBE_NPROBESM_ACTIVE,N,NWB,NWB_PROBE_NPROBESM_ACTIVEN.CSV,cde_mainframe_feed_staging_load.py,cde_mainframe_direct_feed_process_load_dynamic.py,60,LBD,NA,30 11 * * 1-6,N,N,MDF,11:30,NA
NWB_PROBE_NPROBESM_ACTIVER.CSV,NWB_PROBE_NPROBESM_ACTIVE,N,NWB,NWB_PROBE_NPROBESM_ACTIVER.CSV,cde_mainframe_feed_staging_load.py,cde_mainframe_direct_feed_process_load_dynamic.py,60,LBD,NA,30 11 * * 1-6,N,N,MDF,11:30,NA
NWB_PROBE_NPROBESM_ACTIVES.CSV,NWB_PROBE_NPROBESM_ACTIVE,N,NWB,NWB_PROBE_NPROBESM_ACTIVES.CSV,cde_mainframe_feed_staging_load.py,cde_mainframe_direct_feed_process_load_dynamic.py,60,LBD,NA,30 11 * * 1-6,N,N,MDF,11:30,NA
NWB_PROBE_NPROBESM_ACTIVET.CSV,NWB_PROBE_NPROBESM_ACTIVE,N,NWB,NWB_PROBE_NPROBESM_ACTIVET.CSV,cde_mainframe_feed_staging_load.py,cde_mainframe_direct_feed_process_load_dynamic.py,60,LBD,NA,30 11 * * 1-6,N,N,MDF,11:30,NA
NWB_PROBE_NPROBESM_ACTIVEU.CSV,NWB_PROBE_NPROBESM_ACTIVE,N,NWB,NWB_PROBE_NPROBESM_ACTIVEU.CSV,cde_mainframe_feed_staging_load.py,cde_mainframe_direct_feed_process_load_dynamic.py,60,LBD,NA,30 11 * * 1-6,N,N,MDF,11:30,NA
NWB_PROBE_NPROBESM_ACTIVEV.CSV,NWB_PROBE_NPROBESM_ACTIVE,N,NWB,NWB_PROBE_NPROBESM_ACTIVEV.CSV,cde_mainframe_feed_staging_load.py,cde_mainframe_direct_feed_process_load_dynamic.py,60,LBD,NA,30 11 * * 1-6,N,N,MDF,11:30,NA
NWB_PROBE_NPROBESM_ACTIVEW.CSV,NWB_PROBE_NPROBESM_ACTIVE,N,NWB,NWB_PROBE_NPROBESM_ACTIVEW.CSV,cde_mainframe_feed_staging_load.py,cde_mainframe_direct_feed_process_load_dynamic.py,60,LBD,NA,30 11 * * 1-6,N,N,MDF,11:30,NA
RBS_PDCHRG_NCOLL_SORTED.CSV,RBS_PDCHRG_NCOLL_SORTED,R,RBS,RBS_PDCHRG_NCOLL_SORTED.CSV,cde_mainframe_feed_staging_load_dynamic.py,cde_mainframe_direct_feed_process_load_dynamic.py,60,LBD,NA,15 0 * * 2-6,Y,N,MDF,00:15,NA
NWB_PDCHRG_NCOLL_SORTED.CSV,NWB_PDCHRG_NCOLL_SORTED,N,NWB,NWB_PDCHRG_NCOLL_SORTED.CSV,cde_mainframe_feed_staging_load_dynamic.py,cde_mainframe_direct_feed_process_load_dynamic.py,60,LBD,NA,15 0 * * 2-6,Y,N,MDF,00:15,NA
JUBUK_PDCHRG_NCOLL_SORTED.CSV,JUBUK_PDCHRG_NCOLL_SORTED,J,UBN,JUBUK_PDCHRG_NCOLL_SORTED.CSV,cde_mainframe_feed_staging_load_dynamic.py,cde_mainframe_direct_feed_process_load_dynamic.py,60,LBD,NA,15 0 * * 2-6,Y,N,MDF,00:15,NA
KUBIE_PDCHRG_NCOLL_SORTED.CSV,KUBIE_PDCHRG_NCOLL_SORTED,K,UBS,KUBIE_PDCHRG_NCOLL_SORTED.CSV,cde_mainframe_feed_staging_load_dynamic.py,cde_mainframe_direct_feed_process_load_dynamic.py,60,LBD,NA,15 0 * * 2-6,Y,N,MDF,00:15,NA
GRP_CALLCREDIT_RISK_BSB28.CSV,GRP_CALLCREDIT_RISK_BSB28,G,GRP,GRP_CALLCREDIT_RISK_BSB28.CSV,cde_mainframe_feed_staging_load_dynamic.py,cde_mainframe_feed_process_load_l_dynamic.py,60,MM,NA,30 23 17 * *,Y,N,EDW,23:30,NA
GRP_CALLCREDIT_RISK_BSB29.CSV,GRP_CALLCREDIT_RISK_BSB29,G,GRP,GRP_CALLCREDIT_RISK_BSB29.CSV,cde_mainframe_feed_staging_load_dynamic.py,cde_mainframe_feed_process_load_l_dynamic.py,60,MM,NA,30 23 17 * *,Y,N,EDW,23:30,NA
GRP_EQUIFAX_RISK_RAW_EXINS.CSV,GRP_EQUIFAX_RISK_RAW_EXINS,G,GRP,GRP_EQUIFAX_RISK_RAW_EXINS.CSV,cde_mainframe_feed_staging_load_dynamic.py,cde_mainframe_feed_process_load_l_dynamic.py,60,MM,NA,30 23 17 * *,Y,N,EDW,23:30,NA
GRP_EQUIFAX_RISK_RAW_EXCIF.CSV,GRP_EQUIFAX_RISK_RAW_EXCIF,G,GRP,GRP_EQUIFAX_RISK_RAW_EXCIF.CSV,cde_mainframe_feed_staging_load_dynamic.py,cde_mainframe_feed_process_load_l_dynamic.py,60,MM,NA,30 23 17 * *,Y,N,EDW,23:30,NA
GRP_EQUIFAX_RISK_RAW_EXJDG.CSV,GRP_EQUIFAX_RISK_RAW_EXJDG,G,GRP,GRP_EQUIFAX_RISK_RAW_EXJDG.CSV,cde_mainframe_feed_staging_load_dynamic.py,cde_mainframe_feed_process_load_l_dynamic.py,60,MM,NA,30 23 17 * *,Y,N,EDW,23:30,NA
RBS_PROBE_NMTBSEXM_NRMS.CSV,RBS_PROBE_NMTBSEXM_NRMS,R,RBS,RBS_PROBE_NMTBSEXM_NRMS.CSV,cde_mainframe_feed_staging_load_dynamic.py,cde_mainframe_feed_process_load_l_dynamic.py,60,LBD,NA,30 2 * * 1-6,Y,N,EDW,02:30,NA