667466908620, bdp_eas, ava_agreement_ss, cde_process,ava_agreement_ss_stg, ava_agreement_ss,* * 15 * *, "\"edi_business_day>=add_months(trunc(current_date()#'MM')#-1)\"" ,PARTIAL
667466908620, bdp_eas, agreement_credit_scoring_1_ss, cde_process, agreement_credit_scoring_1_ss_stg, agreement_credit_scoring_1_ss,* * 15 * *, "\"edi_business_day>=add_months(trunc(current_date()#'MM')#-1)\"" ,PARTIAL
667466908620, bdp_eas, agreement_credit_scoring_ss, cde_process, agreement_credit_scoring_ss_stg, agreement_credit_scoring_ss,* * 15 * *, "\"edi_business_day>=add_months(trunc(current_date()#'MM')#-1)\"" ,PARTIAL
667466908620, bdp_eas, ava_agreement_metric_ss, cde_process, ava_agreement_metric_ss_stg, ava_agreement_metric_ss , * * 15 * *,"\"edi_business_day>=add_months(trunc(current_date()#'MM')#-1)\"" ,PARTIAL
667466908620, bdp_eas, cust_individual_ss, cde_process,cust_individual_ss_stg, cust_individual_ss, * * 15 * *,"\"edi_business_day>=add_months(trunc(current_date()#'MM')#-1)\"",PARTIAL
667466908620, bdp_eas, party_status_ss, cde_process, party_status_ss_stg, party_status_ss, * * 15 * *,"\"edi_business_day>=add_months(trunc(current_date()#'MM')#-1)\"",PARTIAL