Flow_Name,Source_Name
CDE99_D_R_PROBE_ACCUM_FLOW,CUSTOMER_ACCOUNT_RBS
CDE99_D_R_PROBE_ACCUM_FLOW,VACLOAN_RBS
CDE99_D_R_PROBE_ACCUM_FLOW,VLNDETS_RBS
CDE99_D_R_PROBE_ACCUM_FLOW,TAC_CAMAST_CUSTACCT_RBS
CDE99_D_R_PROBE_ACCUM_FLOW,VBRMAS_RBS
CDE99_D_R_PROBE_ACCUM_FLOW,TAC_CAUSTIC_TRANS_EXTRACT_RBS
CDE99_D_R_PROBE_ACCUM_FLOW,TAC_HIREP_MST_LNDATA_RBS
CDE99_D_R_PROBE_ACCUM_FLOW,TAC_HIREP_CUST_TRAN_RBS
CDE99_D_N_PROBE_ACCUM_FLOW,CUSTOMER_ACCOUNT_NWB
CDE99_D_N_PROBE_ACCUM_FLOW,VACLOAN_NWB
CDE99_D_N_PROBE_ACCUM_FLOW,VLNDETS_NWB
CDE99_D_N_PROBE_ACCUM_FLOW,TAC_CAMAST_CUSTACCT_NWB
CDE99_D_N_PROBE_ACCUM_FLOW,VBRMAS_NWB
CDE99_D_N_PROBE_ACCUM_FLOW,TAC_CAUSTIC_TRANS_EXTRACT_NWB
CDE99_D_N_PROBE_ACCUM_FLOW,TAC_HIREP_MST_LNDATA_NWB
CDE99_D_N_PROBE_ACCUM_FLOW,TAC_HIREP_CUST_TRAN_NWB
CDE99_D_J_PROBE_ACCUM_FLOW,CUSTOMER_ACCOUNT_UBN
CDE99_D_J_PROBE_ACCUM_FLOW,VACLOAN_UBN
CDE99_D_J_PROBE_ACCUM_FLOW,VLNDETS_UBN
CDE99_D_J_PROBE_ACCUM_FLOW,TAC_CAMAST_CUSTACCT_UBN
CDE99_D_J_PROBE_ACCUM_FLOW,VBRMAS_UBN
CDE99_D_J_PROBE_ACCUM_FLOW,TAC_CAUSTIC_TRANS_EXTRACT_UBN
CDE99_D_J_PROBE_ACCUM_FLOW,TAC_HIREP_MST_LNDATA_UBN
CDE99_D_J_PROBE_ACCUM_FLOW,TAC_HIREP_CUST_TRAN_UBN
CDE99_D_K_PROBE_ACCUM_FLOW,CUSTOMER_ACCOUNT_UBS
CDE99_D_K_PROBE_ACCUM_FLOW,VACLOAN_UBS
CDE99_D_K_PROBE_ACCUM_FLOW,VLNDETS_UBS
CDE99_D_K_PROBE_ACCUM_FLOW,TAC_CAMAST_CUSTACCT_UBR
CDE99_D_K_PROBE_ACCUM_FLOW,VBRMAS_UBS
CDE99_D_K_PROBE_ACCUM_FLOW,TAC_CAUSTIC_TRANS_EXTRACT_UBR
CDE99_D_K_PROBE_ACCUM_FLOW,TAC_HIREP_MST_LNDATA_UBR
CDE99_D_K_PROBE_ACCUM_FLOW,TAC_HIREP_CUST_TRAN_UBR
CDE06_D_R_PAL_P1_DAY0_EXTRACT,TKYPPTY_PERS_PRTY_RBS
CDE06_D_R_PAL_P1_DAY0_EXTRACT,TKYREVS_REV_STATUS_RBS
CDE06_D_N_PAL_P1_DAY0_EXTRACT,TKYPPTY_PERS_PRTY_NWB
CDE06_D_N_PAL_P1_DAY0_EXTRACT,TKYREVS_REV_STATUS_NWB
CDE06_D_J_PAL_P1_DAY0_EXTRACT,TKYPPTY_PERS_PRTY_UBN
CDE06_D_J_PAL_P1_DAY0_EXTRACT,TKYREVS_REV_STATUS_UBN
CDE06_D_K_PAL_P1_DAY0_EXTRACT,TKYPPTY_PERS_PRTY_UBS
CDE06_D_K_PAL_P1_DAY0_EXTRACT,TKYREVS_REV_STATUS_UBS
CDE99_D_G_GURN_MASTER_FLOW,TAC_CAMAST_CUSTACCT_RBS
CDE99_D_G_GURN_MASTER_FLOW,TAC_CAMAST_CUSTACCT_NWB
CDE99_D_G_GURN_MASTER_FLOW,TAC_CAMAST_CUSTACCT_UBN
CDE99_D_G_GURN_MASTER_FLOW,TAC_CAMAST_CUSTACCT_UBR
CDE99_D_G_GURN_MASTER_FLOW,TAC_CLOSED_ACCOUNT_RBS
CDE99_D_G_GURN_MASTER_FLOW,TAC_CLOSED_ACCOUNT_NWB
CDE99_D_G_GURN_MASTER_FLOW,TAC_CLOSED_ACCOUNT_UBN
CDE99_D_G_GURN_MASTER_FLOW,TAC_CLOSED_ACCOUNT_UBR
CDE99_D_G_GURN_MASTER_FLOW,TAC_HIREP_MST_LNDATA_RBS
CDE99_D_G_GURN_MASTER_FLOW,TAC_HIREP_MST_LNDATA_NWB
CDE99_D_G_GURN_MASTER_FLOW,TAC_HIREP_MST_LNDATA_UBN
CDE99_D_G_GURN_MASTER_FLOW,TAC_HIREP_MST_LNDATA_UBR
CDE99_D_G_GURN_MASTER_FLOW,TAC_GMS_ACCT_EXT_RBS
CDE99_D_G_GURN_MASTER_FLOW,TAC_GMS_ACCT_EXT_NWB
CDE99_D_G_GURN_MASTER_FLOW,TAC_GMS_ACCT_EXT_UBN
CDE99_D_G_GURN_MASTER_FLOW,TAC_GMS_ACCT_EXT_UBR
CDE99_D_G_GURN_MASTER_FLOW,TAC_DEBIT_CARD_NWB
CDE99_D_G_GURN_MASTER_FLOW,TAC_DEBIT_CARD_RBS
CDE99_D_G_GURN_MASTER_FLOW,TAC_DEBIT_CARD_UBN
CDE99_D_G_GURN_MASTER_FLOW,TAC_DEBIT_CARD_UBR
CDE99_D_G_GURN_MASTER_FLOW,TAC_CAR_SCV_GRP
CDE99_D_R_PROBE_LOGIC_FLOW,TAC_CAMAST_CUSTACCT_RBS
CDE99_D_R_PROBE_LOGIC_FLOW,APS_ACC_TYPE_RULES_RBS
CDE99_D_N_PROBE_LOGIC_FLOW,TAC_CAMAST_CUSTACCT_NWB
CDE99_D_N_PROBE_LOGIC_FLOW,APS_ACC_TYPE_RULES_NWB
CDE99_D_J_PROBE_LOGIC_FLOW,TAC_CAMAST_CUSTACCT_UBN
CDE99_D_J_PROBE_LOGIC_FLOW,APS_ACC_TYPE_RULES_UBN
CDE99_D_K_PROBE_LOGIC_FLOW,TAC_CAMAST_CUSTACCT_UBR
CDE99_D_K_PROBE_LOGIC_FLOW,APS_ACC_TYPE_RULES_UBS
CDE99_D_R_PAL_LOGIC_FLOW,TAC_CAMAST_CUSTACCT_RBS
CDE99_D_R_PAL_LOGIC_FLOW,TAC_DEBIT_CARD_RBS
CDE99_D_R_PAL_LOGIC_FLOW,VTBACTY_RBS
CDE99_D_R_PAL_LOGIC_FLOW,TAC_TBBUNPA_EVENT_ACM_RBS
CDE99_D_R_PAL_LOGIC_FLOW,TAC_CMS_ACCT_EXT_RBS
CDE99_D_R_PAL_LOGIC_FLOW,TAC_COLL_ITEMDATA_RBS
CDE99_D_N_PAL_LOGIC_FLOW,TAC_CAMAST_CUSTACCT_NWB
CDE99_D_N_PAL_LOGIC_FLOW,TAC_DEBIT_CARD_NWB
CDE99_D_N_PAL_LOGIC_FLOW,VTBACTY_NWB
CDE99_D_N_PAL_LOGIC_FLOW,TAC_TBBUNPA_EVENT_ACM_NWB
CDE99_D_N_PAL_LOGIC_FLOW,TAC_CMS_ACCT_EXT_NWB
CDE99_D_N_PAL_LOGIC_FLOW,TAC_COLL_ITEMDATA_NWB
CDE99_D_J_PAL_LOGIC_FLOW,TAC_CAMAST_CUSTACCT_UBN
CDE99_D_J_PAL_LOGIC_FLOW,TAC_DEBIT_CARD_UBN
CDE99_D_J_PAL_LOGIC_FLOW,VTBACTY_UBN
CDE99_D_J_PAL_LOGIC_FLOW,TAC_TBBUNPA_EVENT_ACM_UBN
CDE99_D_J_PAL_LOGIC_FLOW,TAC_COLL_ITEMDATA_UBN
CDE99_D_K_PAL_LOGIC_FLOW,TAC_CAMAST_CUSTACCT_UBR
CDE99_D_K_PAL_LOGIC_FLOW,TAC_DEBIT_CARD_UBR
CDE99_D_K_PAL_LOGIC_FLOW,VTBACTY_UBS
CDE99_D_K_PAL_LOGIC_FLOW,TAC_TBBUNPA_EVENT_ACM_UBR
CDE99_D_K_PAL_LOGIC_FLOW,TAC_CMS_ACCT_EXT_UBR
CDE99_D_K_PAL_LOGIC_FLOW,TAC_COLL_ITEMDATA_UBR
CDE99_D_X_SHADOW_LIMIT_FLOW,TDECRLM_CREDIT_LIM_RBS
CDE99_D_X_SHADOW_LIMIT_FLOW,TDECRLM_CREDIT_LIM_NWB
CDE99_D_X_SHADOW_LIMIT_FLOW,TDECRLM_CREDIT_LIM_UBN
CDE99_D_X_SHADOW_LIMIT_FLOW,TDECRLM_CREDIT_LIM_UBS
CDE99_M_X_MIDMONTH_LOGIC_FLOW,TAC_PGFM_NCCREDIT_RISK_BSB14
CDE99_M_X_MIDMONTH_LOGIC_FLOW,TAC_PGFM_NCCREDIT_OIS
CDE99_M_X_MIDMONTH_LOGIC_FLOW,TAC_CAR_SCV_GRP
CDE99_M_X_MIDMONTH_LOGIC_FLOW,TAC_PGFM_NEXPRIAN_RISK_DCM_BR
CDE99_M_X_MIDMONTH_LOGIC_FLOW,TAC_PGFM_NEQUIFAX_RISK_QCB
CDE99_M_X_MIDMONTH_LOGIC_FLOW,NRISK_GURNDLNK
CDE99_M_X_MIDMONTH_LOGIC_FLOW,NCCARD_BIS_NWB
CDE99_M_X_MIDMONTH_LOGIC_FLOW,NCCARD_BIS_RBS
CDE99_M_X_MIDMONTH_LOGIC_FLOW,NCCARD_BIS_UBN
CDE99_M_X_MIDMONTH_LOGIC_FLOW,NCCARD_BIS_UBS
CDE99_M_R_PROBE_LOGIC_PRE_GURN_FLOW,TAC_AUTO_TFER_MM_RBS
CDE99_M_R_PROBE_LOGIC_PRE_GURN_FLOW,NSCAR_PV2ACC_RBS
CDE99_M_R_PROBE_LOGIC_PRE_GURN_FLOW,VBRMAS_RBS
CDE99_M_R_PROBE_LOGIC_PRE_GURN_FLOW,TAC_CAR_SCV_GRP
CDE99_M_R_PROBE_LOGIC_PRE_GURN_FLOW,NCOLL_SORTED_RBS
CDE99_M_R_PROBE_LOGIC_PRE_GURN_FLOW,NRCP_FORMAT_APLDFEES_RBS
CDE99_M_R_PROBE_LOGIC_PRE_GURN_FLOW,TAC_CAUSTIC_TRANS_EXTRACT_RBS
CDE99_M_R_PROBE_LOGIC_PRE_GURN_FLOW,TAC_CAUSTIC_TRN_MLN_RBS
CDE99_M_R_PROBE_LOGIC_PRE_GURN_FLOW,TAC_CMS_ACCT_EXT_RBS
CDE99_M_R_PROBE_LOGIC_PRE_GURN_FLOW,TAC_TDBACEL_AC_ELEMENT_RBS
CDE99_M_R_PROBE_LOGIC_PRE_GURN_FLOW,TAC_CAMAST_CUSTACCT_RBS
CDE99_M_R_PROBE_LOGIC_PRE_GURN_FLOW,TAC_CLOSED_ACCOUNT_RBS
CDE99_M_R_PROBE_LOGIC_PRE_GURN_FLOW,TAC_HIREP_MST_LNDATA_RBS
CDE99_M_R_PROBE_LOGIC_PRE_GURN_FLOW,TAC_GMS_ACCT_EXT_RBS
CDE99_M_R_PROBE_LOGIC_PRE_GURN_FLOW,TAC_DEBIT_CARD_RBS
CDE99_M_R_PROBE_LOGIC_PRE_GURN_FLOW,TAC_TBBUNPA_EVENT_ACM_RBS
CDE99_M_R_PROBE_LOGIC_PRE_GURN_FLOW,TAC_TBRCAMN_CAM_NV_AUD_RBS
CDE99_M_R_PROBE_LOGIC_PRE_GURN_FLOW,TAC_AUTO_TFER_OFFSET_RBS
CDE99_M_R_PROBE_LOGIC_PRE_GURN_FLOW,VTBACTY_RBS
CDE99_M_R_PROBE_LOGIC_PRE_GURN_FLOW,TAC_MM_GMS_ACCUM_PROBE_DAT_RBS
CDE99_M_R_PROBE_LOGIC_PRE_GURN_FLOW,TAC_AUTO_TFER_MONEY_MGR_RBS
CDE99_M_R_PROBE_LOGIC_POST_GURN_FLOW,TAC_AUTO_TFER_MM_RBS
CDE99_M_R_PROBE_LOGIC_POST_GURN_FLOW,NSCAR_PV2ACC_RBS
CDE99_M_R_PROBE_LOGIC_POST_GURN_FLOW,VBRMAS_RBS
CDE99_M_R_PROBE_LOGIC_POST_GURN_FLOW,TAC_CAR_SCV_GRP
CDE99_M_R_PROBE_LOGIC_POST_GURN_FLOW,NCOLL_SORTED_RBS
CDE99_M_R_PROBE_LOGIC_POST_GURN_FLOW,NRCP_FORMAT_APLDFEES_RBS
CDE99_M_R_PROBE_LOGIC_POST_GURN_FLOW,TAC_CAUSTIC_TRANS_EXTRACT_RBS
CDE99_M_R_PROBE_LOGIC_POST_GURN_FLOW,TAC_CAUSTIC_TRN_MLN_RBS
CDE99_M_R_PROBE_LOGIC_POST_GURN_FLOW,TAC_CMS_ACCT_EXT_RBS
CDE99_M_R_PROBE_LOGIC_POST_GURN_FLOW,TAC_TDBACEL_AC_ELEMENT_RBS
CDE99_M_R_PROBE_LOGIC_POST_GURN_FLOW,TAC_CAMAST_CUSTACCT_RBS
CDE99_M_R_PROBE_LOGIC_POST_GURN_FLOW,TAC_CLOSED_ACCOUNT_RBS
CDE99_M_R_PROBE_LOGIC_POST_GURN_FLOW,TAC_HIREP_MST_LNDATA_RBS
CDE99_M_R_PROBE_LOGIC_POST_GURN_FLOW,TAC_GMS_ACCT_EXT_RBS
CDE99_M_R_PROBE_LOGIC_POST_GURN_FLOW,TAC_DEBIT_CARD_RBS
CDE99_M_R_PROBE_LOGIC_POST_GURN_FLOW,TAC_TBBUNPA_EVENT_ACM_RBS
CDE99_M_R_PROBE_LOGIC_POST_GURN_FLOW,TAC_TBRCAMN_CAM_NV_AUD_RBS
CDE99_M_R_PROBE_LOGIC_POST_GURN_FLOW,TAC_AUTO_TFER_OFFSET_RBS
CDE99_M_R_PROBE_LOGIC_POST_GURN_FLOW,VTBACTY_RBS
CDE99_M_R_PROBE_LOGIC_POST_GURN_FLOW,TAC_MM_GMS_ACCUM_PROBE_DAT_RBS
CDE99_M_R_PROBE_LOGIC_POST_GURN_FLOW,TAC_AUTO_TFER_MONEY_MGR_RBS
CDE99_M_N_PROBE_LOGIC_PRE_GURN_FLOW,TAC_AUTO_TFER_MM_NWB
CDE99_M_N_PROBE_LOGIC_PRE_GURN_FLOW,NSCAR_PV2ACC_NWB
CDE99_M_N_PROBE_LOGIC_PRE_GURN_FLOW,VBRMAS_NWB
CDE99_M_N_PROBE_LOGIC_PRE_GURN_FLOW,TAC_CAR_SCV_GRP
CDE99_M_N_PROBE_LOGIC_PRE_GURN_FLOW,NCOLL_SORTED_NWB
CDE99_M_N_PROBE_LOGIC_PRE_GURN_FLOW,NRCP_FORMAT_APLDFEES_NWB
CDE99_M_N_PROBE_LOGIC_PRE_GURN_FLOW,TAC_CAUSTIC_TRANS_EXTRACT_NWB
CDE99_M_N_PROBE_LOGIC_PRE_GURN_FLOW,TAC_CAUSTIC_TRN_MLN_NWB
CDE99_M_N_PROBE_LOGIC_PRE_GURN_FLOW,TAC_CMS_ACCT_EXT_NWB
CDE99_M_N_PROBE_LOGIC_PRE_GURN_FLOW,TAC_TDBACEL_AC_ELEMENT_NWB
CDE99_M_N_PROBE_LOGIC_PRE_GURN_FLOW,TAC_CAMAST_CUSTACCT_NWB
CDE99_M_N_PROBE_LOGIC_PRE_GURN_FLOW,TAC_CLOSED_ACCOUNT_NWB
CDE99_M_N_PROBE_LOGIC_PRE_GURN_FLOW,TAC_HIREP_MST_LNDATA_NWB
CDE99_M_N_PROBE_LOGIC_PRE_GURN_FLOW,TAC_GMS_ACCT_EXT_NWB
CDE99_M_N_PROBE_LOGIC_PRE_GURN_FLOW,TAC_DEBIT_CARD_NWB
CDE99_M_N_PROBE_LOGIC_PRE_GURN_FLOW,TAC_TBBUNPA_EVENT_ACM_NWB
CDE99_M_N_PROBE_LOGIC_PRE_GURN_FLOW,TAC_AUTO_TFER_OFFSET_NWB
CDE99_M_N_PROBE_LOGIC_PRE_GURN_FLOW,VTBACTY_NWB
CDE99_M_N_PROBE_LOGIC_PRE_GURN_FLOW,TAC_MM_GMS_ACCUM_PROBE_DAT_NWB
CDE99_M_N_PROBE_LOGIC_PRE_GURN_FLOW,TAC_AUTO_TFER_MONEY_MGR_NWB
CDE99_M_N_PROBE_LOGIC_POST_GURN_FLOW,TAC_AUTO_TFER_MM_NWB
CDE99_M_N_PROBE_LOGIC_POST_GURN_FLOW,NSCAR_PV2ACC_NWB
CDE99_M_N_PROBE_LOGIC_POST_GURN_FLOW,VBRMAS_NWB
CDE99_M_N_PROBE_LOGIC_POST_GURN_FLOW,TAC_CAR_SCV_GRP
CDE99_M_N_PROBE_LOGIC_POST_GURN_FLOW,NCOLL_SORTED_NWB
CDE99_M_N_PROBE_LOGIC_POST_GURN_FLOW,NRCP_FORMAT_APLDFEES_NWB
CDE99_M_N_PROBE_LOGIC_POST_GURN_FLOW,TAC_CAUSTIC_TRANS_EXTRACT_NWB
CDE99_M_N_PROBE_LOGIC_POST_GURN_FLOW,TAC_CAUSTIC_TRN_MLN_NWB
CDE99_M_N_PROBE_LOGIC_POST_GURN_FLOW,TAC_CMS_ACCT_EXT_NWB
CDE99_M_N_PROBE_LOGIC_POST_GURN_FLOW,TAC_TDBACEL_AC_ELEMENT_NWB
CDE99_M_N_PROBE_LOGIC_POST_GURN_FLOW,TAC_CAMAST_CUSTACCT_NWB
CDE99_M_N_PROBE_LOGIC_POST_GURN_FLOW,TAC_CLOSED_ACCOUNT_NWB
CDE99_M_N_PROBE_LOGIC_POST_GURN_FLOW,TAC_HIREP_MST_LNDATA_NWB
CDE99_M_N_PROBE_LOGIC_POST_GURN_FLOW,TAC_GMS_ACCT_EXT_NWB
CDE99_M_N_PROBE_LOGIC_POST_GURN_FLOW,TAC_DEBIT_CARD_NWB
CDE99_M_N_PROBE_LOGIC_POST_GURN_FLOW,TAC_TBBUNPA_EVENT_ACM_NWB
CDE99_M_N_PROBE_LOGIC_POST_GURN_FLOW,TAC_AUTO_TFER_OFFSET_NWB
CDE99_M_N_PROBE_LOGIC_POST_GURN_FLOW,VTBACTY_NWB
CDE99_M_N_PROBE_LOGIC_POST_GURN_FLOW,TAC_MM_GMS_ACCUM_PROBE_DAT_NWB
CDE99_M_N_PROBE_LOGIC_POST_GURN_FLOW,TAC_AUTO_TFER_MONEY_MGR_NWB
CDE99_M_J_PROBE_LOGIC_PRE_GURN_FLOW,TAC_AUTO_TFER_MM_UBN
CDE99_M_J_PROBE_LOGIC_PRE_GURN_FLOW,NSCAR_PV2ACC_UBN
CDE99_M_J_PROBE_LOGIC_PRE_GURN_FLOW,VBRMAS_UBN
CDE99_M_J_PROBE_LOGIC_PRE_GURN_FLOW,TAC_CAR_SCV_GRP
CDE99_M_J_PROBE_LOGIC_PRE_GURN_FLOW,NCOLL_SORTED_UBN
CDE99_M_J_PROBE_LOGIC_PRE_GURN_FLOW,NRCP_FORMAT_APLDFEES_UBN
CDE99_M_J_PROBE_LOGIC_PRE_GURN_FLOW,TAC_CAUSTIC_TRANS_EXTRACT_UBN
CDE99_M_J_PROBE_LOGIC_PRE_GURN_FLOW,TAC_CAUSTIC_TRN_MLN_UBN
CDE99_M_J_PROBE_LOGIC_PRE_GURN_FLOW,TAC_TDBACEL_AC_ELEMENT_UBN
CDE99_M_J_PROBE_LOGIC_PRE_GURN_FLOW,TAC_CAMAST_CUSTACCT_UBN
CDE99_M_J_PROBE_LOGIC_PRE_GURN_FLOW,TAC_CLOSED_ACCOUNT_UBN
CDE99_M_J_PROBE_LOGIC_PRE_GURN_FLOW,TAC_HIREP_MST_LNDATA_UBN
CDE99_M_J_PROBE_LOGIC_PRE_GURN_FLOW,TAC_GMS_ACCT_EXT_UBN
CDE99_M_J_PROBE_LOGIC_PRE_GURN_FLOW,TAC_DEBIT_CARD_UBN
CDE99_M_J_PROBE_LOGIC_PRE_GURN_FLOW,TAC_TBBUNPA_EVENT_ACM_UBN
CDE99_M_J_PROBE_LOGIC_PRE_GURN_FLOW,TAC_AUTO_TFER_OFFSET_UBN
CDE99_M_J_PROBE_LOGIC_PRE_GURN_FLOW,VTBACTY_UBN
CDE99_M_J_PROBE_LOGIC_PRE_GURN_FLOW,TAC_MM_GMS_ACCUM_PROBE_DAT_UBN
CDE99_M_J_PROBE_LOGIC_PRE_GURN_FLOW,TAC_AUTO_TFER_MONEY_MGR_UBN
CDE99_M_J_PROBE_LOGIC_POST_GURN_FLOW,TAC_AUTO_TFER_MM_UBN
CDE99_M_J_PROBE_LOGIC_POST_GURN_FLOW,NSCAR_PV2ACC_UBN
CDE99_M_J_PROBE_LOGIC_POST_GURN_FLOW,VBRMAS_UBN
CDE99_M_J_PROBE_LOGIC_POST_GURN_FLOW,TAC_CAR_SCV_GRP
CDE99_M_J_PROBE_LOGIC_POST_GURN_FLOW,NCOLL_SORTED_UBN
CDE99_M_J_PROBE_LOGIC_POST_GURN_FLOW,NRCP_FORMAT_APLDFEES_UBN
CDE99_M_J_PROBE_LOGIC_POST_GURN_FLOW,TAC_CAUSTIC_TRANS_EXTRACT_UBN
CDE99_M_J_PROBE_LOGIC_POST_GURN_FLOW,TAC_CAUSTIC_TRN_MLN_UBN
CDE99_M_J_PROBE_LOGIC_POST_GURN_FLOW,TAC_TDBACEL_AC_ELEMENT_UBN
CDE99_M_J_PROBE_LOGIC_POST_GURN_FLOW,TAC_CAMAST_CUSTACCT_UBN
CDE99_M_J_PROBE_LOGIC_POST_GURN_FLOW,TAC_CLOSED_ACCOUNT_UBN
CDE99_M_J_PROBE_LOGIC_POST_GURN_FLOW,TAC_HIREP_MST_LNDATA_UBN
CDE99_M_J_PROBE_LOGIC_POST_GURN_FLOW,TAC_GMS_ACCT_EXT_UBN
CDE99_M_J_PROBE_LOGIC_POST_GURN_FLOW,TAC_DEBIT_CARD_UBN
CDE99_M_J_PROBE_LOGIC_POST_GURN_FLOW,TAC_TBBUNPA_EVENT_ACM_UBN
CDE99_M_J_PROBE_LOGIC_POST_GURN_FLOW,TAC_AUTO_TFER_OFFSET_UBN
CDE99_M_J_PROBE_LOGIC_POST_GURN_FLOW,VTBACTY_UBN
CDE99_M_J_PROBE_LOGIC_POST_GURN_FLOW,TAC_MM_GMS_ACCUM_PROBE_DAT_UBN
CDE99_M_J_PROBE_LOGIC_POST_GURN_FLOW,TAC_AUTO_TFER_MONEY_MGR_UBN
CDE99_M_K_PROBE_LOGIC_PRE_GURN_FLOW,TAC_GMS_ACCUM_PROBE_DAT_UBLGCY
CDE99_M_K_PROBE_LOGIC_PRE_GURN_FLOW,TAC_AUTO_TFER_MM_UBR
CDE99_M_K_PROBE_LOGIC_PRE_GURN_FLOW,ACCOUNT_STATIC_UBS
CDE99_M_K_PROBE_LOGIC_PRE_GURN_FLOW,NSCAR_PV2ACC_UBS
CDE99_M_K_PROBE_LOGIC_PRE_GURN_FLOW,VBRMAS_UBS
CDE99_M_K_PROBE_LOGIC_PRE_GURN_FLOW,TAC_CAR_SCV_GRP
CDE99_M_K_PROBE_LOGIC_PRE_GURN_FLOW,NCOLL_SORTED_UBS
CDE99_M_K_PROBE_LOGIC_PRE_GURN_FLOW,NRCP_FORMAT_APLDFEES_UBS
CDE99_M_K_PROBE_LOGIC_PRE_GURN_FLOW,TAC_CAUSTIC_TRANS_EXTRACT_UBR
CDE99_M_K_PROBE_LOGIC_PRE_GURN_FLOW,TAC_CAUSTIC_TRN_MLN_UBR
CDE99_M_K_PROBE_LOGIC_PRE_GURN_FLOW,TAC_CMS_ACCT_EXT_UBR
CDE99_M_K_PROBE_LOGIC_PRE_GURN_FLOW,TAC_TDBACEL_AC_ELEMENT_UBR
CDE99_M_K_PROBE_LOGIC_PRE_GURN_FLOW,TAC_CAMAST_CUSTACCT_UBR
CDE99_M_K_PROBE_LOGIC_PRE_GURN_FLOW,TAC_CLOSED_ACCOUNT_UBR
CDE99_M_K_PROBE_LOGIC_PRE_GURN_FLOW,TAC_HIREP_MST_LNDATA_UBR
CDE99_M_K_PROBE_LOGIC_PRE_GURN_FLOW,TAC_GMS_ACCT_EXT_UBR
CDE99_M_K_PROBE_LOGIC_PRE_GURN_FLOW,TAC_DEBIT_CARD_UBR
CDE99_M_K_PROBE_LOGIC_PRE_GURN_FLOW,TAC_TBBUNPA_EVENT_ACM_UBR
CDE99_M_K_PROBE_LOGIC_PRE_GURN_FLOW,TAC_AUTO_TFER_OFFSET_UBR
CDE99_M_K_PROBE_LOGIC_PRE_GURN_FLOW,VTBACTY_UBS
CDE99_M_K_PROBE_LOGIC_PRE_GURN_FLOW,TAC_MM_GMS_ACCUM_PROBE_DAT_UBR
CDE99_M_K_PROBE_LOGIC_PRE_GURN_FLOW,TAC_AUTO_TFER_MONEY_MGR_UBR
CDE99_M_K_PROBE_LOGIC_POST_GURN_FLOW,TAC_GMS_ACCUM_PROBE_DAT_UBLGCY
CDE99_M_K_PROBE_LOGIC_POST_GURN_FLOW,TAC_AUTO_TFER_MM_UBR
CDE99_M_K_PROBE_LOGIC_POST_GURN_FLOW,ACCOUNT_STATIC_UBS
CDE99_M_K_PROBE_LOGIC_POST_GURN_FLOW,NSCAR_PV2ACC_UBS
CDE99_M_K_PROBE_LOGIC_POST_GURN_FLOW,VBRMAS_UBS
CDE99_M_K_PROBE_LOGIC_POST_GURN_FLOW,TAC_CAR_SCV_GRP
CDE99_M_K_PROBE_LOGIC_POST_GURN_FLOW,NCOLL_SORTED_UBS
CDE99_M_K_PROBE_LOGIC_POST_GURN_FLOW,NRCP_FORMAT_APLDFEES_UBS
CDE99_M_K_PROBE_LOGIC_POST_GURN_FLOW,TAC_CAUSTIC_TRANS_EXTRACT_UBR
CDE99_M_K_PROBE_LOGIC_POST_GURN_FLOW,TAC_CAUSTIC_TRN_MLN_UBR
CDE99_M_K_PROBE_LOGIC_POST_GURN_FLOW,TAC_CMS_ACCT_EXT_UBR
CDE99_M_K_PROBE_LOGIC_POST_GURN_FLOW,TAC_TDBACEL_AC_ELEMENT_UBR
CDE99_M_K_PROBE_LOGIC_POST_GURN_FLOW,TAC_CAMAST_CUSTACCT_UBR
CDE99_M_K_PROBE_LOGIC_POST_GURN_FLOW,TAC_CLOSED_ACCOUNT_UBR
CDE99_M_K_PROBE_LOGIC_POST_GURN_FLOW,TAC_HIREP_MST_LNDATA_UBR
CDE99_M_K_PROBE_LOGIC_POST_GURN_FLOW,TAC_GMS_ACCT_EXT_UBR
CDE99_M_K_PROBE_LOGIC_POST_GURN_FLOW,TAC_DEBIT_CARD_UBR
CDE99_M_K_PROBE_LOGIC_POST_GURN_FLOW,TAC_TBBUNPA_EVENT_ACM_UBR
CDE99_M_K_PROBE_LOGIC_POST_GURN_FLOW,TAC_AUTO_TFER_OFFSET_UBR
CDE99_M_K_PROBE_LOGIC_POST_GURN_FLOW,VTBACTY_UBS
CDE99_M_K_PROBE_LOGIC_POST_GURN_FLOW,TAC_MM_GMS_ACCUM_PROBE_DAT_UBR
CDE99_M_K_PROBE_LOGIC_POST_GURN_FLOW,TAC_AUTO_TFER_MONEY_MGR_UBR
CDE99_M_G_GURN_MASTER_FLOW,TAC_CAR_SCV_GRP
CDE99_M_G_GURN_MASTER_FLOW,TAC_CARDS_BALS_TSYS_GRP
CDE99_M_R_BUS_LOGIC_FLOW,NPROBESM_PRB_RESULT_RBS
CDE99_M_R_BUS_LOGIC_FLOW,TAC_DEBIT_CARD_RBS
CDE99_M_R_BUS_LOGIC_FLOW,CUST_CUST_REL_RBS
CDE99_M_N_BUS_LOGIC_FLOW,NPROBESM_PRB_RESULT_NWB
CDE99_M_N_BUS_LOGIC_FLOW,TAC_DEBIT_CARD_NWB
CDE99_M_N_BUS_LOGIC_FLOW,CUST_CUST_REL_NWB
CDE99_M_J_BUS_LOGIC_FLOW,NPROBESM_PRB_RESULT_UBN
CDE99_M_J_BUS_LOGIC_FLOW,TAC_DEBIT_CARD_UBN
CDE99_M_J_BUS_LOGIC_FLOW,CUST_CUST_REL_UBN
CDE99_M_K_BUS_LOGIC_FLOW,NPROBESM_PRB_RESULT_UBS
CDE99_M_K_BUS_LOGIC_FLOW,TAC_DEBIT_CARD_UBR
CDE99_M_K_BUS_LOGIC_FLOW,CUST_CUST_REL_UBS
CDE99_M_R_PAL_P1_LOGIC_FLOW,TAC_DEBIT_CARD_RBS
CDE99_M_N_PAL_P1_LOGIC_FLOW,TAC_DEBIT_CARD_NWB
CDE99_M_J_PAL_P1_LOGIC_FLOW,TAC_DEBIT_CARD_UBN
CDE99_M_K_PAL_P1_LOGIC_FLOW,TAC_CAUSTIC_TRANS_EXTRACT_UBR
CDE99_M_K_PAL_P1_LOGIC_FLOW,TAC_CAMAST_CUSTACCT_UBR
CDE99_M_K_PAL_P1_LOGIC_FLOW,TAC_DEBIT_CARD_UBR
CDE99_M_K_PAL_P1_LOGIC_FLOW,VBRMAS_UBS
CDE99_M_K_PAL_P1_LOGIC_FLOW,VTBACTY_UBS
CDE99_M_K_PAL_P1_LOGIC_FLOW,TAC_COLL_ITEMDATA_UBR
CDE99_M_K_PAL_P1_LOGIC_FLOW,TAC_TBBUNPA_EVENT_ACM_UBR
CDE99_M_K_PAL_P1_LOGIC_FLOW,TAC_CMS_ACCT_EXT_UBR
CDE04_D_G_ECF_OUT_MAP_FLOW,TAC_CARDS_BALS_TSYS_GRP
CDE04_D_G_ECF_OUT_MAP_FLOW,TAC_CAR_SCV_GRP
CDE06_D_N_OFFSHORE_MDR_FLOW,TAC_DEBIT_CARD_NWB
CDE06_M_R_PAL_P1_Day1_EXTRACT,TDECTCR_CTC_RSKBND_RBS
CDE06_M_N_PAL_P1_Day1_EXTRACT,TDECTCR_CTC_RSKBND_NWB
CDE06_M_J_PAL_P1_Day1_EXTRACT,TDECTCR_CTC_RSKBND_UBN
CDE06_M_K_PAL_P1_Day1_EXTRACT,TDECTCR_CTC_RSKBND_UBS
CDE06_M_K_PAL_P1_Day1_EXTRACT,ACCOUNT_STATIC_UBS
CDE99_M_X_SHADOW_LIMIT_FLOW,TDECRLM_CREDIT_LIM_NWB
CDE99_M_X_SHADOW_LIMIT_FLOW,TDECRLM_CREDIT_LIM_RBS
CDE99_M_X_SHADOW_LIMIT_FLOW,TDECRLM_CREDIT_LIM_UBN
CDE99_M_X_SHADOW_LIMIT_FLOW,TDECRLM_CREDIT_LIM_UBS
CDE09_M_G_MCOB_FLOW,VACMAS_RBS
CDE09_M_G_MCOB_FLOW,VACMAS_NWB
CDE99_M_R_PAL_P1_LOGIC_FLOW_FBD,TAC_DEBIT_CARD_RBS
CDE99_M_N_PAL_P1_LOGIC_FLOW_FBD,TAC_DEBIT_CARD_NWB
CDE99_M_J_PAL_P1_LOGIC_FLOW_FBD,TAC_DEBIT_CARD_UBN
CDE99_M_R_BUS_LOGIC_FLOW_FBD,NPROBESM_PRB_RESULT_RBS
CDE99_M_R_BUS_LOGIC_FLOW_FBD,TAC_DEBIT_CARD_RBS
CDE99_M_R_BUS_LOGIC_FLOW_FBD,CUST_CUST_REL_RBS
CDE99_M_N_BUS_LOGIC_FLOW_FBD,NPROBESM_PRB_RESULT_NWB
CDE99_M_N_BUS_LOGIC_FLOW_FBD,TAC_DEBIT_CARD_NWB
CDE99_M_N_BUS_LOGIC_FLOW_FBD,CUST_CUST_REL_NWB
CDE99_M_J_BUS_LOGIC_FLOW_FBD,NPROBESM_PRB_RESULT_UBN
CDE99_M_J_BUS_LOGIC_FLOW_FBD,TAC_DEBIT_CARD_UBN
CDE99_M_J_BUS_LOGIC_FLOW_FBD,CUST_CUST_REL_UBN
CDE99_M_K_BUS_LOGIC_FLOW_FBD,NPROBESM_PRB_RESULT_UBS
CDE99_M_K_BUS_LOGIC_FLOW_FBD,TAC_DEBIT_CARD_UBR
CDE99_M_K_BUS_LOGIC_FLOW_FBD,CUST_CUST_REL_UBS
CDE99_M_R_PROBE_LOGIC_RISK_MART_NPROBESM_SUBFLOW,NPROBESM_FEEDBACK_RBS
CDE99_M_R_PROBE_LOGIC_RISK_MART_NPROBESM_SUBFLOW,NPROBESM_RESULT_RBS
CDE99_M_K_PROBE_LOGIC_RISK_MART_NPROBESM_SUBFLOW,NPROBESM_FEEDBACK_UBS
CDE99_M_K_PROBE_LOGIC_RISK_MART_NPROBESM_SUBFLOW,NPROBESM_RESULT_UBS
CDE99_M_N_PROBE_LOGIC_RISK_MART_NPROBESM_SUBFLOW,NPROBESM_FEEDBACK_NWB
CDE99_M_N_PROBE_LOGIC_RISK_MART_NPROBESM_SUBFLOW,NPROBESM_RESULT_NWB
CDE99_M_J_PROBE_LOGIC_RISK_MART_NPROBESM_SUBFLOW,NPROBESM_FEEDBACK_UBN
CDE99_M_J_PROBE_LOGIC_RISK_MART_NPROBESM_SUBFLOW,NPROBESM_RESULT_UBN
CDE99_D_X_ACCUM_DATA_CHECK_FLOW,NACCUM_RBS
CDE99_D_X_ACCUM_DATA_CHECK_FLOW,NACCUM_NWB
CDE99_D_X_ACCUM_DATA_CHECK_FLOW,NACCUM_UBN
CDE99_D_X_ACCUM_DATA_CHECK_FLOW,NACCUM_UBS