Flow_name,Key_name
CDE99_M_G_GURN_MASTER_FLOW,whd01_edw_cpb_sec01.party_agreement_p
CDE99_M_G_GURN_MASTER_FLOW,whd01_edw_cpb_sec01.party_id_xref_p
CDE99_M_G_GURN_MASTER_FLOW,whd01_edw_cpb_sec01.agreement_product_p
CDE99_M_G_GURN_MASTER_FLOW,whd01_edw_cpb_sec01.product_hst_p
CDE99_M_G_GURN_MASTER_FLOW,whd01_edw_cpb_sec01.credit_card_agreement_p
CDE99_D_G_GURN_MASTER_FLOW,whd01_edw_cpb_sec01.party_agreement_p
CDE99_D_G_GURN_MASTER_FLOW,whd01_edw_cpb_sec01.party_id_xref_p
CDE99_D_G_GURN_MASTER_FLOW,whd01_edw_cpb_sec01.agreement_product_p
CDE99_D_G_GURN_MASTER_FLOW,whd01_edw_cpb_sec01.product_hst_p
CDE99_D_G_GURN_MASTER_FLOW,whd01_edw_cpb_sec01.credit_card_agreement_p
CDE99_D_R_PAL_LOGIC_FLOW,rvn_rpt_owner.rvn_decision_details
CDE99_D_N_PAL_LOGIC_FLOW,rvn_rpt_owner.rvn_decision_details