{
   "aws_secret":{
      "secret_name": "cde-airflow-gce-service-credentials",
      "region_name": "eu-west-1"
    },
   "label_metadata":{
      "contentAreaId": "ssmdlteam",
      "label_cms": "ssmdlteam-deployment-label-cms"
    },
   "url_dev":{
      "deploy_url":"https://5cgbsv5k29.execute-api.eu-west-1.amazonaws.com/stable/galileo/gce/v2/deployment",
      "execute_url":"https://5cgbsv5k29.execute-api.eu-west-1.amazonaws.com/stable/galileo/gce/v2/execution/async/execute",
      "job_url": "https://5cgbsv5k29.execute-api.eu-west-1.amazonaws.com/stable/galileo/gce/v2/execution/async/job"
    },
   
   "url_uat":{
      "deploy_url":"https://zwwsoz4ws2.execute-api.eu-west-1.amazonaws.com/pse/galileo/gce/v2/deployment",
      "execute_url":"https://zwwsoz4ws2.execute-api.eu-west-1.amazonaws.com/pse/galileo/gce/v2/execution/async/execute",
      "job_url": "https://zwwsoz4ws2.execute-api.eu-west-1.amazonaws.com/pse/galileo/gce/v2/execution/async/job"
    },
   
   "url_prod":{
      "deploy_url":"https://278iwlonyb.execute-api.eu-west-1.amazonaws.com/prod/galileo/gce/v2/deployment",
      "execute_url": "https://278iwlonyb.execute-api.eu-west-1.amazonaws.com/prod/galileo/gce/v2/execution/async/execute",
      "job_url": "https://278iwlonyb.execute-api.eu-west-1.amazonaws.com/prod/galileo/gce/v2/execution/async/job"
    },
   
   
   "execute_model":{
      "execution_metadata":{
         "inputFileS3Location":"s3://bucket-eu-west-1-787511913082-landing-zone/data-in/cde/gce/sda/cms/CDE01_CMS_SCORE_INPUT_GRP.csv",
         "outputFileS3Location":"s3://bucket-eu-west-1-787511913082-landing-zone/data-out/cde/gce/sda/cms",
         "maxConcurrentTransforms":"12",
         "maxPayloadSizeInMB":"8",
         "batchStrategy":"MultiRecord",
         "outputKmsKeyId": "arn:aws:kms:eu-west-1:787511913082:key/7aba5247-07dc-4fb5-9b0a-3d29c1ecd58b"
        }
    }
}