{
   "dummy":{
      "dummy_child":"dummy_preprod_final"
    },
   "aws_secret":{
      "secret_name": "cde-airflow-gce-service-credentials",
      "region_name": "eu-west-1"
    },
   "label_metadata":{
      "contentAreaId": "ssmdlteam",
      "label_xgb": "ssmdlteam-deployment-label-xgb",
      "label_xform": "ssmdlteam-deployment-label-xform" 
    },
   "url_dev":{
      "deploy_url":"https://6niritx6p5.execute-api.eu-west-1.amazonaws.com/stable/galileo/gce/v2/deployment",
      "execute_url":"https://6niritx6p5.execute-api.eu-west-1.amazonaws.com/stable/galileo/gce/v2/execution/async/execute",
      "job_url": "https://6niritx6p5.execute-api.eu-west-1.amazonaws.com/stable/galileo/gce/v2/execution/async/job"
    },
   
   "url_uat":{
      "deploy_url":"https://zwwsoz4ws2.execute-api.eu-west-1.amazonaws.com/pse/galileo/gce/v2/deployment",
      "execute_url":"https://zwwsoz4ws2.execute-api.eu-west-1.amazonaws.com/pse/galileo/gce/v2/execution/async/execute",
      "job_url": "https://zwwsoz4ws2.execute-api.eu-west-1.amazonaws.com/pse/galileo/gce/v2/execution/async/job"
    },
   
   "url_prod":{
      "deploy_url":"https://278iwlonyb.execute-api.eu-west-1.amazonaws.com/prod/galileo/gce/v2/deployment",
      "execute_url": "https://278iwlonyb.execute-api.eu-west-1.amazonaws.com/prod/galileo/gce/v2/execution/async/execute",
      "job_url": "https://278iwlonyb.execute-api.eu-west-1.amazonaws.com/prod/galileo/gce/v2/execution/async/job"
    },
   
   
   "execute_model":{
      "execution_metadata":{
         "inputFileS3Location":"s3://bucket-eu-west-1-978523670193-landing-zone/data-in/cde/gce/nwb/CDE03_M_FPF_INPUT_NWB.csv",
         "outputFileS3Location":"s3://bucket-eu-west-1-978523670193-landing-zone/data-out/cde/gce/FPF_XGB",
         "dataProcessing":{"inputFilter":"$[1:]","joinInputs":"true", "outputFilter":"$[0,-1]"},
         "maxConcurrentTransforms":"16",
         "maxPayloadSizeInMB":"6",
         "batchStrategy":"MultiRecord",
         "outputKmsKeyId": "arn:aws:kms:eu-west-1:978523670193:key/97c5defb-8555-49b2-a636-98e5bd755692"
        }
    },
   
   "execute_model2":{
      "execution_metadata":{
         "inputFileS3Location":"s3://bucket-eu-west-1-978523670193-landing-zone/data-out/cde/gce/FPF_XGB/CDE03_M_FPF_INPUT_NWB.csv.out",
         "outputFileS3Location":"s3://bucket-eu-west-1-978523670193-landing-zone/data-out/cde/gce/FPF_XFORM",
         "maxConcurrentTransforms":"12",
         "maxPayloadSizeInMB":"8",
         "batchStrategy":"MultiRecord",
         "outputKmsKeyId": "arn:aws:kms:eu-west-1:978523670193:key/97c5defb-8555-49b2-a636-98e5bd755692"
      }
   }
}