CDE06_M_G_PRB_EXTRACTS,G,LBD1,NA,10 10 * * 1-6,G
CDE99_D_G_BATCH_CTRL_UPDATE_FLOW,G,DBH,NA,30 22 * * 1-7,G
CDE99_D_J_BATCH_CTRL_UPDATE_FLOW,J,DBH,NA,30 22 * * 1-7,G
CDE99_D_N_BATCH_CTRL_UPDATE_FLOW,N,DBH,NA,30 22 * * 1-7,G
CDE99_D_R_BATCH_CTRL_UPDATE_FLOW,R,DBH,NA,30 22 * * 1-7,G
CDE99_D_K_BATCH_CTRL_UPDATE_FLOW,K,DBH,NA,30 22 * * 1-7,G
CDE99_M_J_PRB_BATCH_DT_FLOW,J,LBD,NA,30 23 * * 1-6,G
CDE99_M_N_PRB_BATCH_DT_FLOW,N,LBD,NA,30 23 * * 1-6,G
CDE99_M_R_PRB_BATCH_DT_FLOW,R,LBD,NA,30 23 * * 1-6,G
CDE99_M_K_PRB_BATCH_DT_FLOW,K,LBD,NA,30 23 * * 1-6,G
CDE99_D_J_PROBE_ACCUM_FLOW,J,MF,NA,15 23 * * 1-5,G
CDE99_D_N_PROBE_ACCUM_FLOW,N,MF,NA,15 23 * * 1-5,G
CDE99_D_R_PROBE_ACCUM_FLOW,R,MF,NA,15 23 * * 1-5,G
CDE99_D_K_PROBE_ACCUM_FLOW,K,MF,NA,15 23 * * 1-5,G
CDE06_D_G_PAL_P1_Day0_Extract,G,TSG,NA,45 00 * * 2-6,G
CDE06_D_J_PAL_P1_Day0_Extract,J,TS,NA,30 02 * * 2-6,G
CDE06_D_N_PAL_P1_Day0_Extract,N,TS,NA,45 02 * * 2-6,G
CDE06_D_R_PAL_P1_Day0_Extract,R,TS,NA,30 02 * * 2-6,G
CDE06_D_K_PAL_P1_Day0_Extract,K,TS,NA,30 02 * * 2-6,G
CDE99_D_G_GURN_MASTER_FLOW,G,TSG,NA,00 02 * * 2-6,G
CDE06_M_G_PAL_P1_Day1_EXTRACT,G,LBD,NA,30 01 * * 1-6,G
CDE99_M_J_PROBE_LOGIC_PRE_GURN_FLOW,J,LBD,NA,00 03 * * 1-6,G
CDE99_M_R_PROBE_LOGIC_PRE_GURN_FLOW,R,LBD,NA,00 03 * * 1-6,G
CDE99_M_N_PROBE_LOGIC_PRE_GURN_FLOW,N,LBD,NA,00 03 * * 1-6,G
CDE99_M_K_PROBE_LOGIC_PRE_GURN_FLOW,K,LBD,NA,00 03 * * 1-6,G
CDE99_M_G_GURN_MASTER_FLOW,G,LBD,NA,00 6 * * 2-6,G
CDE99_M_J_PROBE_LOGIC_POST_GURN_FLOW,J,LBD,NA,45 6 * * 1-6,G
CDE99_M_R_PROBE_LOGIC_POST_GURN_FLOW,R,LBD,NA,45 6 * * 1-6,G
CDE99_M_N_PROBE_LOGIC_POST_GURN_FLOW,N,LBD,NA,45 6 * * 1-6,G
CDE99_M_K_PROBE_LOGIC_POST_GURN_FLOW,K,LBD,NA,45 6 * * 1-6,G
CDE99_M_J_PROBE_LOGIC_RISK_MART_FLOW,J,LBD,NA,30 07 * * 1-6,G
CDE99_M_R_PROBE_LOGIC_RISK_MART_FLOW,R,LBD,NA,45 07 * * 1-6,G
CDE99_M_N_PROBE_LOGIC_RISK_MART_FLOW,N,LBD,NA,00 07 * * 1-6,G
CDE99_M_K_PROBE_LOGIC_RISK_MART_FLOW,K,LBD,NA,30 07 * * 1-6,G
CDE99_M_PROBE_CORE_CREDIT_DOTDAT,R,LBD,NA,30 08 * * 1-6,G
CDE99_D_J_PROBE_LOGIC_FLOW,J,TSH,NA,01 00 * * 2-6,G
CDE99_D_N_PROBE_LOGIC_FLOW,N,TSH,NA,01 00 * * 2-6,G
CDE99_D_R_PROBE_LOGIC_FLOW,R,TSH,NA,01 00 * * 2-6,G
CDE99_D_K_PROBE_LOGIC_FLOW,K,TSH,NA,01 00 * * 2-6,G
CDE99_D_X_SHADOW_LIMIT_FLOW,G,TSG_C,NA,15 02 * * 2-6,G
CDE99_D_J_PAL_LOGIC_FLOW,J,TSH,NA,30 02 * * 2-6,G
CDE99_D_N_PAL_LOGIC_FLOW,N,TSH,NA,30 02 * * 2-6,G
CDE99_D_R_PAL_LOGIC_FLOW,R,TSH,NA,30 02 * * 2-6,G
CDE99_D_K_PAL_LOGIC_FLOW,K,TSH,NA,30 02 * * 2-6,G
CDE08_D_R_CUSTDB_FLOW,R,DA,NA,00 02 * * 1-7,G
CDE08_D_N_CUSTDB_FLOW,N,DA,NA,00 02 * * 1-7,G
CDE08_D_J_CUSTDB_FLOW,J,DA,NA,00 02 * * 1-7,G
CDE08_D_K_CUSTDB_FLOW,K,DA,NA,00 02 * * 1-7,G
CDE06_D_N_OFFSHORE_MDR_FLOW,N,DA,NA,00 5 * * 1-7,G
CDE99_D_R_RCM_MAP_FLOW,R,MFN,NA,00 16 * * 1-5,G
CDE99_D_N_RCM_MAP_FLOW,N,MFN,NA,00 16 * * 1-5,G
CDE99_D_J_RCM_MAP_FLOW,J,MFN,NA,00 16 * * 1-5,G
CDE99_D_K_RCM_MAP_FLOW,K,MFN,NA,00 16 * * 1-5,G
CDE04_D_G_ECF_OUT_MAP_FLOW,G,TSG_C,NA,30 04 * * 2-6,G
CDE99_M_J_BUS_LOGIC_FLOW,J,FLBD,NA,00 09 * * 1-6,G
CDE99_M_N_BUS_LOGIC_FLOW,N,FLBD,NA,00 09 * * 1-6,G
CDE99_M_R_BUS_LOGIC_FLOW,R,FLBD,NA,00 09 * * 1-6,G
CDE99_M_K_BUS_LOGIC_FLOW,K,FLBD,NA,00 09 * * 1-6,G
CDE99_M_J_PAL_P1_LOGIC_FLOW,J,FLBD,NA,00 10 * * 1-6,G
CDE99_M_N_PAL_P1_LOGIC_FLOW,N,FLBD,NA,30 11 * * 1-6,G
CDE99_M_R_PAL_P1_LOGIC_FLOW,R,FLBD,NA,30 10 * * 1-6,G
CDE99_M_K_PAL_P1_LOGIC_FLOW,K,BD,1,01 00 * * 1-6,G
CDE06_M_R_PAL_P1_Day1_Extract,R,BD,1,30 03 * * 1-6,G
CDE06_M_J_PAL_P1_Day1_Extract,J,BD,1,30 03 * * 1-6,G
CDE06_M_N_PAL_P1_Day1_Extract,N,BD,1,30 03 * * 1-6,G
CDE06_M_K_PAL_P1_Day1_Extract,K,BD,1,30 03 * * 1-6,G
CDE99_M_PAL_CORE_CREDIT_DOTDAT,R,BD,1,30 00 * * 1-6,G
CDE09_M_G_MCOB_FLOW,G,BDN,2,30 03 * * 1-6,G
CDE09_M_G_PCI_FLOW,G,BDN,4,30 08 * * 1-6,G
CDE09_M_R_INT_ONLY_MTG_FLOW,R,BDN,4,00 09 * * 1-6,G
CDE09_M_N_INT_ONLY_MTG_FLOW,N,BDN,4,00 09 * * 1-6,G
CDE09_M_J_INT_ONLY_MTG_FLOW,J,BDN,4,00 09 * * 1-6,G
CDE99_M_X_MIDMONTH_LOGIC_FLOW,G,CD,18,00 05 18 * *,G
CDE99_D_G_DAILY_OUTPUT_MAPPERS_FLOW,G,TS,NA,30 03 * * 2-6,G
CDE99_M_G_MONTHLY_OUTPUT_MAPPERS_FLOW,G,BD,1,30 03 * * 1-6,G
CDE99_M_J_BUS_LOGIC_FLOW_FBD,J,FLBD_HW,NA,30 03 * * 1-6,G
CDE99_M_N_BUS_LOGIC_FLOW_FBD,N,FLBD_HW,NA,30 03 * * 1-6,G
CDE99_M_R_BUS_LOGIC_FLOW_FBD,R,FLBD_HW,NA,30 03 * * 1-6,G
CDE99_M_K_BUS_LOGIC_FLOW_FBD,K,FLBD_HW,NA,30 03 * * 1-6,G
CDE99_M_J_PAL_P1_LOGIC_FLOW_FBD,J,FLBD_HW,NA,30 04 * * 1-6,G
CDE99_M_N_PAL_P1_LOGIC_FLOW_FBD,N,FLBD_HW,NA,30 05 * * 1-6,G
CDE99_M_R_PAL_P1_LOGIC_FLOW_FBD,R,FLBD_HW,NA,00 05 * * 1-6,G
CDE09_M_G_PVB_SCORE_CARD_FLOW,G,CD,20,01 05 21 * *,G
CDE99_M_J_PAL_TRIGGER,J,BD,1,00 06 * * 1-6,G
CDE99_M_R_PAL_TRIGGER,R,BD,1,00 06 * * 1-6,G
CDE99_M_N_PAL_TRIGGER,N,BD,1,00 06 * * 1-6,G
CDE99_M_K_PAL_TRIGGER,K,BD,1,00 06 * * 1-6,G
CDE99_M_X_SHADOW_LIMIT_FLOW,G,BDN,2,30 03 * * 1-6,G
CDE06_M_N_PRB_ACTIVE_REFRESH_FLOW,N,BDN,6,30 05 * * 1-6,G
CDE06_M_J_PRB_ACTIVE_REFRESH_FLOW,J,BDN,6,30 05 * * 1-6,G
CDE06_M_R_PRB_ACTIVE_REFRESH_FLOW,R,BDN,6,30 05 * * 1-6,G
CDE06_M_K_PRB_ACTIVE_REFRESH_FLOW,K,BDN,6,30 05 * * 1-6,G
CDE09_M_N_BB_ATR_FLOW,N,BDN,6,30 06 * * 1-6,G
CDE99_X_X_BATCH_MAINTAIN,G,BD,8,00 06 * * 1-6,G
CDE09_M_K_ELI_FLOW,K,BD,1,01 05 21 * *,G
CDE99_M_G_PVB_BUS_MASTER_FLOW,G,CD,20,30 05 20 * *,G
CDE99_D_X_ACCUM_DATA_CHECK_FLOW,G,MF,NA,30 06 * * 2-6,G
CDE04_SS_SCORECARD_CLASSIFICATION_J_FLOW,J,LBD,NA,None,G
CDE04_SS_SCORECARD_CLASSIFICATION_N_FLOW,N,LBD,NA,None,G
CDE04_SS_SCORECARD_CLASSIFICATION_R_FLOW,R,LBD,NA,None,G
CDE04_X_PROCESS_ERRORLOG_FLOW,G,TSH,NA,00 10 * * 1-7,G
CDE99_M_X_PROBE_ACTIVE_CHECK_FLOW,G,BDN,6,30 08 * * 1-6,G
CDE04_M_X_POWERCR_ERRORLOG_FLOW,G,BDN,3,30 08 * * 1-6,G
CDE04_SDA_CL22_J_FLOW,J,LBD,NA,None,G
CDE04_SDA_CL22_N_FLOW,N,LBD,NA,None,G
CDE04_SDA_CL22_R_FLOW,R,LBD,NA,None,G
CDE01_M_G_SDA_CMS_FLOW,G,LBD,NA,None,G