bop_cde_batch_grp.cde06_d_rdr_app_data,FULL,bop_cde_batch_grp/cde06_d_rdr_app_data,|,cde_bop_batch_grp,cde06_d_rdr_app_data,1G,D
bop_cde_batch_kubie.cde06_d_app_uplift,FULL,bop_cde_batch_kubie/cde06_d_app_uplift,|,cde_bop_batch_kubie,cde06_d_app_uplift,1G,D
bop_cde_batch_grp.cde06_d_sao_applications,FULL,bop_cde_batch_grp/cde06_d_sao_applications,|,cde_bop_batch_grp,cde06_d_sao_applications,1G,D
whd01_edw_cpb_sec01.ava_partyrelated_p,FULL,whd01_edw_cpb_sec01/ava_partyrelated_p,|,cde_process,ava_partyrelated_p,3G,D
whd01_edw_cpb_sec01.ava_partyidentification_p,FULL,whd01_edw_cpb_sec01/ava_partyidentification_p,|,cde_process,ava_partyidentification_p,3G,D
whd01_edw_cpb_sec01.ava_party_p,FULL,whd01_edw_cpb_sec01/ava_party_p,|,cde_process,ava_party_p,3G,M
whd01_edw_cpb_sec01.ava_partyagreement_p,FULL,whd01_edw_cpb_sec01/ava_partyagreement_p,|,cde_process,ava_partyagreement_p,18G,M
whd01_edw_cpb_sec01.ava_agreement_p,FULL,whd01_edw_cpb_sec01/ava_agreement_p,|,cde_process,ava_agreement_p,18G,M
whd01_edw_cpb_sec01.agreement_product_p,FULL,whd01_edw_cpb_sec01/agreement_product_p,|,cde_process,agreement_product_p,18G,D
whd01_edw_cpb_sec01.credit_card_agreement_p,FULL,whd01_edw_cpb_sec01/credit_card_agreement_p,|,cde_process,credit_card_agreement_p,18G,D
whd01_edw_cpb_sec01.party_agreement_p,FULL,whd01_edw_cpb_sec01/party_agreement_p,|,cde_process,party_agreement_p,18G,D
whd01_edw_cpb_sec01.party_id_xref_p,FULL,whd01_edw_cpb_sec01/party_id_xref_p,|,cde_process,party_id_xref_p,18G,D
whd01_edw_cpb_sec01.product_hst_p,FULL,whd01_edw_cpb_sec01/product_hst_p,|,cde_process,product_hst_p,18G,D
rvn_rpt_owner.rvn_decision_details,FULL,rvn_rpt_owner/rvn_decision_details,|,cde_process,rvn_decision_details,12G,D