file_table_name,file_prefix,file_db_name,ssv2_arrival_location,destination_location
ava_party_p,cde_con_,acs_edw_tier1_cpb_sec01,s3://{BUCKET}/data-in/cde/feeds/ssv2/,s3://{BUCKET}/data-in/cde/migration/teradata/pre-prod/SUCCESS/whd01_edw_cpb_sec01/ava_party_p/
ava_partyidentification_p,cde_con_,acs_edw_tier1_cpb_sec01,s3://{BUCKET}/data-in/cde/feeds/ssv2/,s3://{BUCKET}/data-in/cde/migration/teradata/pre-prod/SUCCESS/whd01_edw_cpb_sec01/ava_partyidentification_p/
ava_partyrelated_p,cde_con_,acs_edw_tier1_cpb_sec01,s3://{BUCKET}/data-in/cde/feeds/ssv2/,s3://{BUCKET}/data-in/cde/migration/teradata/pre-prod/SUCCESS/whd01_edw_cpb_sec01/ava_partyrelated_p/
ava_partyagreement_p,cde_con_,acs_edw_tier1_cpb_sec01,s3://{BUCKET}/data-in/cde/feeds/ssv2/,s3://{BUCKET}/data-in/cde/migration/teradata/pre-prod/SUCCESS/whd01_edw_cpb_sec01/ava_partyagreement_p/
ava_agreement_p,cde_con_,acs_edw_tier1_cpb_sec01,s3://{BUCKET}/data-in/cde/feeds/ssv2/,s3://{BUCKET}/data-in/cde/migration/teradata/pre-prod/SUCCESS/whd01_edw_cpb_sec01/ava_agreement_p/
agreement_product_p,cde_con_,acs_edw_tier1,s3://{BUCKET}/data-in/cde/feeds/ssv2/,s3://{BUCKET}/data-in/cde/migration/teradata/pre-prod/SUCCESS/whd01_edw_cpb_sec01/agreement_product_p/
credit_card_agreement_p,cde_con_,acs_edw_tier1,s3://{BUCKET}/data-in/cde/feeds/ssv2/,s3://{BUCKET}/data-in/cde/migration/teradata/pre-prod/SUCCESS/whd01_edw_cpb_sec01/credit_card_agreement_p/
party_agreement_p,cde_con_,acs_edw_tier1,s3://{BUCKET}/data-in/cde/feeds/ssv2/,s3://{BUCKET}/data-in/cde/migration/teradata/pre-prod/SUCCESS/whd01_edw_cpb_sec01/party_agreement_p/
party_id_xref_p,cde_con_,acs_edw_tier1,s3://{BUCKET}/data-in/cde/feeds/ssv2/,s3://{BUCKET}/data-in/cde/migration/teradata/pre-prod/SUCCESS/whd01_edw_cpb_sec01/party_id_xref_p/
product_hst_p,cde_con_,acs_edw_tier1,s3://{BUCKET}/data-in/cde/feeds/ssv2/,s3://{BUCKET}/data-in/cde/migration/teradata/pre-prod/SUCCESS/whd01_edw_cpb_sec01/product_hst_p/
rvn_decision_details,cde_con_,rvn_rpt_owner,s3://{BUCKET}/data-in/cde/feeds/ssv2/,s3://{BUCKET}/data-in/cde/migration/teradata/pre-prod/SUCCESS/rvn_rpt_owner/rvn_decision_details/